<?xml version="1.0" encoding="UTF-8"?>
<Observation xmlns="http://hl7.org/fhir">
   <id value="0d47aff1-2063-11ec-1751-020000000000"/>
   <meta>
      <profile value="http://fhir.nl/fhir/StructureDefinition/nl-core-observation"/>
      <profile value="http://nictiz.nl/fhir/StructureDefinition/bc-PregnancyObservation"/>
   </meta>
   <extension url="http://nictiz.nl/fhir/StructureDefinition/Observation-focusSTU3">
      <valueReference>
         <reference value="Condition/0d47afc5-2063-11ec-1751-020000000000"/>
         <display value="Zwangerschap 3 Vrouw1"/>
      </valueReference>
   </extension>
   <status value="final"/>
   <code>
      <coding>
         <system value="2.16.840.1.113883.6.96"/>
         <code value="364618000"/>
         <display value="bewegingspatroon van foetus (waarneembare entiteit)"/>
      </coding>
   </code>
   <subject>
      <reference value="Patient/HANNAHXXX-KOOIJ"/>
      <display value="Hanna H XXX_Kooij"/>
   </subject>
   <context>
      <reference value="Encounter/0d47afea-2063-11ec-1751-020000000000"/>
      <display value="prenatale controle T-6D Vrouw1"/>
   </context>
   <effectiveDateTime value="${DATE, T, D, -10}"/>
   <valueCodeableConcept>
      <coding>
         <system value="http://snomed.info/sct"/>
         <code value="276372004"/>
         <display value="zwakke foetale bewegingen (bevinding)"/>
      </coding>
   </valueCodeableConcept>
   <comment value="voelt sinds enkele dagen minder frequent bewegingen"/>
   <method>
      <coding>
         <system value="2.16.840.1.113883.6.96"/>
         <code value="418799008"/>
         <display value="symptoom gerapporteerd door patiënt of andere bron van voorgeschiedenis (bevinding)"/>
      </coding>
   </method>
</Observation>
