<?xml version="1.0" encoding="UTF-8"?>
<Observation xmlns="http://hl7.org/fhir">
   <id value="0d47b53b-2063-11ec-1751-020000000000"/>
   <meta>
      <profile value="http://fhir.nl/fhir/StructureDefinition/nl-core-observation"/>
      <profile value="http://nictiz.nl/fhir/StructureDefinition/zib-BodyWeight"/>
   </meta>
   <status value="final"/>
   <code>
      <coding>
         <system value="2.16.840.1.113883.6.1"/>
         <code value="29463-7"/>
         <display value="Body weight"/>
      </coding>
   </code>
   <subject>
      <reference value="Patient/HANNAHXXX-KOOIJ"/>
      <display value="Hanna H XXX_Kooij"/>
   </subject>
   <context>
      <reference value="Encounter/0d47afea-2063-11ec-1751-020000000000"/>
      <display value="prenatale controle T-6D Vrouw1"/>
   </context>
   <valueQuantity>
      <value value="78"/>
      <unit value="kg"/>
      <system value="http://unitsofmeasure.org"/>
      <code value="kg"/>
   </valueQuantity>
</Observation>
