<?xml version="1.0" encoding="UTF-8"?>
<Observation xmlns="http://hl7.org/fhir">
   <id value="0d47afc9-2063-11ec-1751-020000000000"/>
   <meta>
      <profile value="http://fhir.nl/fhir/StructureDefinition/nl-core-observation"/>
      <profile value="http://nictiz.nl/fhir/StructureDefinition/bc-PregnancyObservation"/>
   </meta>
   <extension url="http://nictiz.nl/fhir/StructureDefinition/Observation-focusSTU3">
      <valueReference>
         <reference value="Condition/0d47afc5-2063-11ec-1751-020000000000"/>
         <display value="Zwangerschap 3 Vrouw1"/>
      </valueReference>
   </extension>
   <status value="final"/>
   <code>
      <coding>
         <system value="2.16.840.1.113883.6.96"/>
         <code value="161714006"/>
         <display value="geschatte datum van partus (waarneembare entiteit)"/>
      </coding>
   </code>
   <subject>
      <reference value="Patient/HANNAHXXX-KOOIJ"/>
      <display value="Hanna H XXX_Kooij"/>
   </subject>
   <context>
      <reference value="EpisodeOfCare/0d479b8b-2063-11ec-1751-020000000000"/>
      <display value="Zwangerschap 3 Vrouw1"/>
   </context>
   <effectiveDateTime value=""/>
   <valueDateTime value="${DATE, T, D, +99}"/>
   <method>
      <coding>
         <system value="2.16.840.1.113883.5.1008"/>
         <code value="OTH"/>
         <display value="Anders"/>
      </coding>
      <text value="zwangerschapstest clearlypink met zwangerschapsduur-indicator"/>
   </method>
</Observation>
