<?xml version="1.0" encoding="UTF-8"?>
<Procedure xmlns="http://hl7.org/fhir">
   <id value="0d47b519-2063-11ec-1751-020000000000"/>
   <meta>
      <profile value="http://nictiz.nl/fhir/StructureDefinition/zib-Procedure"/>
      <profile value="http://nictiz.nl/fhir/StructureDefinition/bc-ObstetricProcedure"/>
   </meta>
   <status value="completed"/>
   <category>
      <coding>
         <system value="http://snomed.info/sct"/>
         <code value="386637004"/>
         <display value="Obstetric procedure (procedure)"/>
      </coding>
   </category>
   <code>
      <coding>
         <system value="2.16.840.1.113883.6.96"/>
         <code value="445283009"/>
         <display value="aanbieden van voorlichtingsmateriaal (verrichting)"/>
      </coding>
   </code>
   <subject>
      <reference value="Patient/HANNAHXXX-KOOIJ"/>
      <display value="Hanna H XXX_Kooij"/>
   </subject>
   <context>
      <reference value="EpisodeOfCare/0d479b8b-2063-11ec-1751-020000000000"/>
      <display value="Zwangerschap 3 Vrouw1"/>
   </context>
   <performedPeriod>
      <start value="${DATE, T, D, -139}"/>
   </performedPeriod>
   <reasonReference>
      <reference value="Condition/0d47afc5-2063-11ec-1751-020000000000"/>
      <display value="Zwangerschap 3 Vrouw1"/>
   </reasonReference>
</Procedure>
