<?xml version="1.0" encoding="UTF-8"?>
<Observation xmlns="http://hl7.org/fhir">
   <id value="0d47b50d-2063-11ec-1751-020000000000"/>
   <meta>
      <profile value="http://fhir.nl/fhir/StructureDefinition/nl-core-observation"/>
      <profile value="http://nictiz.nl/fhir/StructureDefinition/bc-FetalHeartRate"/>
   </meta>
   <extension url="http://nictiz.nl/fhir/StructureDefinition/Observation-focusSTU3">
      <valueReference>
         <reference value="Condition/0d47afc5-2063-11ec-1751-020000000000"/>
         <display value="Zwangerschap 3 Vrouw1"/>
      </valueReference>
   </extension>
   <status value="final"/>
   <code>
      <coding>
         <system value="2.16.840.1.113883.6.1"/>
         <code value="55283-6"/>
         <display value="Fetal Heart rate"/>
      </coding>
   </code>
   <subject>
      <reference value="Patient/HANNAHXXX-KOOIJ"/>
      <display value="Hanna H XXX_Kooij"/>
   </subject>
   <context>
      <reference value="Encounter/0d47afea-2063-11ec-1751-020000000000"/>
      <display value="prenatale controle T-6D Vrouw1"/>
   </context>
   <effectiveDateTime value="${DATE, T, D, -6}"/>
   <valueQuantity>
      <value value="187"/>
      <unit value="bpm"/>
      <system value="http://unitsofmeasure.org"/>
      <code value="{bpm}"/>
   </valueQuantity>
   <interpretation>
      <coding>
         <system value="2.16.840.1.113883.6.96"/>
         <code value="278084002"/>
         <display value="normale basishartfrequentie van foetus (bevinding)"/>
      </coding>
   </interpretation>
   <component>
      <code>
         <coding>
            <system value="2.16.840.1.113883.6.96"/>
            <code value="249044008"/>
            <display value="foetaal hartritme (waarneembare entiteit)"/>
         </coding>
      </code>
      <valueCodeableConcept>
         <coding>
            <system value="http://snomed.info/sct"/>
            <code value="289443009"/>
            <display value="regelmatig hartritme van foetus (bevinding)"/>
         </coding>
      </valueCodeableConcept>
   </component>
</Observation>
