<?xml version="1.0" encoding="UTF-8"?>
<Practitioner xmlns="http://hl7.org/fhir">
   <id value="2-16-528-1-1007-3-112340001"/>
   <meta>
      <profile value="http://fhir.nl/fhir/StructureDefinition/nl-core-practitioner"/>
   </meta>
   <text>
      <status value="generated"/>
      <div xmlns="http://www.w3.org/1999/xhtml">
         <div>Id 12340001 (UZI-NR-PERS), Gemma XXX_Groeneboom-XXX_Gras</div>
      </div>
   </text>
   <identifier>
      <system value="http://fhir.nl/fhir/NamingSystem/uzi-nr-pers"/>
      <value value="12340001"/>
   </identifier>
   <name>
      <extension url="http://hl7.org/fhir/StructureDefinition/humanname-assembly-order">
         <valueCode value="NL4"/>
      </extension>
      <family value="XXX_Groeneboom-XXX_Gras">
         <extension url="http://hl7.org/fhir/StructureDefinition/humanname-own-name">
            <valueString value="XXX_Groeneboom"/>
         </extension>
         <extension url="http://hl7.org/fhir/StructureDefinition/humanname-partner-name">
            <valueString value="XXX_Gras"/>
         </extension>
      </family>
      <given value="Gemma">
         <extension url="http://hl7.org/fhir/StructureDefinition/iso21090-EN-qualifier">
            <valueCode value="BR"/>
         </extension>
      </given>
   </name>
</Practitioner>
