<?xml version="1.0" encoding="UTF-8"?>
<Encounter xmlns="http://hl7.org/fhir">
   <id value="0d47afea-2063-11ec-1751-020000000000"/>
   <meta>
      <profile value="http://nictiz.nl/fhir/StructureDefinition/bc-Encounter"/>
      <profile value="http://nictiz.nl/fhir/StructureDefinition/bc-Encounter"/>
   </meta>
   <status value="finished"/>
   <type>
      <coding>
         <system value="http://snomed.info/sct"/>
         <code value="18114009"/>
         <display value="prenataal onderzoek en zorg voor moeder (procedure)"/>
      </coding>
   </type>
   <subject>
      <reference value="Patient/HANNAHXXX-KOOIJ"/>
      <display value="Hanna H XXX_Kooij"/>
   </subject>
   <episodeOfCare>
      <reference value="EpisodeOfCare/0d479b8b-2063-11ec-1751-020000000000"/>
      <display value="Zwangerschap 3 Vrouw1"/>
   </episodeOfCare>
   <participant>
      <individual>
         <reference value="Practitioner/2-16-528-1-1007-3-112340001"/>
         <display value="Gemma XXX_Groeneboom XXX_Gras"/>
      </individual>
   </participant>
   <period>
      <start value="${DATE, T, D, -6}"/>
   </period>
   <diagnosis>
      <condition>
         <reference value="Condition/0d47afc5-2063-11ec-1751-020000000000"/>
         <display value="Zwangerschap 3 Vrouw1"/>
      </condition>
   </diagnosis>
</Encounter>
