<?xml version="1.0" encoding="UTF-8"?>
<PractitionerRole xmlns="http://hl7.org/fhir">
   <id value="12340001158999002"/>
   <meta>
      <profile value="http://fhir.nl/fhir/StructureDefinition/nl-core-practitionerrole"/>
   </meta>
   <text>
      <status value="generated"/>
      <div xmlns="http://www.w3.org/1999/xhtml">
         <table>
            <caption>Zorgverlenerrol</caption>
            <tbody>
               <tr>
                  <th>Zorgverlener</th>
                  <td>
                     <div>
                        <a href="Practitioner/2-16-528-1-1007-3-112340001">Gemma XXX_Groeneboom XXX_Gras</a>
                     </div>
                  </td>
               </tr>
               <tr>
                  <th>Specialisme</th>
                  <td>
                     <span title="eerstelijnsverloskundige (beroep) (158999002 - SNOMED CT)">eerstelijnsverloskundige (beroep)</span>
                  </td>
               </tr>
            </tbody>
         </table>
      </div>
   </text>
   <practitioner>
      <reference value="Practitioner/2-16-528-1-1007-3-112340001"/>
      <display value="Gemma XXX_Groeneboom XXX_Gras"/>
   </practitioner>
   <specialty>
      <coding>
         <system value="http://snomed.info/sct"/>
         <code value="158999002"/>
         <display value="eerstelijnsverloskundige (beroep)"/>
      </coding>
   </specialty>
</PractitionerRole>
