<?xml version="1.0" encoding="UTF-8"?>
<Condition xmlns="http://hl7.org/fhir">
   <id value="805b2be5-0191-11ec-2023-020000000000"/>
   <meta>
      <profile value="http://nictiz.nl/fhir/StructureDefinition/zib-problem"/>
      <profile value="http://nictiz.nl/fhir/StructureDefinition/bc-DisorderOfPregnancy"/>
   </meta>
   <extension url="http://hl7.org/fhir/StructureDefinition/condition-partOf">
      <valueReference>
         <reference value="Condition/805b2697-0191-11ec-2023-020000000000"/>
         <display value="Zwangerschap 2 Vrouw1"/>
      </valueReference>
   </extension>
   <clinicalStatus value="active"/>
   <category>
      <coding>
         <system value="http://snomed.info/sct"/>
         <code value="173300003"/>
         <display value="Disorder of pregnancy (disorder)"/>
      </coding>
   </category>
   <code>
      <coding>
         <system value="2.16.840.1.113883.6.96"/>
         <code value="276372004"/>
         <display value="zwakke foetale bewegingen (bevinding)"/>
      </coding>
   </code>
   <subject>
      <reference value="Patient/HANNAHXXX-KOOIJ"/>
      <display value="Hanna H XXX_Kooij"/>
   </subject>
   <context>
      <identifier>
         <value value="2"/>
      </identifier>
   </context>
   <onsetDateTime value="${DATE, T, D, -10}"/>
</Condition>
