<?xml version="1.0" encoding="UTF-8"?>
<Observation xmlns="http://hl7.org/fhir">
   <id value="805b26a8-0191-11ec-2023-020000000000"/>
   <meta>
      <profile value="http://fhir.nl/fhir/StructureDefinition/nl-core-observation"/>
      <profile value="http://nictiz.nl/fhir/StructureDefinition/bc-PregnancyObservation"/>
   </meta>
   <extension url="http://nictiz.nl/fhir/StructureDefinition/Observation-focusSTU3">
      <valueReference>
         <reference value="Condition/805b2697-0191-11ec-2023-020000000000"/>
         <display value="Zwangerschap 2 Vrouw1"/>
      </valueReference>
   </extension>
   <status value="final"/>
   <code>
      <coding>
         <system value="2.16.840.1.113883.6.96"/>
         <code value="713651007"/>
         <display value="voorgeschiedenis met zwangerschap met abortus als resultaat (situatie)"/>
      </coding>
   </code>
   <subject>
      <reference value="Patient/HANNAHXXX-KOOIJ"/>
      <display value="Hanna H XXX_Kooij"/>
   </subject>
   <context>
      <identifier>
         <value value="2"/>
      </identifier>
   </context>
   <effectiveDateTime value=""/>
   <valueString>
      <extension url="http://hl7.org/fhir/StructureDefinition/iso21090-nullFlavor">
         <valueCode value="NASK"/>
      </extension>
   </valueString>
   <comment value="mw. zegt vroege miskraam te hebben gehad enkele maanden na eerste kind, destijds geen verloskundige gezien"/>
   <method>
      <coding>
         <system value="2.16.840.1.113883.6.96"/>
         <code value="418799008"/>
         <display value="symptoom gerapporteerd door patiënt of andere bron van voorgeschiedenis (bevinding)"/>
      </coding>
   </method>
</Observation>
