<?xml version="1.0" encoding="UTF-8"?>
<Observation xmlns="http://hl7.org/fhir">
   <id value="805b2c05-0191-11ec-2023-020000000000"/>
   <meta>
      <profile value="http://fhir.nl/fhir/StructureDefinition/nl-core-observation"/>
      <profile value="http://nictiz.nl/fhir/StructureDefinition/zib-BloodPressure"/>
   </meta>
   <extension url="http://nictiz.nl/fhir/StructureDefinition/Observation-focusSTU3">
      <valueReference/>
   </extension>
   <status value="final"/>
   <code>
      <coding>
         <system value="2.16.840.1.113883.6.1"/>
         <code value="85354-9"/>
         <display value="Blood pressure panel with all children optional"/>
      </coding>
   </code>
   <subject>
      <reference value="Patient/HANNAHXXX-KOOIJ"/>
      <display value="Hanna H XXX_Kooij"/>
   </subject>
   <context>
      <reference value="Encounter/805b26ae-0191-11ec-2023-020000000000"/>
      <display value="prenatale controle T-139D Vrouw1"/>
   </context>
   <component>
      <code>
         <coding>
            <system value="2.16.840.1.113883.6.1"/>
            <code value="8480-6"/>
            <display value="Systolic blood pressure"/>
         </coding>
      </code>
      <valueQuantity>
         <value value="133"/>
      </valueQuantity>
   </component>
   <component>
      <code>
         <coding>
            <system value="2.16.840.1.113883.6.1"/>
            <code value="8462-4"/>
            <display value="Diastolic blood pressure"/>
         </coding>
      </code>
      <valueQuantity>
         <value value="89"/>
      </valueQuantity>
   </component>
</Observation>
