<?xml version="1.0" encoding="UTF-8"?>
<Observation xmlns="http://hl7.org/fhir">
   <id value="805b26bc-0191-11ec-2023-020000000000"/>
   <meta>
      <profile value="http://fhir.nl/fhir/StructureDefinition/nl-core-observation"/>
      <profile value="http://nictiz.nl/fhir/StructureDefinition/zib-TobaccoUse"/>
   </meta>
   <extension url="http://nictiz.nl/fhir/StructureDefinition/Observation-focusSTU3">
      <valueReference>
         <reference value="Condition/805b2697-0191-11ec-2023-020000000000"/>
         <display value="Zwangerschap 2 Vrouw1"/>
      </valueReference>
   </extension>
   <status value="final"/>
   <code>
      <coding>
         <system value="http://snomed.info/sct"/>
         <code value="365980008"/>
         <display value="bevinding betreffende tabakgebruik en blootstelling aan tabaksrook (bevinding)"/>
      </coding>
   </code>
   <subject>
      <reference value="Patient/HANNAHXXX-KOOIJ"/>
      <display value="Hanna H XXX_Kooij"/>
   </subject>
   <context>
      <reference value="Encounter/805b26ae-0191-11ec-2023-020000000000"/>
      <display value="prenatale controle T-139D Vrouw1"/>
   </context>
   <valueCodeableConcept>
      <coding>
         <system value="http://snomed.info/sct"/>
         <code value="266919005"/>
         <display value="heeft nooit gerookt"/>
      </coding>
   </valueCodeableConcept>
</Observation>
