<?xml version="1.0" encoding="UTF-8"?>
<Observation xmlns="http://hl7.org/fhir">
   <id value="805b1a84-0191-11ec-2023-020000000000"/>
   <meta>
      <profile value="http://nictiz.nl/fhir/StructureDefinition/zib-LaboratoryTestResult-Observation"/>
   </meta>
   <text>
      <status value="generated"/>
      <div xmlns="http://www.w3.org/1999/xhtml">
         <table>
            <caption>Observatie/bepaling. Subject: <a href="Patient/HANNAHXXX-KOOIJ">Hanna H XXX_Kooij</a>. Categorie: 49581000146104 (SNOMED CT), Status: definitief</caption>
            <tbody>
               <tr>
                  <th>Bepalingdatum/tijd</th>
                  <td>2021-04-03</td>
               </tr>
               <tr>
                  <th>Code</th>
                  <th>Waarde</th>
               </tr>
               <tr>
                  <td>
                     <span title="D Ag [Presence] in Blood (1305-2 - LOINC)">D Ag [Presence] in Blood</span>
                  </td>
                  <td>
                     <span title="Rh D Positief (165747007 - SNOMED CT)">Rh D Positief</span>
                  </td>
               </tr>
            </tbody>
         </table>
      </div>
   </text>
   <status value="final">
      <extension url="http://nictiz.nl/fhir/StructureDefinition/code-specification">
         <valueCodeableConcept>
            <coding>
               <system value="urn:oid:2.16.840.1.113883.2.4.3.11.60.40.4.16.1"/>
               <code value="final"/>
               <display value="Final"/>
            </coding>
         </valueCodeableConcept>
      </extension>
   </status>
   <category>
      <coding>
         <system value="http://snomed.info/sct"/>
         <code value="49581000146104"/>
         <display value="Laboratory test finding (finding)"/>
      </coding>
   </category>
   <code>
      <coding>
         <system value="http://loinc.org"/>
         <code value="1305-2"/>
         <display value="D Ag [Presence] in Blood"/>
      </coding>
   </code>
   <subject>
      <reference value="Patient/HANNAHXXX-KOOIJ"/>
      <display value="Hanna H XXX_Kooij"/>
   </subject>
   <context>
      <identifier>
         <value value="2"/>
      </identifier>
   </context>
   <effectiveDateTime value="2021-04-03"/>
   <valueCodeableConcept>
      <coding>
         <system value="http://snomed.info/sct"/>
         <code value="165747007"/>
         <display value="Rh D Positief"/>
      </coding>
   </valueCodeableConcept>
</Observation>
