<?xml version="1.0" encoding="UTF-8"?>
<Observation xmlns="http://hl7.org/fhir">
   <id value="805b26a4-0191-11ec-2023-020000000000"/>
   <meta>
      <profile value="http://fhir.nl/fhir/StructureDefinition/nl-core-observation"/>
      <profile value="http://nictiz.nl/fhir/StructureDefinition/bc-PregnancyObservation"/>
   </meta>
   <extension url="http://nictiz.nl/fhir/StructureDefinition/Observation-focusSTU3">
      <valueReference>
         <reference value="Condition/805b2697-0191-11ec-2023-020000000000"/>
         <display value="Zwangerschap 2 Vrouw1"/>
      </valueReference>
   </extension>
   <status value="final"/>
   <code>
      <coding>
         <system value="2.16.840.1.113883.6.96"/>
         <code value="143881000146107"/>
         <display value="aantal levende nakomelingen (waarneembare entiteit)"/>
      </coding>
   </code>
   <subject>
      <reference value="Patient/HANNAHXXX-KOOIJ"/>
      <display value="Hanna H XXX_Kooij"/>
   </subject>
   <context>
      <identifier>
         <value value="2"/>
      </identifier>
   </context>
   <effectiveDateTime value="${DATE, T, D, -125}"/>
   <valueQuantity>
      <value value="1"/>
   </valueQuantity>
   <method>
      <coding>
         <system value="2.16.840.1.113883.6.96"/>
         <code value="241491007"/>
         <display value="echografie van foetus (verrichting)"/>
      </coding>
   </method>
</Observation>
