<?xml version="1.0" encoding="UTF-8"?>
<Organization xmlns="http://hl7.org/fhir">
   <id value="2-16-840-1-113883-2-4-6-108001234"/>
   <meta>
      <profile value="http://fhir.nl/fhir/StructureDefinition/nl-core-organization"/>
   </meta>
   <text>
      <status value="generated"/>
      <div xmlns="http://www.w3.org/1999/xhtml">
         <table>
            <caption>OrganisatieId: 08001234 (AGB-Z)</caption>
            <tbody>
               <tr>
                  <th>Naam</th>
                  <td>Verloskundigenpraktijk 't Groen</td>
               </tr>
               <tr>
                  <th>Type</th>
                  <td>
                     <span title="Verloskundigenpraktijk (G3 - RoleCodeNL Zorgaanbiedertype)">Verloskundigenpraktijk</span>
                  </td>
               </tr>
               <tr>
                  <th>Adres</th>
                  <td>Groeneweg 1000, 9999XY STITSWERD, 396 (Werk)</td>
               </tr>
            </tbody>
         </table>
      </div>
   </text>
   <identifier>
      <system value="http://fhir.nl/fhir/NamingSystem/agb-z"/>
      <value value="08001234"/>
   </identifier>
   <type>
      <coding>
         <system value="urn:oid:2.16.840.1.113883.2.4.15.1060"/>
         <version value="2020-11-11T00:00:00"/>
         <code value="G3"/>
         <display value="Verloskundigenpraktijk"/>
      </coding>
   </type>
   <name value="Verloskundigenpraktijk 't Groen"/>
   <address>
      <use value="work"/>
      <line value="Groeneweg 1000">
         <extension url="http://hl7.org/fhir/StructureDefinition/iso21090-ADXP-streetName">
            <valueString value="Groeneweg"/>
         </extension>
         <extension url="http://hl7.org/fhir/StructureDefinition/iso21090-ADXP-houseNumber">
            <valueString value="1000"/>
         </extension>
      </line>
      <city value="STITSWERD"/>
      <postalCode value="9999XY"/>
      <country value="396"/>
   </address>
</Organization>
