<?xml version="1.0" encoding="UTF-8"?>
<Observation xmlns="http://hl7.org/fhir">
   <id value="66aa4965-2064-11ec-5265-020000000000"/>
   <meta>
      <profile value="http://fhir.nl/fhir/StructureDefinition/nl-core-observation"/>
      <profile value="http://nictiz.nl/fhir/StructureDefinition/zib-BodyWeight"/>
   </meta>
   <status value="final"/>
   <code>
      <coding>
         <system value="2.16.840.1.113883.6.1"/>
         <code value="29463-7"/>
         <display value="Body weight"/>
      </coding>
   </code>
   <subject>
      <reference value="Patient/JAMILAJXXX-KWEE"/>
      <display value="Jamila J XXX_Kwee"/>
   </subject>
   <context>
      <reference value="Encounter/66aa441d-2064-11ec-5265-020000000000"/>
      <display value="prenatale controle T-205D Vrouw2"/>
   </context>
   <effectiveDateTime value="${DATE, T, D, -205}"/>
   <valueQuantity>
      <value value="63"/>
      <unit value="kg"/>
      <system value="http://unitsofmeasure.org"/>
      <code value="kg"/>
   </valueQuantity>
   <component>
      <code>
         <coding>
            <system value="http://loinc.org"/>
            <code value="8352-7"/>
            <display value="Clothing worn during measure"/>
         </coding>
      </code>
      <valueCodeableConcept>
         <coding>
            <system value="urn:oid:2.16.840.1.113883.2.4.3.11.60.40.4.8.1"/>
            <code value="MINIMAL"/>
            <display value="Lichte kleding/ondergoed"/>
         </coding>
      </valueCodeableConcept>
   </component>
</Observation>
