<?xml version="1.0" encoding="UTF-8"?>
<Observation xmlns="http://hl7.org/fhir">
   <id value="66aa441c-2064-11ec-5265-020000000000"/>
   <meta>
      <profile value="http://fhir.nl/fhir/StructureDefinition/nl-core-observation"/>
      <profile value="http://nictiz.nl/fhir/StructureDefinition/bc-MaternalObservation"/>
   </meta>
   <extension url="http://nictiz.nl/fhir/StructureDefinition/Observation-focusSTU3">
      <valueReference>
         <reference value="Condition/66aa440b-2064-11ec-5265-020000000000"/>
         <display value="Zwangerschap 1 Vrouw2"/>
      </valueReference>
   </extension>
   <status value="final"/>
   <code>
      <coding>
         <system value="2.16.840.1.113883.6.96"/>
         <code value="792807003"/>
         <display value="intake van foliumzuur (waarneembare entiteit)"/>
      </coding>
   </code>
   <subject>
      <reference value="Patient/JAMILAJXXX-KWEE"/>
      <display value="Jamila J XXX_Kwee"/>
   </subject>
   <context>
      <reference value="EpisodeOfCare/66aa2fcb-2064-11ec-5265-020000000000"/>
      <display value="Zwangerschap 1 Vrouw2"/>
   </context>
   <effectiveDateTime value="${DATE, T, D, -205}"/>
   <valueCodeableConcept>
      <coding>
         <system value="http://snomed.info/sct"/>
         <code value="30391000146101"/>
         <display value="geen preconceptionele intake van foliumzuur via voeding (bevinding)"/>
      </coding>
   </valueCodeableConcept>
</Observation>
