<?xml version="1.0" encoding="UTF-8"?>
<Procedure xmlns="http://hl7.org/fhir">
   <id value="66aa4435-2064-11ec-5265-020000000000"/>
   <meta>
      <profile value="http://nictiz.nl/fhir/StructureDefinition/zib-Procedure"/>
      <profile value="http://nictiz.nl/fhir/StructureDefinition/bc-ObstetricProcedure"/>
   </meta>
   <status value="completed"/>
   <category>
      <coding>
         <system value="http://snomed.info/sct"/>
         <code value="386637004"/>
         <display value="Obstetric procedure (procedure)"/>
      </coding>
   </category>
   <code>
      <coding>
         <system value="2.16.840.1.113883.6.96"/>
         <code value="410175003"/>
         <display value="dieetmanagement (verrichting)"/>
      </coding>
   </code>
   <subject>
      <reference value="Patient/JAMILAJXXX-KWEE"/>
      <display value="Jamila J XXX_Kwee"/>
   </subject>
   <context>
      <reference value="EpisodeOfCare/66aa2fcb-2064-11ec-5265-020000000000"/>
      <display value="Zwangerschap 1 Vrouw2"/>
   </context>
   <performedPeriod>
      <start value="${DATE, T, D, -205}"/>
   </performedPeriod>
   <reasonReference>
      <reference value="Condition/66aa440b-2064-11ec-5265-020000000000"/>
      <display value="Zwangerschap 1 Vrouw2"/>
   </reasonReference>
</Procedure>
