<?xml version="1.0" encoding="UTF-8"?>
<Observation xmlns="http://hl7.org/fhir">
   <id value="66aa4425-2064-11ec-5265-020000000000"/>
   <meta>
      <profile value="http://fhir.nl/fhir/StructureDefinition/nl-core-observation"/>
      <profile value="http://nictiz.nl/fhir/StructureDefinition/zib-AlcoholUse"/>
   </meta>
   <extension url="http://nictiz.nl/fhir/StructureDefinition/Observation-focusSTU3">
      <valueReference>
         <reference value="Condition/66aa440b-2064-11ec-5265-020000000000"/>
         <display value="Zwangerschap 1 Vrouw2"/>
      </valueReference>
   </extension>
   <status value="final"/>
   <code>
      <coding>
         <system value="2.16.840.1.113883.6.96"/>
         <code value="228273003"/>
         <display value="bevinding betreffende alcoholgebruik (bevinding)"/>
      </coding>
   </code>
   <subject>
      <reference value="Patient/JAMILAJXXX-KWEE"/>
      <display value="Jamila J XXX_Kwee"/>
   </subject>
   <context>
      <reference value="Encounter/66aa441d-2064-11ec-5265-020000000000"/>
      <display value="prenatale controle T-205D Vrouw2"/>
   </context>
   <valueCodeableConcept>
      <coding>
         <system value="http://snomed.info/sct"/>
         <code value="105542008"/>
         <display value="drinkt geen alcohol tijdens de zwangerschap"/>
      </coding>
   </valueCodeableConcept>
</Observation>
