<?xml-model href="http://hl7.org/fhir/STU3/bundle.sch" type="application/xml" schematypens="http://purl.oclc.org/dsdl/schematron"?>
<Bundle xmlns="http://hl7.org/fhir" xmlns:xsi="http://www.w3.org/2001/XMLSchema-instance" xsi:schemaLocation="http://hl7.org/fhir http://hl7.org/fhir/STU3/bundle.xsd">
    <type value="searchset"/>
    <total value="3"/>
    <entry>
        <fullUrl value="urn:oid:2.16.528.1.1007.3.3.2727"/>
        <resource>
            <Organization>
                <meta>
                    <profile value="http://fhir.nl/fhir/StructureDefinition/nl-core-organization"/>
                </meta>
                <identifier>
                    <system value="http://fhir.nl/fhir/NamingSystem/ura"/>
                    <value value="00002727"/>
                </identifier>
                <name value="VZVZ Simulator 70000003"/>
            </Organization>
        </resource>
    </entry>
    <entry>
        <fullUrl value="urn:uuid:165bbd76-f286-11e8-1314-28f10e481d92"/>
        <resource>
            <Patient>
                <meta>
                    <profile value="http://fhir.nl/fhir/StructureDefinition/nl-core-patient"/>
                </meta>
                <identifier>
                    <system value="http://fhir.nl/fhir/NamingSystem/bsn"/>
                    <value value="999900006"/>
                </identifier>
                <name>
                    <extension url="http://hl7.org/fhir/StructureDefinition/humanname-assembly-order">
                        <valueCode value="UNK"/>
                    </extension>
                    <family value="XXX_Charan">
                        <extension url="http://hl7.org/fhir/StructureDefinition/humanname-own-name">
                            <valueString value="XXX_Charan"/>
                        </extension>
                    </family>
                    <given value="L">
                        <extension url="http://hl7.org/fhir/StructureDefinition/iso21090-EN-qualifier">
                            <valueCode value="BR"/>
                        </extension>
                    </given>
                </name>
                <gender value="male"/>
            </Patient>
        </resource>
    </entry>
    <entry>
        <fullUrl value="urn:uuid:165bbd97-f286-11e8-1314-28f10e481d92"/>
        <resource>
            <Patient>
                <meta>
                    <profile value="http://fhir.nl/fhir/StructureDefinition/nl-core-patient"/>
                </meta>
                <identifier>
                    <system value="http://fhir.nl/fhir/NamingSystem/bsn"/>
                    <value value="999900006"/>
                </identifier>
                <name>
                    <extension url="http://hl7.org/fhir/StructureDefinition/humanname-assembly-order">
                        <valueCode value="UNK"/>
                    </extension>
                    <family value="XXX_Charan">
                        <extension url="http://hl7.org/fhir/StructureDefinition/humanname-own-name">
                            <valueString value="XXX_Charan"/>
                        </extension>
                    </family>
                    <given value="L">
                        <extension url="http://hl7.org/fhir/StructureDefinition/iso21090-EN-qualifier">
                            <valueCode value="BR"/>
                        </extension>
                    </given>
                </name>
                <gender value="male"/>
            </Patient>
        </resource>
    </entry>
</Bundle>
