<!--Generated from HL7v3 POOB_IN990003NL instance with: <id extension="XIS-20190301-1227-8d67e0cb-0872-4552-b736-f32bb544a650" root="2.16.840.1.113883.2.4.6.6.90000258.1"/>-->
<adaxml xmlns:xsi="http://www.w3.org/2001/XMLSchema-instance"
        xsi:noNamespaceSchemaLocation="../ada_schemas/ada_general_measurements_response.xsd">
   <meta status="new"
         created-by="generated"
         last-update-by="generated"
         creation-date="2020-04-20T14:13:54.376+02:00"
         last-update-date="2020-04-20T14:13:54.376+02:00"/>
   <data>
      <general_measurements_response app="ketenzorg3.0"
                                     shortName="general_measurements_response"
                                     formName="general_measurements_response"
                                     transactionRef="2.16.840.1.113883.2.4.3.11.60.66.4.517"
                                     transactionEffectiveDate="2018-04-13T00:00:00"
                                     versionDate=""
                                     prefix="kz-"
                                     language="en-US"
                                     title="Generated Through Conversion"
                                     id="6740ced7-8300-11ea-3733-020000000000">
         <bundle>
            <type code="27899-4"
                  codeSystem="2.16.840.1.113883.6.1"
                  codeSystemName="LOINC"
                  displayName="Diagnostic studies non lab"/>
            <status code="completed"
                    codeSystem="2.16.840.1.113883.5.14"
                    displayName="completed"/>
            <custodian>
               <healthcare_provider>
                  <healthcare_provider_identification_number value="90000381" root="2.16.528.1.1007.3.3"/>
                  <organization_name value="Tést Zorginstelling 04"/>
               </healthcare_provider>
            </custodian>
            <subject>
               <patient>
                  <name_information>
                     <initials value="E."/>
                     <name_usage code="NL1"
                                 codeSystem="2.16.840.1.113883.2.4.3.11.60.101.5.4"
                                 displayName="Eigen geslachtsnaam"/>
                     <last_name>
                        <last_name value="XXX_Zegers"/>
                     </last_name>
                  </name_information>
                  <address_information>
                     <street value="Knolweg"/>
                     <house_number value="1001"/>
                     <postcode value="9999 XX"/>
                     <place_of_residence value="STITSWERD"/>
                     <country value="Nederland"/>
                     <address_type code="HP"
                                   codeSystem="2.16.840.1.113883.5.1119"
                                   displayName="Primary Home"/>
                  </address_information>
                  <patient_identification_number value="999911624" root="2.16.840.1.113883.2.4.6.3"/>
                  <date_of_birth value="1964-08-02"/>
                  <gender code="F" codeSystem="2.16.840.1.113883.5.1"/>
               </patient>
            </subject>
         </bundle>
         <general_measurement>
            <measurement_result>
               <hcimroot>
                  <identification_number value="21103" root="2.16.840.1.113883.2.4.6.6.90000258.4.7"/>
                  <author>
                     <health_professional>
                        <health_professional_identification_number value="900014718" root="2.16.528.1.1007.3.1"/>
                        <health_professional_role code="RESP"
                                                  codeSystem="2.16.840.1.113883.5.90"
                                                  displayName="Responsible Party"/>
                     </health_professional>
                  </author>
               </hcimroot>
               <measurement_name code="1744"
                                 codeSystem="2.16.840.1.113883.2.4.4.30.45"
                                 codeSystemName="Codes diagnostische bepalingen"
                                 codeSystemVersion="v29"
                                 displayName="systolische bloeddruk"/>
               <result_value value="184" unit="mm[Hg]"/>
               <result_date_time value="2017-07-09"/>
               <reference_range_lower_limit nullFlavor="NINF"/>
               <reference_range_upper_limit value="140" unit="mm[Hg]"/>
               <result_flags code="H"
                             codeSystem="2.16.840.1.113883.5.83"
                             codeSystemName="HL7 ObservationInterpretation"
                             displayName="High"/>
            </measurement_result>
         </general_measurement>
         <general_measurement>
            <measurement_result>
               <hcimroot>
                  <identification_number value="21104" root="2.16.840.1.113883.2.4.6.6.90000258.4.7"/>
                  <author>
                     <health_professional>
                        <health_professional_identification_number value="900014718" root="2.16.528.1.1007.3.1"/>
                        <health_professional_role code="RESP"
                                                  codeSystem="2.16.840.1.113883.5.90"
                                                  displayName="Responsible Party"/>
                     </health_professional>
                  </author>
               </hcimroot>
               <measurement_name code="1740"
                                 codeSystem="2.16.840.1.113883.2.4.4.30.45"
                                 codeSystemName="Codes diagnostische bepalingen"
                                 codeSystemVersion="v29"
                                 displayName="diastolische bloeddruk"/>
               <result_value value="93" unit="mm[Hg]"/>
               <result_date_time value="2017-07-09"/>
               <reference_range_lower_limit nullFlavor="NINF"/>
               <reference_range_upper_limit value="89" unit="mm[Hg]"/>
               <result_flags code="H"
                             codeSystem="2.16.840.1.113883.5.83"
                             codeSystemName="HL7 ObservationInterpretation"
                             displayName="High"/>
            </measurement_result>
         </general_measurement>
         <general_measurement>
            <measurement_result>
               <hcimroot>
                  <identification_number value="21105" root="2.16.840.1.113883.2.4.6.6.90000258.4.7"/>
                  <author>
                     <health_professional>
                        <health_professional_identification_number value="900014718" root="2.16.528.1.1007.3.1"/>
                        <health_professional_role code="RESP"
                                                  codeSystem="2.16.840.1.113883.5.90"
                                                  displayName="Responsible Party"/>
                     </health_professional>
                  </author>
               </hcimroot>
               <measurement_name code="1875"
                                 codeSystem="2.16.840.1.113883.2.4.4.30.45"
                                 codeSystemName="Codes diagnostische bepalingen"
                                 codeSystemVersion="v29"
                                 displayName="polsfrequentie"/>
               <result_value value="120" unit="/min"/>
               <result_date_time value="2017-07-09"/>
               <reference_range_lower_limit value="60" unit="/min"/>
               <reference_range_upper_limit value="100" unit="/min"/>
               <result_flags code="H"
                             codeSystem="2.16.840.1.113883.5.83"
                             codeSystemName="HL7 ObservationInterpretation"
                             displayName="High"/>
            </measurement_result>
         </general_measurement>
         <general_measurement>
            <measurement_result>
               <hcimroot>
                  <identification_number value="21106" root="2.16.840.1.113883.2.4.6.6.90000258.4.7"/>
                  <author>
                     <health_professional>
                        <health_professional_identification_number value="900014718" root="2.16.528.1.1007.3.1"/>
                        <health_professional_role code="RESP"
                                                  codeSystem="2.16.840.1.113883.5.90"
                                                  displayName="Responsible Party"/>
                     </health_professional>
                  </author>
               </hcimroot>
               <measurement_name code="2102"
                                 codeSystem="2.16.840.1.113883.2.4.4.30.45"
                                 codeSystemName="Codes diagnostische bepalingen"
                                 codeSystemVersion="v29"
                                 displayName="polsritme"/>
               <result_value code="202"
                             codeSystem="2.16.840.1.113883.2.4.4.30.1045"
                             displayName="irregulair"/>
               <result_date_time value="2017-07-09"/>
            </measurement_result>
         </general_measurement>
         <general_measurement>
            <measurement_result>
               <hcimroot>
                  <identification_number value="21107" root="2.16.840.1.113883.2.4.6.6.90000258.4.7"/>
                  <author>
                     <health_professional>
                        <health_professional_identification_number value="900014718" root="2.16.528.1.1007.3.1"/>
                        <health_professional_role code="RESP"
                                                  codeSystem="2.16.840.1.113883.5.90"
                                                  displayName="Responsible Party"/>
                     </health_professional>
                  </author>
               </hcimroot>
               <measurement_name code="2126"
                                 codeSystem="2.16.840.1.113883.2.4.4.30.45"
                                 codeSystemName="Codes diagnostische bepalingen"
                                 codeSystemVersion="v29"
                                 displayName="pols opmerkingen"/>
               <result_value value="linker pols C01@ST-600@"/>
               <result_date_time value="2017-07-09"/>
            </measurement_result>
         </general_measurement>
         <general_measurement>
            <measurement_result>
               <hcimroot>
                  <identification_number value="21108" root="2.16.840.1.113883.2.4.6.6.90000258.4.7"/>
                  <author>
                     <health_professional>
                        <health_professional_identification_number value="900014718" root="2.16.528.1.1007.3.1"/>
                        <health_professional_role code="RESP"
                                                  codeSystem="2.16.840.1.113883.5.90"
                                                  displayName="Responsible Party"/>
                     </health_professional>
                  </author>
               </hcimroot>
               <measurement_name code="1744"
                                 codeSystem="2.16.840.1.113883.2.4.4.30.45"
                                 codeSystemName="Codes diagnostische bepalingen"
                                 codeSystemVersion="v29"
                                 displayName="systolische bloeddruk"/>
               <result_value value="180" unit="mm[Hg]"/>
               <result_date_time value="2019-01-30"/>
               <reference_range_lower_limit nullFlavor="NINF"/>
               <reference_range_upper_limit value="140" unit="mm[Hg]"/>
               <result_flags code="H"
                             codeSystem="2.16.840.1.113883.5.83"
                             codeSystemName="HL7 ObservationInterpretation"
                             displayName="High"/>
            </measurement_result>
         </general_measurement>
         <general_measurement>
            <measurement_result>
               <hcimroot>
                  <identification_number value="21109" root="2.16.840.1.113883.2.4.6.6.90000258.4.7"/>
                  <author>
                     <health_professional>
                        <health_professional_identification_number value="900014718" root="2.16.528.1.1007.3.1"/>
                        <health_professional_role code="RESP"
                                                  codeSystem="2.16.840.1.113883.5.90"
                                                  displayName="Responsible Party"/>
                     </health_professional>
                  </author>
               </hcimroot>
               <measurement_name code="1740"
                                 codeSystem="2.16.840.1.113883.2.4.4.30.45"
                                 codeSystemName="Codes diagnostische bepalingen"
                                 codeSystemVersion="v29"
                                 displayName="diastolische bloeddruk"/>
               <result_value value="89" unit="mm[Hg]"/>
               <result_date_time value="2019-01-30"/>
               <reference_range_lower_limit nullFlavor="NINF"/>
               <reference_range_upper_limit value="89" unit="mm[Hg]"/>
               <result_flags code="N"
                             codeSystem="2.16.840.1.113883.5.83"
                             codeSystemName="HL7 ObservationInterpretation"
                             displayName="Normal"/>
            </measurement_result>
         </general_measurement>
         <general_measurement>
            <measurement_result>
               <hcimroot>
                  <identification_number value="21110" root="2.16.840.1.113883.2.4.6.6.90000258.4.7"/>
                  <author>
                     <health_professional>
                        <health_professional_identification_number value="900014718" root="2.16.528.1.1007.3.1"/>
                        <health_professional_role code="RESP"
                                                  codeSystem="2.16.840.1.113883.5.90"
                                                  displayName="Responsible Party"/>
                     </health_professional>
                  </author>
               </hcimroot>
               <measurement_name code="2102"
                                 codeSystem="2.16.840.1.113883.2.4.4.30.45"
                                 codeSystemName="Codes diagnostische bepalingen"
                                 codeSystemVersion="v29"
                                 displayName="polsritme"/>
               <result_value code="201"
                             codeSystem="2.16.840.1.113883.2.4.4.30.1045"
                             displayName="regulair"/>
               <result_date_time value="2019-01-30"/>
            </measurement_result>
         </general_measurement>
         <general_measurement>
            <measurement_result>
               <hcimroot>
                  <identification_number value="21111" root="2.16.840.1.113883.2.4.6.6.90000258.4.7"/>
                  <author>
                     <health_professional>
                        <health_professional_identification_number value="900014718" root="2.16.528.1.1007.3.1"/>
                        <health_professional_role code="RESP"
                                                  codeSystem="2.16.840.1.113883.5.90"
                                                  displayName="Responsible Party"/>
                     </health_professional>
                  </author>
               </hcimroot>
               <measurement_name code="560"
                                 codeSystem="2.16.840.1.113883.2.4.4.30.45"
                                 codeSystemName="Codes diagnostische bepalingen"
                                 codeSystemVersion="v29"
                                 displayName="lengte patiënt"/>
               <result_value value="1.72" unit="m"/>
               <result_date_time value="2019-01-30"/>
            </measurement_result>
         </general_measurement>
         <general_measurement>
            <measurement_result>
               <hcimroot>
                  <identification_number value="21112" root="2.16.840.1.113883.2.4.6.6.90000258.4.7"/>
                  <author>
                     <health_professional>
                        <health_professional_identification_number value="900014718" root="2.16.528.1.1007.3.1"/>
                        <health_professional_role code="RESP"
                                                  codeSystem="2.16.840.1.113883.5.90"
                                                  displayName="Responsible Party"/>
                     </health_professional>
                  </author>
               </hcimroot>
               <measurement_name code="357"
                                 codeSystem="2.16.840.1.113883.2.4.4.30.45"
                                 codeSystemName="Codes diagnostische bepalingen"
                                 codeSystemVersion="v29"
                                 displayName="gewicht patiënt"/>
               <result_value value="80" unit="kg"/>
               <result_date_time value="2019-01-30"/>
            </measurement_result>
         </general_measurement>
         <general_measurement>
            <measurement_result>
               <hcimroot>
                  <identification_number value="21113" root="2.16.840.1.113883.2.4.6.6.90000258.4.7"/>
                  <author>
                     <health_professional>
                        <health_professional_identification_number value="900014718" root="2.16.528.1.1007.3.1"/>
                        <health_professional_role code="RESP"
                                                  codeSystem="2.16.840.1.113883.5.90"
                                                  displayName="Responsible Party"/>
                     </health_professional>
                  </author>
               </hcimroot>
               <measurement_name code="1589"
                                 codeSystem="2.16.840.1.113883.2.4.4.30.45"
                                 codeSystemName="Codes diagnostische bepalingen"
                                 codeSystemVersion="v29"
                                 displayName="ademhalingsfrequentie"/>
               <result_value value="19" unit="/min"/>
               <result_date_time value="2019-01-30"/>
               <reference_range_lower_limit nullFlavor="NINF"/>
               <reference_range_upper_limit value="20" unit="/min"/>
               <result_flags code="N"
                             codeSystem="2.16.840.1.113883.5.83"
                             codeSystemName="HL7 ObservationInterpretation"
                             displayName="Normal"/>
            </measurement_result>
         </general_measurement>
         <general_measurement>
            <measurement_result>
               <hcimroot>
                  <identification_number value="21114" root="2.16.840.1.113883.2.4.6.6.90000258.4.7"/>
                  <author>
                     <health_professional>
                        <health_professional_identification_number value="900014718" root="2.16.528.1.1007.3.1"/>
                        <health_professional_role code="RESP"
                                                  codeSystem="2.16.840.1.113883.5.90"
                                                  displayName="Responsible Party"/>
                     </health_professional>
                  </author>
               </hcimroot>
               <measurement_name code="1675"
                                 codeSystem="2.16.840.1.113883.2.4.4.30.45"
                                 codeSystemName="Codes diagnostische bepalingen"
                                 codeSystemVersion="v29"
                                 displayName="FEV1/FVC ratio pré-BD"/>
               <result_value value="66" unit="%"/>
               <result_date_time value="2019-01-30"/>
               <reference_range_lower_limit value="70" unit="%"/>
               <reference_range_upper_limit nullFlavor="PINF"/>
               <result_flags code="L"
                             codeSystem="2.16.840.1.113883.5.83"
                             codeSystemName="HL7 ObservationInterpretation"
                             displayName="Low"/>
            </measurement_result>
         </general_measurement>
         <general_measurement>
            <measurement_result>
               <hcimroot>
                  <identification_number value="21115" root="2.16.840.1.113883.2.4.6.6.90000258.4.7"/>
                  <author>
                     <health_professional>
                        <health_professional_identification_number value="900014718" root="2.16.528.1.1007.3.1"/>
                        <health_professional_role code="RESP"
                                                  codeSystem="2.16.840.1.113883.5.90"
                                                  displayName="Responsible Party"/>
                     </health_professional>
                  </author>
               </hcimroot>
               <measurement_name code="1704"
                                 codeSystem="2.16.840.1.113883.2.4.4.30.45"
                                 codeSystemName="Codes diagnostische bepalingen"
                                 codeSystemVersion="v29"
                                 displayName="conclusie longfunctieonderzoek"/>
               <result_value value="CPOD C03@ST-30@"/>
               <result_date_time value="2019-01-30"/>
            </measurement_result>
         </general_measurement>
         <general_measurement>
            <measurement_result>
               <hcimroot>
                  <identification_number value="21116" root="2.16.840.1.113883.2.4.6.6.90000258.4.7"/>
                  <author>
                     <health_professional>
                        <health_professional_identification_number value="900014718" root="2.16.528.1.1007.3.1"/>
                        <health_professional_role code="RESP"
                                                  codeSystem="2.16.840.1.113883.5.90"
                                                  displayName="Responsible Party"/>
                     </health_professional>
                  </author>
               </hcimroot>
               <measurement_name code="1739"
                                 codeSystem="2.16.840.1.113883.2.4.4.30.45"
                                 codeSystemName="Codes diagnostische bepalingen"
                                 codeSystemVersion="v29"
                                 displayName="roken"/>
               <result_value code="4"
                             codeSystem="2.16.840.1.113883.2.4.4.30.1045"
                             displayName="voorheen"/>
               <result_date_time value="2019-01-30"/>
            </measurement_result>
         </general_measurement>
         <general_measurement>
            <measurement_result>
               <hcimroot>
                  <identification_number value="21117" root="2.16.840.1.113883.2.4.6.6.90000258.4.7"/>
                  <author>
                     <health_professional>
                        <health_professional_identification_number value="900014718" root="2.16.528.1.1007.3.1"/>
                        <health_professional_role code="RESP"
                                                  codeSystem="2.16.840.1.113883.5.90"
                                                  displayName="Responsible Party"/>
                     </health_professional>
                  </author>
               </hcimroot>
               <measurement_name code="1991"
                                 codeSystem="2.16.840.1.113883.2.4.4.30.45"
                                 codeSystemName="Codes diagnostische bepalingen"
                                 codeSystemVersion="v29"
                                 displayName="aantal jaren gerookt"/>
               <result_value value="10" unit="a"/>
               <result_date_time value="2019-01-30"/>
            </measurement_result>
         </general_measurement>
         <general_measurement>
            <measurement_result>
               <hcimroot>
                  <identification_number value="21118.0.97" root="2.16.840.1.113883.2.4.6.6.90000258.4.7"/>
                  <author>
                     <health_professional>
                        <health_professional_identification_number value="900014718" root="2.16.528.1.1007.3.1"/>
                        <health_professional_role code="RESP"
                                                  codeSystem="2.16.840.1.113883.5.90"
                                                  displayName="Responsible Party"/>
                     </health_professional>
                  </author>
               </hcimroot>
               <measurement_name code="2025"
                                 codeSystem="2.16.840.1.113883.2.4.4.30.45"
                                 codeSystemName="Codes diagnostische bepalingen"
                                 codeSystemVersion="v29"
                                 displayName="specificatie longaandoeningen in familie"/>
               <result_value code="97"
                             codeSystem="2.16.840.1.113883.2.4.4.30.1045"
                             displayName="astma"/>
               <result_date_time value="2019-01-30"/>
            </measurement_result>
         </general_measurement>
         <general_measurement>
            <measurement_result>
               <hcimroot>
                  <identification_number value="21122" root="2.16.840.1.113883.2.4.6.6.90000258.4.7"/>
                  <author>
                     <health_professional>
                        <health_professional_identification_number value="900014718" root="2.16.528.1.1007.3.1"/>
                        <health_professional_role code="RESP"
                                                  codeSystem="2.16.840.1.113883.5.90"
                                                  displayName="Responsible Party"/>
                     </health_professional>
                  </author>
               </hcimroot>
               <measurement_name code="1272"
                                 codeSystem="2.16.840.1.113883.2.4.4.30.45"
                                 codeSystemName="Codes diagnostische bepalingen"
                                 codeSystemVersion="v29"
                                 displayName="Quetelet-index (BMI) patiënt"/>
               <result_value value="27" unit="kg/m2"/>
               <result_date_time value="2019-02-03"/>
               <reference_range_lower_limit nullFlavor="NINF"/>
               <reference_range_upper_limit value="27" unit="kg/m2"/>
               <result_flags code="N"
                             codeSystem="2.16.840.1.113883.5.83"
                             codeSystemName="HL7 ObservationInterpretation"
                             displayName="Normal"/>
            </measurement_result>
         </general_measurement>
         <general_measurement>
            <measurement_result>
               <hcimroot>
                  <identification_number value="21125" root="2.16.840.1.113883.2.4.6.6.90000258.4.7"/>
                  <author>
                     <health_professional>
                        <health_professional_identification_number value="900014718" root="2.16.528.1.1007.3.1"/>
                        <health_professional_role code="RESP"
                                                  codeSystem="2.16.840.1.113883.5.90"
                                                  displayName="Responsible Party"/>
                     </health_professional>
                  </author>
               </hcimroot>
               <measurement_name code="1744"
                                 codeSystem="2.16.840.1.113883.2.4.4.30.45"
                                 codeSystemName="Codes diagnostische bepalingen"
                                 codeSystemVersion="v29"
                                 displayName="systolische bloeddruk"/>
               <result_value value="160" unit="mm[Hg]"/>
               <result_date_time value="2019-02-02"/>
               <reference_range_lower_limit nullFlavor="NINF"/>
               <reference_range_upper_limit value="140" unit="mm[Hg]"/>
               <result_flags code="H"
                             codeSystem="2.16.840.1.113883.5.83"
                             codeSystemName="HL7 ObservationInterpretation"
                             displayName="High"/>
            </measurement_result>
         </general_measurement>
         <general_measurement>
            <measurement_result>
               <hcimroot>
                  <identification_number value="21126" root="2.16.840.1.113883.2.4.6.6.90000258.4.7"/>
                  <author>
                     <health_professional>
                        <health_professional_identification_number value="900014718" root="2.16.528.1.1007.3.1"/>
                        <health_professional_role code="RESP"
                                                  codeSystem="2.16.840.1.113883.5.90"
                                                  displayName="Responsible Party"/>
                     </health_professional>
                  </author>
               </hcimroot>
               <measurement_name code="1740"
                                 codeSystem="2.16.840.1.113883.2.4.4.30.45"
                                 codeSystemName="Codes diagnostische bepalingen"
                                 codeSystemVersion="v29"
                                 displayName="diastolische bloeddruk"/>
               <result_value value="80" unit="mm[Hg]"/>
               <result_date_time value="2019-02-02"/>
               <reference_range_lower_limit nullFlavor="NINF"/>
               <reference_range_upper_limit value="89" unit="mm[Hg]"/>
               <result_flags code="N"
                             codeSystem="2.16.840.1.113883.5.83"
                             codeSystemName="HL7 ObservationInterpretation"
                             displayName="Normal"/>
            </measurement_result>
         </general_measurement>
         <general_measurement>
            <measurement_result>
               <hcimroot>
                  <identification_number value="21127" root="2.16.840.1.113883.2.4.6.6.90000258.4.7"/>
                  <author>
                     <health_professional>
                        <health_professional_identification_number value="900014718" root="2.16.528.1.1007.3.1"/>
                        <health_professional_role code="RESP"
                                                  codeSystem="2.16.840.1.113883.5.90"
                                                  displayName="Responsible Party"/>
                     </health_professional>
                  </author>
               </hcimroot>
               <measurement_name code="1875"
                                 codeSystem="2.16.840.1.113883.2.4.4.30.45"
                                 codeSystemName="Codes diagnostische bepalingen"
                                 codeSystemVersion="v29"
                                 displayName="polsfrequentie"/>
               <result_value value="72" unit="/min"/>
               <result_date_time value="2019-02-02"/>
               <reference_range_lower_limit value="60" unit="/min"/>
               <reference_range_upper_limit value="100" unit="/min"/>
               <result_flags code="N"
                             codeSystem="2.16.840.1.113883.5.83"
                             codeSystemName="HL7 ObservationInterpretation"
                             displayName="Normal"/>
            </measurement_result>
         </general_measurement>
         <general_measurement>
            <measurement_result>
               <hcimroot>
                  <identification_number value="21128" root="2.16.840.1.113883.2.4.6.6.90000258.4.7"/>
                  <author>
                     <health_professional>
                        <health_professional_identification_number value="900014718" root="2.16.528.1.1007.3.1"/>
                        <health_professional_role code="RESP"
                                                  codeSystem="2.16.840.1.113883.5.90"
                                                  displayName="Responsible Party"/>
                     </health_professional>
                  </author>
               </hcimroot>
               <measurement_name code="2209"
                                 codeSystem="2.16.840.1.113883.2.4.4.30.45"
                                 codeSystemName="Codes diagnostische bepalingen"
                                 codeSystemVersion="v29"
                                 displayName="ernst/stadium COPD (GOLD classificatie)"/>
               <result_value code="255"
                             codeSystem="2.16.840.1.113883.2.4.4.30.1045"
                             displayName="1: mild COPD"/>
               <result_date_time value="2019-02-02"/>
            </measurement_result>
         </general_measurement>
         <general_measurement>
            <measurement_result>
               <hcimroot>
                  <identification_number value="21129" root="2.16.840.1.113883.2.4.6.6.90000258.4.7"/>
                  <author>
                     <health_professional>
                        <health_professional_identification_number value="900014718" root="2.16.528.1.1007.3.1"/>
                        <health_professional_role code="RESP"
                                                  codeSystem="2.16.840.1.113883.5.90"
                                                  displayName="Responsible Party"/>
                     </health_professional>
                  </author>
               </hcimroot>
               <measurement_name code="1913"
                                 codeSystem="2.16.840.1.113883.2.4.4.30.45"
                                 codeSystemName="Codes diagnostische bepalingen"
                                 codeSystemVersion="v29"
                                 displayName="temperatuur patiënt (in oor gemeten)"/>
               <result_value value="37.5" unit="Cel"/>
               <result_date_time value="2019-02-02"/>
            </measurement_result>
         </general_measurement>
         <general_measurement>
            <measurement_result>
               <hcimroot>
                  <identification_number value="21130" root="2.16.840.1.113883.2.4.6.6.90000258.4.7"/>
                  <author>
                     <health_professional>
                        <health_professional_identification_number value="900014718" root="2.16.528.1.1007.3.1"/>
                        <health_professional_role code="RESP"
                                                  codeSystem="2.16.840.1.113883.5.90"
                                                  displayName="Responsible Party"/>
                     </health_professional>
                  </author>
               </hcimroot>
               <measurement_name code="1659"
                                 codeSystem="2.16.840.1.113883.2.4.4.30.45"
                                 codeSystemName="Codes diagnostische bepalingen"
                                 codeSystemVersion="v29"
                                 displayName="kortademigheid (anamnese)"/>
               <result_value code="1"
                             codeSystem="2.16.840.1.113883.2.4.4.30.1045"
                             displayName="ja"/>
               <result_date_time value="2019-02-02"/>
            </measurement_result>
         </general_measurement>
         <general_measurement>
            <measurement_result>
               <hcimroot>
                  <identification_number value="21131" root="2.16.840.1.113883.2.4.6.6.90000258.4.7"/>
                  <author>
                     <health_professional>
                        <health_professional_identification_number value="900014718" root="2.16.528.1.1007.3.1"/>
                        <health_professional_role code="RESP"
                                                  codeSystem="2.16.840.1.113883.5.90"
                                                  displayName="Responsible Party"/>
                     </health_professional>
                  </author>
               </hcimroot>
               <measurement_name code="3258"
                                 codeSystem="2.16.840.1.113883.2.4.4.30.45"
                                 codeSystemName="Codes diagnostische bepalingen"
                                 codeSystemVersion="v29"
                                 displayName="hartkloppingen (anamnese)"/>
               <result_value code="8"
                             codeSystem="2.16.840.1.113883.2.4.4.30.1045"
                             displayName="onduidelijk"/>
               <result_date_time value="2019-02-02"/>
            </measurement_result>
         </general_measurement>
      </general_measurements_response>
      <!--Input HL7 xml below-->
                       <!--<templateId xmlns="urn:hl7-org:v3"
                  xmlns:sd="urn:hl7-org:sdtc"
                  xmlns:ph="urn:ihe:pharm:medication"
                  xmlns:nl="urn:hl7-nl:v3"
                  xmlns:SOAP-ENV="http://schemas.xmlsoap.org/soap/envelope/"
                  xmlns:soap="http://schemas.xmlsoap.org/soap/envelope/"
                  xmlns:httpclient="http://exist-db.org/xquery/httpclient"/>
      <code xmlns="urn:hl7-org:v3"
            xmlns:sd="urn:hl7-org:sdtc"
            xmlns:ph="urn:ihe:pharm:medication"
            xmlns:nl="urn:hl7-nl:v3"
            xmlns:SOAP-ENV="http://schemas.xmlsoap.org/soap/envelope/"
            xmlns:soap="http://schemas.xmlsoap.org/soap/envelope/"
            xmlns:httpclient="http://exist-db.org/xquery/httpclient"/>
      <statusCode xmlns="urn:hl7-org:v3"
                  xmlns:sd="urn:hl7-org:sdtc"
                  xmlns:ph="urn:ihe:pharm:medication"
                  xmlns:nl="urn:hl7-nl:v3"
                  xmlns:SOAP-ENV="http://schemas.xmlsoap.org/soap/envelope/"
                  xmlns:soap="http://schemas.xmlsoap.org/soap/envelope/"
                  xmlns:httpclient="http://exist-db.org/xquery/httpclient"/>
      <recordTarget xmlns="urn:hl7-org:v3"
                    xmlns:sd="urn:hl7-org:sdtc"
                    xmlns:ph="urn:ihe:pharm:medication"
                    xmlns:nl="urn:hl7-nl:v3"
                    xmlns:SOAP-ENV="http://schemas.xmlsoap.org/soap/envelope/"
                    xmlns:soap="http://schemas.xmlsoap.org/soap/envelope/"
                    xmlns:httpclient="http://exist-db.org/xquery/httpclient">
                                    <patientRole>
                                        <id/>
                                        <addr>
                                            <streetName>Knolweg</streetName>
                                            <houseNumber>1001</houseNumber>
                                            <postalCode>9999 XX</postalCode>
                                            <city>STITSWERD</city>
                                            <country>Nederland</country>
                                        </addr>
                                        <patient>
                                            <name>
                                                <given>E.</given>
                                                <family>XXX_Zegers</family>
                                            </name>
                                            <administrativeGenderCode/>
                                            <birthTime/>
                                        </patient>
                                    </patientRole>
                                </recordTarget>
      <participant xmlns="urn:hl7-org:v3"
                   xmlns:sd="urn:hl7-org:sdtc"
                   xmlns:ph="urn:ihe:pharm:medication"
                   xmlns:nl="urn:hl7-nl:v3"
                   xmlns:SOAP-ENV="http://schemas.xmlsoap.org/soap/envelope/"
                   xmlns:soap="http://schemas.xmlsoap.org/soap/envelope/"
                   xmlns:httpclient="http://exist-db.org/xquery/httpclient">
                                    <participantRole>
                                        <id/>
                                    </participantRole>
                                </participant>
      <component xmlns="urn:hl7-org:v3"
                 xmlns:sd="urn:hl7-org:sdtc"
                 xmlns:ph="urn:ihe:pharm:medication"
                 xmlns:nl="urn:hl7-nl:v3"
                 xmlns:SOAP-ENV="http://schemas.xmlsoap.org/soap/envelope/"
                 xmlns:soap="http://schemas.xmlsoap.org/soap/envelope/"
                 xmlns:httpclient="http://exist-db.org/xquery/httpclient">
                                    <observation>
                                        <templateId/>
                                        <id/>
                                        <code/>
                                        <statusCode/>
                                        <effectiveTime/>
                                        <value/>
                                        <interpretationCode/>
                                        <participant>
                                            <participantRole>
                                                <id/>
                                            </participantRole>
                                        </participant>
                                        <referenceRange>
                                            <observationRange>
                                                <value>
                                                    <low/>
                                                    <high/>
                                                </value>
                                                <interpretationCode/>
                                            </observationRange>
                                        </referenceRange>
                                    </observation>
                                </component>
      <component xmlns="urn:hl7-org:v3"
                 xmlns:sd="urn:hl7-org:sdtc"
                 xmlns:ph="urn:ihe:pharm:medication"
                 xmlns:nl="urn:hl7-nl:v3"
                 xmlns:SOAP-ENV="http://schemas.xmlsoap.org/soap/envelope/"
                 xmlns:soap="http://schemas.xmlsoap.org/soap/envelope/"
                 xmlns:httpclient="http://exist-db.org/xquery/httpclient">
                                    <observation>
                                        <templateId/>
                                        <id/>
                                        <code/>
                                        <statusCode/>
                                        <effectiveTime/>
                                        <value/>
                                        <interpretationCode/>
                                        <participant>
                                            <participantRole>
                                                <id/>
                                            </participantRole>
                                        </participant>
                                        <referenceRange>
                                            <observationRange>
                                                <value>
                                                    <low/>
                                                    <high/>
                                                </value>
                                                <interpretationCode/>
                                            </observationRange>
                                        </referenceRange>
                                    </observation>
                                </component>
      <component xmlns="urn:hl7-org:v3"
                 xmlns:sd="urn:hl7-org:sdtc"
                 xmlns:ph="urn:ihe:pharm:medication"
                 xmlns:nl="urn:hl7-nl:v3"
                 xmlns:SOAP-ENV="http://schemas.xmlsoap.org/soap/envelope/"
                 xmlns:soap="http://schemas.xmlsoap.org/soap/envelope/"
                 xmlns:httpclient="http://exist-db.org/xquery/httpclient">
                                    <observation>
                                        <templateId/>
                                        <id/>
                                        <code/>
                                        <statusCode/>
                                        <effectiveTime/>
                                        <value/>
                                        <interpretationCode/>
                                        <participant>
                                            <participantRole>
                                                <id/>
                                            </participantRole>
                                        </participant>
                                        <referenceRange>
                                            <observationRange>
                                                <value>
                                                    <low/>
                                                    <high/>
                                                </value>
                                                <interpretationCode/>
                                            </observationRange>
                                        </referenceRange>
                                    </observation>
                                </component>
      <component xmlns="urn:hl7-org:v3"
                 xmlns:sd="urn:hl7-org:sdtc"
                 xmlns:ph="urn:ihe:pharm:medication"
                 xmlns:nl="urn:hl7-nl:v3"
                 xmlns:SOAP-ENV="http://schemas.xmlsoap.org/soap/envelope/"
                 xmlns:soap="http://schemas.xmlsoap.org/soap/envelope/"
                 xmlns:httpclient="http://exist-db.org/xquery/httpclient">
                                    <observation>
                                        <templateId/>
                                        <id/>
                                        <code/>
                                        <statusCode/>
                                        <effectiveTime/>
                                        <value/>
                                        <participant>
                                            <participantRole>
                                                <id/>
                                            </participantRole>
                                        </participant>
                                    </observation>
                                </component>
      <component xmlns="urn:hl7-org:v3"
                 xmlns:sd="urn:hl7-org:sdtc"
                 xmlns:ph="urn:ihe:pharm:medication"
                 xmlns:nl="urn:hl7-nl:v3"
                 xmlns:SOAP-ENV="http://schemas.xmlsoap.org/soap/envelope/"
                 xmlns:soap="http://schemas.xmlsoap.org/soap/envelope/"
                 xmlns:httpclient="http://exist-db.org/xquery/httpclient">
                                    <observation>
                                        <templateId/>
                                        <id/>
                                        <code/>
                                        <statusCode/>
                                        <effectiveTime/>
                                        <value>linker pols C01@ST-600@</value>
                                        <participant>
                                            <participantRole>
                                                <id/>
                                            </participantRole>
                                        </participant>
                                    </observation>
                                </component>
      <component xmlns="urn:hl7-org:v3"
                 xmlns:sd="urn:hl7-org:sdtc"
                 xmlns:ph="urn:ihe:pharm:medication"
                 xmlns:nl="urn:hl7-nl:v3"
                 xmlns:SOAP-ENV="http://schemas.xmlsoap.org/soap/envelope/"
                 xmlns:soap="http://schemas.xmlsoap.org/soap/envelope/"
                 xmlns:httpclient="http://exist-db.org/xquery/httpclient">
                                    <observation>
                                        <templateId/>
                                        <id/>
                                        <code/>
                                        <statusCode/>
                                        <effectiveTime/>
                                        <value/>
                                        <interpretationCode/>
                                        <participant>
                                            <participantRole>
                                                <id/>
                                            </participantRole>
                                        </participant>
                                        <referenceRange>
                                            <observationRange>
                                                <value>
                                                    <low/>
                                                    <high/>
                                                </value>
                                                <interpretationCode/>
                                            </observationRange>
                                        </referenceRange>
                                    </observation>
                                </component>
      <component xmlns="urn:hl7-org:v3"
                 xmlns:sd="urn:hl7-org:sdtc"
                 xmlns:ph="urn:ihe:pharm:medication"
                 xmlns:nl="urn:hl7-nl:v3"
                 xmlns:SOAP-ENV="http://schemas.xmlsoap.org/soap/envelope/"
                 xmlns:soap="http://schemas.xmlsoap.org/soap/envelope/"
                 xmlns:httpclient="http://exist-db.org/xquery/httpclient">
                                    <observation>
                                        <templateId/>
                                        <id/>
                                        <code/>
                                        <statusCode/>
                                        <effectiveTime/>
                                        <value/>
                                        <interpretationCode/>
                                        <participant>
                                            <participantRole>
                                                <id/>
                                            </participantRole>
                                        </participant>
                                        <referenceRange>
                                            <observationRange>
                                                <value>
                                                    <low/>
                                                    <high/>
                                                </value>
                                                <interpretationCode/>
                                            </observationRange>
                                        </referenceRange>
                                    </observation>
                                </component>
      <component xmlns="urn:hl7-org:v3"
                 xmlns:sd="urn:hl7-org:sdtc"
                 xmlns:ph="urn:ihe:pharm:medication"
                 xmlns:nl="urn:hl7-nl:v3"
                 xmlns:SOAP-ENV="http://schemas.xmlsoap.org/soap/envelope/"
                 xmlns:soap="http://schemas.xmlsoap.org/soap/envelope/"
                 xmlns:httpclient="http://exist-db.org/xquery/httpclient">
                                    <observation>
                                        <templateId/>
                                        <id/>
                                        <code/>
                                        <statusCode/>
                                        <effectiveTime/>
                                        <value/>
                                        <participant>
                                            <participantRole>
                                                <id/>
                                            </participantRole>
                                        </participant>
                                    </observation>
                                </component>
      <component xmlns="urn:hl7-org:v3"
                 xmlns:sd="urn:hl7-org:sdtc"
                 xmlns:ph="urn:ihe:pharm:medication"
                 xmlns:nl="urn:hl7-nl:v3"
                 xmlns:SOAP-ENV="http://schemas.xmlsoap.org/soap/envelope/"
                 xmlns:soap="http://schemas.xmlsoap.org/soap/envelope/"
                 xmlns:httpclient="http://exist-db.org/xquery/httpclient">
                                    <observation>
                                        <templateId/>
                                        <id/>
                                        <code/>
                                        <statusCode/>
                                        <effectiveTime/>
                                        <value/>
                                        <participant>
                                            <participantRole>
                                                <id/>
                                            </participantRole>
                                        </participant>
                                    </observation>
                                </component>
      <component xmlns="urn:hl7-org:v3"
                 xmlns:sd="urn:hl7-org:sdtc"
                 xmlns:ph="urn:ihe:pharm:medication"
                 xmlns:nl="urn:hl7-nl:v3"
                 xmlns:SOAP-ENV="http://schemas.xmlsoap.org/soap/envelope/"
                 xmlns:soap="http://schemas.xmlsoap.org/soap/envelope/"
                 xmlns:httpclient="http://exist-db.org/xquery/httpclient">
                                    <observation>
                                        <templateId/>
                                        <id/>
                                        <code/>
                                        <statusCode/>
                                        <effectiveTime/>
                                        <value/>
                                        <participant>
                                            <participantRole>
                                                <id/>
                                            </participantRole>
                                        </participant>
                                    </observation>
                                </component>
      <component xmlns="urn:hl7-org:v3"
                 xmlns:sd="urn:hl7-org:sdtc"
                 xmlns:ph="urn:ihe:pharm:medication"
                 xmlns:nl="urn:hl7-nl:v3"
                 xmlns:SOAP-ENV="http://schemas.xmlsoap.org/soap/envelope/"
                 xmlns:soap="http://schemas.xmlsoap.org/soap/envelope/"
                 xmlns:httpclient="http://exist-db.org/xquery/httpclient">
                                    <observation>
                                        <templateId/>
                                        <id/>
                                        <code/>
                                        <statusCode/>
                                        <effectiveTime/>
                                        <value/>
                                        <interpretationCode/>
                                        <participant>
                                            <participantRole>
                                                <id/>
                                            </participantRole>
                                        </participant>
                                        <referenceRange>
                                            <observationRange>
                                                <value>
                                                    <low/>
                                                    <high/>
                                                </value>
                                                <interpretationCode/>
                                            </observationRange>
                                        </referenceRange>
                                    </observation>
                                </component>
      <component xmlns="urn:hl7-org:v3"
                 xmlns:sd="urn:hl7-org:sdtc"
                 xmlns:ph="urn:ihe:pharm:medication"
                 xmlns:nl="urn:hl7-nl:v3"
                 xmlns:SOAP-ENV="http://schemas.xmlsoap.org/soap/envelope/"
                 xmlns:soap="http://schemas.xmlsoap.org/soap/envelope/"
                 xmlns:httpclient="http://exist-db.org/xquery/httpclient">
                                    <observation>
                                        <templateId/>
                                        <id/>
                                        <code/>
                                        <statusCode/>
                                        <effectiveTime/>
                                        <value/>
                                        <interpretationCode/>
                                        <participant>
                                            <participantRole>
                                                <id/>
                                            </participantRole>
                                        </participant>
                                        <referenceRange>
                                            <observationRange>
                                                <value>
                                                    <low/>
                                                    <high/>
                                                </value>
                                                <interpretationCode/>
                                            </observationRange>
                                        </referenceRange>
                                    </observation>
                                </component>
      <component xmlns="urn:hl7-org:v3"
                 xmlns:sd="urn:hl7-org:sdtc"
                 xmlns:ph="urn:ihe:pharm:medication"
                 xmlns:nl="urn:hl7-nl:v3"
                 xmlns:SOAP-ENV="http://schemas.xmlsoap.org/soap/envelope/"
                 xmlns:soap="http://schemas.xmlsoap.org/soap/envelope/"
                 xmlns:httpclient="http://exist-db.org/xquery/httpclient">
                                    <observation>
                                        <templateId/>
                                        <id/>
                                        <code/>
                                        <statusCode/>
                                        <effectiveTime/>
                                        <value>CPOD C03@ST-30@</value>
                                        <participant>
                                            <participantRole>
                                                <id/>
                                            </participantRole>
                                        </participant>
                                    </observation>
                                </component>
      <component xmlns="urn:hl7-org:v3"
                 xmlns:sd="urn:hl7-org:sdtc"
                 xmlns:ph="urn:ihe:pharm:medication"
                 xmlns:nl="urn:hl7-nl:v3"
                 xmlns:SOAP-ENV="http://schemas.xmlsoap.org/soap/envelope/"
                 xmlns:soap="http://schemas.xmlsoap.org/soap/envelope/"
                 xmlns:httpclient="http://exist-db.org/xquery/httpclient">
                                    <observation>
                                        <templateId/>
                                        <id/>
                                        <code/>
                                        <statusCode/>
                                        <effectiveTime/>
                                        <value/>
                                        <participant>
                                            <participantRole>
                                                <id/>
                                            </participantRole>
                                        </participant>
                                    </observation>
                                </component>
      <component xmlns="urn:hl7-org:v3"
                 xmlns:sd="urn:hl7-org:sdtc"
                 xmlns:ph="urn:ihe:pharm:medication"
                 xmlns:nl="urn:hl7-nl:v3"
                 xmlns:SOAP-ENV="http://schemas.xmlsoap.org/soap/envelope/"
                 xmlns:soap="http://schemas.xmlsoap.org/soap/envelope/"
                 xmlns:httpclient="http://exist-db.org/xquery/httpclient">
                                    <observation>
                                        <templateId/>
                                        <id/>
                                        <code/>
                                        <statusCode/>
                                        <effectiveTime/>
                                        <value/>
                                        <participant>
                                            <participantRole>
                                                <id/>
                                            </participantRole>
                                        </participant>
                                    </observation>
                                </component>
      <component xmlns="urn:hl7-org:v3"
                 xmlns:sd="urn:hl7-org:sdtc"
                 xmlns:ph="urn:ihe:pharm:medication"
                 xmlns:nl="urn:hl7-nl:v3"
                 xmlns:SOAP-ENV="http://schemas.xmlsoap.org/soap/envelope/"
                 xmlns:soap="http://schemas.xmlsoap.org/soap/envelope/"
                 xmlns:httpclient="http://exist-db.org/xquery/httpclient">
                                    <observation>
                                        <templateId/>
                                        <id/>
                                        <code/>
                                        <statusCode/>
                                        <effectiveTime/>
                                        <value/>
                                        <participant>
                                            <participantRole>
                                                <id/>
                                            </participantRole>
                                        </participant>
                                    </observation>
                                </component>
      <component xmlns="urn:hl7-org:v3"
                 xmlns:sd="urn:hl7-org:sdtc"
                 xmlns:ph="urn:ihe:pharm:medication"
                 xmlns:nl="urn:hl7-nl:v3"
                 xmlns:SOAP-ENV="http://schemas.xmlsoap.org/soap/envelope/"
                 xmlns:soap="http://schemas.xmlsoap.org/soap/envelope/"
                 xmlns:httpclient="http://exist-db.org/xquery/httpclient">
                                    <observation>
                                        <templateId/>
                                        <id/>
                                        <code/>
                                        <statusCode/>
                                        <effectiveTime/>
                                        <value/>
                                        <interpretationCode/>
                                        <participant>
                                            <participantRole>
                                                <id/>
                                            </participantRole>
                                        </participant>
                                        <referenceRange>
                                            <observationRange>
                                                <value>
                                                    <low/>
                                                    <high/>
                                                </value>
                                                <interpretationCode/>
                                            </observationRange>
                                        </referenceRange>
                                    </observation>
                                </component>
      <component xmlns="urn:hl7-org:v3"
                 xmlns:sd="urn:hl7-org:sdtc"
                 xmlns:ph="urn:ihe:pharm:medication"
                 xmlns:nl="urn:hl7-nl:v3"
                 xmlns:SOAP-ENV="http://schemas.xmlsoap.org/soap/envelope/"
                 xmlns:soap="http://schemas.xmlsoap.org/soap/envelope/"
                 xmlns:httpclient="http://exist-db.org/xquery/httpclient">
                                    <observation>
                                        <templateId/>
                                        <id/>
                                        <code/>
                                        <statusCode/>
                                        <effectiveTime/>
                                        <value/>
                                        <interpretationCode/>
                                        <participant>
                                            <participantRole>
                                                <id/>
                                            </participantRole>
                                        </participant>
                                        <referenceRange>
                                            <observationRange>
                                                <value>
                                                    <low/>
                                                    <high/>
                                                </value>
                                                <interpretationCode/>
                                            </observationRange>
                                        </referenceRange>
                                    </observation>
                                </component>
      <component xmlns="urn:hl7-org:v3"
                 xmlns:sd="urn:hl7-org:sdtc"
                 xmlns:ph="urn:ihe:pharm:medication"
                 xmlns:nl="urn:hl7-nl:v3"
                 xmlns:SOAP-ENV="http://schemas.xmlsoap.org/soap/envelope/"
                 xmlns:soap="http://schemas.xmlsoap.org/soap/envelope/"
                 xmlns:httpclient="http://exist-db.org/xquery/httpclient">
                                    <observation>
                                        <templateId/>
                                        <id/>
                                        <code/>
                                        <statusCode/>
                                        <effectiveTime/>
                                        <value/>
                                        <interpretationCode/>
                                        <participant>
                                            <participantRole>
                                                <id/>
                                            </participantRole>
                                        </participant>
                                        <referenceRange>
                                            <observationRange>
                                                <value>
                                                    <low/>
                                                    <high/>
                                                </value>
                                                <interpretationCode/>
                                            </observationRange>
                                        </referenceRange>
                                    </observation>
                                </component>
      <component xmlns="urn:hl7-org:v3"
                 xmlns:sd="urn:hl7-org:sdtc"
                 xmlns:ph="urn:ihe:pharm:medication"
                 xmlns:nl="urn:hl7-nl:v3"
                 xmlns:SOAP-ENV="http://schemas.xmlsoap.org/soap/envelope/"
                 xmlns:soap="http://schemas.xmlsoap.org/soap/envelope/"
                 xmlns:httpclient="http://exist-db.org/xquery/httpclient">
                                    <observation>
                                        <templateId/>
                                        <id/>
                                        <code/>
                                        <statusCode/>
                                        <effectiveTime/>
                                        <value/>
                                        <interpretationCode/>
                                        <participant>
                                            <participantRole>
                                                <id/>
                                            </participantRole>
                                        </participant>
                                        <referenceRange>
                                            <observationRange>
                                                <value>
                                                    <low/>
                                                    <high/>
                                                </value>
                                                <interpretationCode/>
                                            </observationRange>
                                        </referenceRange>
                                    </observation>
                                </component>
      <component xmlns="urn:hl7-org:v3"
                 xmlns:sd="urn:hl7-org:sdtc"
                 xmlns:ph="urn:ihe:pharm:medication"
                 xmlns:nl="urn:hl7-nl:v3"
                 xmlns:SOAP-ENV="http://schemas.xmlsoap.org/soap/envelope/"
                 xmlns:soap="http://schemas.xmlsoap.org/soap/envelope/"
                 xmlns:httpclient="http://exist-db.org/xquery/httpclient">
                                    <observation>
                                        <templateId/>
                                        <id/>
                                        <code/>
                                        <statusCode/>
                                        <effectiveTime/>
                                        <value/>
                                        <participant>
                                            <participantRole>
                                                <id/>
                                            </participantRole>
                                        </participant>
                                    </observation>
                                </component>
      <component xmlns="urn:hl7-org:v3"
                 xmlns:sd="urn:hl7-org:sdtc"
                 xmlns:ph="urn:ihe:pharm:medication"
                 xmlns:nl="urn:hl7-nl:v3"
                 xmlns:SOAP-ENV="http://schemas.xmlsoap.org/soap/envelope/"
                 xmlns:soap="http://schemas.xmlsoap.org/soap/envelope/"
                 xmlns:httpclient="http://exist-db.org/xquery/httpclient">
                                    <observation>
                                        <templateId/>
                                        <id/>
                                        <code/>
                                        <statusCode/>
                                        <effectiveTime/>
                                        <value/>
                                        <participant>
                                            <participantRole>
                                                <id/>
                                            </participantRole>
                                        </participant>
                                    </observation>
                                </component>
      <component xmlns="urn:hl7-org:v3"
                 xmlns:sd="urn:hl7-org:sdtc"
                 xmlns:ph="urn:ihe:pharm:medication"
                 xmlns:nl="urn:hl7-nl:v3"
                 xmlns:SOAP-ENV="http://schemas.xmlsoap.org/soap/envelope/"
                 xmlns:soap="http://schemas.xmlsoap.org/soap/envelope/"
                 xmlns:httpclient="http://exist-db.org/xquery/httpclient">
                                    <observation>
                                        <templateId/>
                                        <id/>
                                        <code/>
                                        <statusCode/>
                                        <effectiveTime/>
                                        <value/>
                                        <participant>
                                            <participantRole>
                                                <id/>
                                            </participantRole>
                                        </participant>
                                    </observation>
                                </component>
      <component xmlns="urn:hl7-org:v3"
                 xmlns:sd="urn:hl7-org:sdtc"
                 xmlns:ph="urn:ihe:pharm:medication"
                 xmlns:nl="urn:hl7-nl:v3"
                 xmlns:SOAP-ENV="http://schemas.xmlsoap.org/soap/envelope/"
                 xmlns:soap="http://schemas.xmlsoap.org/soap/envelope/"
                 xmlns:httpclient="http://exist-db.org/xquery/httpclient">
                                    <observation>
                                        <templateId/>
                                        <id/>
                                        <code/>
                                        <statusCode/>
                                        <effectiveTime/>
                                        <value/>
                                        <participant>
                                            <participantRole>
                                                <id/>
                                            </participantRole>
                                        </participant>
                                    </observation>
                                </component>-->
</data>
</adaxml>
