<!--Generated from HL7v3 REPC_IN990131NL instance with: <id extension="3190bcf8-2aae-4025-bc4c-f1b98af64072" root="2.16.840.1.113883.2.4.6.6.1.1"/>-->
<adaxml xmlns:xsi="http://www.w3.org/2001/XMLSchema-instance"
        xsi:noNamespaceSchemaLocation="../ada_schemas/ada_allergyintolerances_response.xsd">
   <meta status="new"
         created-by="generated"
         last-update-by="generated"
         creation-date="2020-04-20T14:13:53.588+02:00"
         last-update-date="2020-04-20T14:13:53.588+02:00"/>
   <data>
      <allergyintolerances_response app="ketenzorg3.0"
                                    shortName="allergyintolerances_response"
                                    formName="allergyintolerances_response"
                                    transactionRef="2.16.840.1.113883.2.4.3.11.60.66.4.535"
                                    transactionEffectiveDate="2018-04-13T00:00:00"
                                    versionDate=""
                                    prefix="kz-"
                                    language="en-US"
                                    title="Generated Through Conversion"
                                    id="66c8917e-8300-11ea-1186-020000000000">
         <bundle>
            <type code="48765-2"
                  codeSystem="2.16.840.1.113883.6.1"
                  codeSystemName="LOINC"
                  displayName="Allergies and/or adverse reactions"/>
            <status code="completed"
                    codeSystem="2.16.840.1.113883.5.14"
                    displayName="completed"/>
            <custodian>
               <healthcare_provider>
                  <healthcare_provider_identification_number value="02234567" root="2.16.528.1.1007.3.3"/>
                  <organization_name value="Bester"/>
               </healthcare_provider>
            </custodian>
            <subject>
               <patient>
                  <name_information>
                     <first_names value="Joris"/>
                     <name_usage code="UNK"
                                 codeSystem="2.16.840.1.113883.5.1008"
                                 displayName="Unknown"/>
                     <last_name>
                        <last_name value="Hansman"/>
                     </last_name>
                  </name_information>
                  <patient_identification_number value="012345672" root="2.16.840.1.113883.2.4.6.3"/>
                  <gender code="M" codeSystem="2.16.840.1.113883.5.1"/>
               </patient>
            </subject>
         </bundle>
         <allergy_intolerance>
            <hcimroot>
               <identification_number value="66935281-de15-4033-9be4-a4127812dd95"
                                      root="2.16.528.1.1007.3.3.765332.1.12"/>
            </hcimroot>
            <causative_agent code="OTH"
                             codeSystem="2.16.840.1.113883.5.1008"
                             displayName="overig"
                             originalText="Amoxicilline, opmerking: via neuroloog"/>
            <allergy_category code="419199007"
                              codeSystem="2.16.840.1.113883.6.96"
                              displayName="Allergy to substance"/>
            <allergy_status code="active"
                            codeSystem="2.16.840.1.113883.5.14"
                            displayName="active"/>
            <start_date_time value="2015-03-04"/>
         </allergy_intolerance>
      </allergyintolerances_response>
      <!--Input HL7 xml below-->
                       <!--<templateId xmlns="urn:hl7-org:v3"/>
      <code xmlns="urn:hl7-org:v3"/>
      <statusCode xmlns="urn:hl7-org:v3"/>
      <recordTarget xmlns="urn:hl7-org:v3">
                    <patientRole>
                        <id/>
                        <patient>
                            <name>
                                <given>Joris</given>
                                <family>Hansman</family>
                            </name>
                            <administrativeGenderCode/>
                        </patient>
                    </patientRole>
                </recordTarget>
      <component xmlns="urn:hl7-org:v3">
                    <act>
                        <!-\-Allergie/Intolerantie-\->
                        <templateId/>
                        <id/>
                        <code/>
                        <statusCode/>
                        <effectiveTime>
                            <low/>
                        </effectiveTime>
                        <entryRelationship>
                            <observation>
                                <templateId/>
                                <id/>
                                <code/>
                                <statusCode/>
                                <effectiveTime>
                                    <low/>
                                </effectiveTime>
                                <value/>
                                <participant>
                                    <participantRole>
                                        <playingEntity>
                                            <code>
                                                <originalText>Amoxicilline, opmerking: via neuroloog</originalText>
                                            </code>
                                        </playingEntity>
                                    </participantRole>
                                </participant>
                            </observation>
                        </entryRelationship>
                    </act>
                </component>-->
</data>
</adaxml>
