<!--Generated from HL7v3 xml with MCCI_IN200101 targetTransmission device device REPC_IN990131NL targetMessage device device AssignedDevice targetMessage device device AssignedDevice Organization patientRole act observation targetMessage device device AssignedDevice Organization patientRole act observation  .-->
<adaxml xmlns:xsi="http://www.w3.org/2001/XMLSchema-instance" xsi:noNamespaceSchemaLocation="../ada_schemas/ada_beschikbaarstellen_allergieintoleranties.xsd">
    <meta status="new" created-by="generated" last-update-by="generated" creation-date="2018-11-27T21:45:07.955+01:00" last-update-date="2018-11-27T21:45:07.955+01:00"/>
    <data>
        <beschikbaarstellen_allergieintoleranties app="ketenzorg3.0" shortName="beschikbaarstellen_allergieintoleranties" formName="bundle_of_allergy_intolerance" transactionRef="2.16.840.1.113883.2.4.3.11.60.66.4.535" transactionEffectiveDate="2018-04-13T00:00:00" versionDate="" prefix="kz-" language="en-US" title="Generated Through Conversion" id="5375187b-f285-11e8-1580-28f10e481d92">
            <bundle>
                <type code="48765-2" codeSystem="2.16.840.1.113883.6.1" codeSystemName="LOINC" displayName="Allergies and/or adverse reactions"/>
                <status code="completed"/>
                <custodian conceptId="2.16.840.1.113883.2.4.3.11.60.66.23.436">
                    <healthcare_provider>
                        <healthcare_provider_identification_number value="00002727" root="2.16.528.1.1007.3.3"/>
                        <organization_name value="VZVZ Simulator 70000003"/>
                    </healthcare_provider>
                </custodian>
                <subject>
                    <patient>
                        <name_information>
                            <first_names value="L"/>
                            <name_usage value="5" code="UNK" codeSystem="2.16.840.1.113883.5.1008" displayName="Unknown"/>
                            <last_name>
                                <last_name value="XXX_Charan"/>
                            </last_name>
                        </name_information>
                        <patient_identification_number value="999900006" root="2.16.840.1.113883.2.4.6.3"/>
                        <gender code="M" codeSystem="2.16.840.1.113883.5.1"/>
                    </patient>
                </subject>
            </bundle>
            <allergy_intolerance>
                <hcimroot>
                    <identification_number value="66935281-de15-4033-9be4-a4127812dd95" root="2.16.528.1.1007.3.3.765332.1.12"/>
                </hcimroot>
                <causative_agent code="OTH" codeSystem="2.16.840.1.113883.5.1008" displayName="other" originalText="Amoxicilline, opmerking: via neuroloog"/>
                <allergy_category code="ASSERTION" codeSystem="2.16.840.1.113883.5.4"/>
                <allergy_status code="active"/>
                <start_date_time value="2018-11-20T11:58:34"/>
            </allergy_intolerance>
            <allergy_intolerance>
                <hcimroot>
                    <identification_number value="66935281-de15-4033-9be4-a4127812dd95" root="2.16.528.1.1007.3.3.765332.1.12"/>
                </hcimroot>
                <causative_agent code="OTH" codeSystem="2.16.840.1.113883.5.1008" displayName="other" originalText="Amoxicilline, opmerking: via neuroloog"/>
                <allergy_category code="ASSERTION" codeSystem="2.16.840.1.113883.5.4"/>
                <allergy_status code="active"/>
                <start_date_time value="2018-11-20T11:58:34"/>
            </allergy_intolerance>
        </beschikbaarstellen_allergieintoleranties>
        <!--Input HL7 xml below-->
        <!--<templateId xmlns="urn:hl7-org:v3"
                  xmlns:SOAP-ENV="http://schemas.xmlsoap.org/soap/envelope/"
                  xmlns:xsd="http://www.w3.org/2001/XMLSchema"
                  xmlns:s="http://www.w3.org/2001/XMLSchema"
                  xmlns:wss="http://docs.oasis-open.org/wss/oasis-wss-wssecurity-secext-1.0.xsd"
                  root="2.16.840.1.113883.2.4.3.11.60.66.10.20"/>
      <code xmlns="urn:hl7-org:v3"
            xmlns:SOAP-ENV="http://schemas.xmlsoap.org/soap/envelope/"
            xmlns:xsd="http://www.w3.org/2001/XMLSchema"
            xmlns:s="http://www.w3.org/2001/XMLSchema"
            xmlns:wss="http://docs.oasis-open.org/wss/oasis-wss-wssecurity-secext-1.0.xsd"
            code="48765-2"
            displayName="Allergies and/or adverse reactions"
            codeSystem="2.16.840.1.113883.6.1"
            codeSystemName="LOINC"/>
      <statusCode xmlns="urn:hl7-org:v3"
                  xmlns:SOAP-ENV="http://schemas.xmlsoap.org/soap/envelope/"
                  xmlns:xsd="http://www.w3.org/2001/XMLSchema"
                  xmlns:s="http://www.w3.org/2001/XMLSchema"
                  xmlns:wss="http://docs.oasis-open.org/wss/oasis-wss-wssecurity-secext-1.0.xsd"
                  code="completed"/>
      <recordTarget xmlns="urn:hl7-org:v3"
                    xmlns:SOAP-ENV="http://schemas.xmlsoap.org/soap/envelope/"
                    xmlns:xsd="http://www.w3.org/2001/XMLSchema"
                    xmlns:s="http://www.w3.org/2001/XMLSchema"
                    xmlns:wss="http://docs.oasis-open.org/wss/oasis-wss-wssecurity-secext-1.0.xsd"
                    typeCode="RCT"
                    contextControlCode="OP">
         <patientRole>
            <id root="2.16.840.1.113883.2.4.6.3" extension="999900006"/>
            <patient>
               <name>
                  <given/>
                  <family/>
               </name>
               <administrativeGenderCode code="M" codeSystem="2.16.840.1.113883.5.1"/>
            </patient>
         </patientRole>
      </recordTarget>
      <component xmlns="urn:hl7-org:v3"
                 xmlns:SOAP-ENV="http://schemas.xmlsoap.org/soap/envelope/"
                 xmlns:xsd="http://www.w3.org/2001/XMLSchema"
                 xmlns:s="http://www.w3.org/2001/XMLSchema"
                 xmlns:wss="http://docs.oasis-open.org/wss/oasis-wss-wssecurity-secext-1.0.xsd"
                 typeCode="COMP"
                 contextControlCode="OP">
         <act classCode="ACT" moodCode="EVN">
            <templateId root="2.16.840.1.113883.2.4.3.11.60.66.10.215"/>
            <id extension="ai6547382f.3786" root="2.16.528.1.1007.3.3.765332.1.12"/>
            <code code="CONC"
                  codeSystem="2.16.840.1.113883.5.6"
                  displayName="Concern"/>
            <statusCode code="active"/>
            <effectiveTime>
               <low value="20181120115834"/>
            </effectiveTime>
            <entryRelationship typeCode="SUBJ">
               <observation classCode="OBS" moodCode="EVN">
                  <templateId root="2.16.840.1.113883.2.4.3.11.60.66.10.216"/>
                  <id extension="66935281-de15-4033-9be4-a4127812dd95"
                      root="2.16.528.1.1007.3.3.765332.1.12"/>
                  <code code="ASSERTION" codeSystem="2.16.840.1.113883.5.4"/>
                  <statusCode code="completed"/>
                  <effectiveTime>
                     <low value="20181120115834"/>
                  </effectiveTime>
                  <value xsi:type="CD"
                         code="419199007"
                         codeSystem="2.16.840.1.113883.6.96"
                         displayName="Allergy to substance"/>
                  <participant typeCode="CSM">
                     <participantRole classCode="MANU">
                        <playingEntity classCode="MMAT">
                           <code nullFlavor="OTH">
                              <originalText/>
                           </code>
                        </playingEntity>
                     </participantRole>
                  </participant>
               </observation>
            </entryRelationship>
         </act>
      </component>-->
        <beschikbaarstellen_allergieintoleranties app="ketenzorg3.0" shortName="beschikbaarstellen_allergieintoleranties" formName="bundle_of_allergy_intolerance" transactionRef="2.16.840.1.113883.2.4.3.11.60.66.4.535" transactionEffectiveDate="2018-04-13T00:00:00" versionDate="" prefix="kz-" language="en-US" title="Generated Through Conversion" id="53751929-f285-11e8-1580-28f10e481d92">
            <bundle>
                <type code="48765-2" codeSystem="2.16.840.1.113883.6.1" codeSystemName="LOINC" displayName="Allergies and/or adverse reactions"/>
                <status code="completed"/>
                <custodian conceptId="2.16.840.1.113883.2.4.3.11.60.66.23.436">
                    <healthcare_provider>
                        <healthcare_provider_identification_number value="00002727" root="2.16.528.1.1007.3.3"/>
                        <organization_name value="VZVZ Simulator 70000003"/>
                    </healthcare_provider>
                </custodian>
                <subject>
                    <patient>
                        <name_information>
                            <first_names value="L"/>
                            <name_usage value="5" code="UNK" codeSystem="2.16.840.1.113883.5.1008" displayName="Unknown"/>
                            <last_name>
                                <last_name value="XXX_Charan"/>
                            </last_name>
                        </name_information>
                        <patient_identification_number value="999900006" root="2.16.840.1.113883.2.4.6.3"/>
                        <gender code="M" codeSystem="2.16.840.1.113883.5.1"/>
                    </patient>
                </subject>
            </bundle>
            <allergy_intolerance>
                <hcimroot>
                    <identification_number value="66935281-de15-4033-9be4-a4127812dd95" root="2.16.528.1.1007.3.3.765332.1.12"/>
                </hcimroot>
                <causative_agent code="OTH" codeSystem="2.16.840.1.113883.5.1008" displayName="other" originalText="Amoxicilline, opmerking: via neuroloog"/>
                <allergy_category code="ASSERTION" codeSystem="2.16.840.1.113883.5.4"/>
                <allergy_status code="active"/>
                <start_date_time value="2018-11-20T11:58:34"/>
            </allergy_intolerance>
            <allergy_intolerance>
                <hcimroot>
                    <identification_number value="66935281-de15-4033-9be4-a4127812dd95" root="2.16.528.1.1007.3.3.765332.1.12"/>
                </hcimroot>
                <causative_agent code="OTH" codeSystem="2.16.840.1.113883.5.1008" displayName="other" originalText="Amoxicilline, opmerking: via neuroloog"/>
                <allergy_category code="ASSERTION" codeSystem="2.16.840.1.113883.5.4"/>
                <allergy_status code="active"/>
                <start_date_time value="2018-11-20T11:58:34"/>
            </allergy_intolerance>
        </beschikbaarstellen_allergieintoleranties>
        <!--Input HL7 xml below-->
        <!--<templateId xmlns="urn:hl7-org:v3"
                  xmlns:SOAP-ENV="http://schemas.xmlsoap.org/soap/envelope/"
                  xmlns:xsd="http://www.w3.org/2001/XMLSchema"
                  xmlns:s="http://www.w3.org/2001/XMLSchema"
                  xmlns:wss="http://docs.oasis-open.org/wss/oasis-wss-wssecurity-secext-1.0.xsd"
                  root="2.16.840.1.113883.2.4.3.11.60.66.10.20"/>
      <code xmlns="urn:hl7-org:v3"
            xmlns:SOAP-ENV="http://schemas.xmlsoap.org/soap/envelope/"
            xmlns:xsd="http://www.w3.org/2001/XMLSchema"
            xmlns:s="http://www.w3.org/2001/XMLSchema"
            xmlns:wss="http://docs.oasis-open.org/wss/oasis-wss-wssecurity-secext-1.0.xsd"
            code="48765-2"
            displayName="Allergies and/or adverse reactions"
            codeSystem="2.16.840.1.113883.6.1"
            codeSystemName="LOINC"/>
      <statusCode xmlns="urn:hl7-org:v3"
                  xmlns:SOAP-ENV="http://schemas.xmlsoap.org/soap/envelope/"
                  xmlns:xsd="http://www.w3.org/2001/XMLSchema"
                  xmlns:s="http://www.w3.org/2001/XMLSchema"
                  xmlns:wss="http://docs.oasis-open.org/wss/oasis-wss-wssecurity-secext-1.0.xsd"
                  code="completed"/>
      <recordTarget xmlns="urn:hl7-org:v3"
                    xmlns:SOAP-ENV="http://schemas.xmlsoap.org/soap/envelope/"
                    xmlns:xsd="http://www.w3.org/2001/XMLSchema"
                    xmlns:s="http://www.w3.org/2001/XMLSchema"
                    xmlns:wss="http://docs.oasis-open.org/wss/oasis-wss-wssecurity-secext-1.0.xsd"
                    typeCode="RCT"
                    contextControlCode="OP">
         <patientRole>
            <id root="2.16.840.1.113883.2.4.6.3" extension="999900006"/>
            <patient>
               <name>
                  <given/>
                  <family/>
               </name>
               <administrativeGenderCode code="M" codeSystem="2.16.840.1.113883.5.1"/>
            </patient>
         </patientRole>
      </recordTarget>
      <component xmlns="urn:hl7-org:v3"
                 xmlns:SOAP-ENV="http://schemas.xmlsoap.org/soap/envelope/"
                 xmlns:xsd="http://www.w3.org/2001/XMLSchema"
                 xmlns:s="http://www.w3.org/2001/XMLSchema"
                 xmlns:wss="http://docs.oasis-open.org/wss/oasis-wss-wssecurity-secext-1.0.xsd"
                 typeCode="COMP"
                 contextControlCode="OP">
         <act classCode="ACT" moodCode="EVN">
            <templateId root="2.16.840.1.113883.2.4.3.11.60.66.10.215"/>
            <id extension="ai6547382f.3786" root="2.16.528.1.1007.3.3.765332.1.12"/>
            <code code="CONC"
                  codeSystem="2.16.840.1.113883.5.6"
                  displayName="Concern"/>
            <statusCode code="active"/>
            <effectiveTime>
               <low value="20181120115834"/>
            </effectiveTime>
            <entryRelationship typeCode="SUBJ">
               <observation classCode="OBS" moodCode="EVN">
                  <templateId root="2.16.840.1.113883.2.4.3.11.60.66.10.216"/>
                  <id extension="66935281-de15-4033-9be4-a4127812dd95"
                      root="2.16.528.1.1007.3.3.765332.1.12"/>
                  <code code="ASSERTION" codeSystem="2.16.840.1.113883.5.4"/>
                  <statusCode code="completed"/>
                  <effectiveTime>
                     <low value="20181120115834"/>
                  </effectiveTime>
                  <value xsi:type="CD"
                         code="419199007"
                         codeSystem="2.16.840.1.113883.6.96"
                         displayName="Allergy to substance"/>
                  <participant typeCode="CSM">
                     <participantRole classCode="MANU">
                        <playingEntity classCode="MMAT">
                           <code nullFlavor="OTH">
                              <originalText/>
                           </code>
                        </playingEntity>
                     </participantRole>
                  </participant>
               </observation>
            </entryRelationship>
         </act>
      </component>-->
    </data>
</adaxml>
