<?xml-model href="http://hl7.org/fhir/STU3/bundle.sch" type="application/xml" schematypens="http://purl.oclc.org/dsdl/schematron"?><Bundle xmlns="http://hl7.org/fhir"
        xmlns:xsi="http://www.w3.org/2001/XMLSchema-instance"
        xsi:schemaLocation="http://hl7.org/fhir http://hl7.org/fhir/STU3/fhir-all.xsd">
   <type value="searchset"/>
   <total value="4"/>
   <entry>
      <fullUrl value="urn:oid:2.16.840.1.113883.2.4.6.6.90000258.4.8.43316"/>
      <resource>
         <Flag>
            <meta>
               <profile value="http://nictiz.nl/fhir/StructureDefinition/zib-Alert"/>
            </meta>
            <text>
               <status value="extensions"/>
               <div xmlns="http://www.w3.org/1999/xhtml">
                  <table>
                     <caption>Attentievlag. Subject: E. XXX_Zegers. Categorie: <span title="Alert (74018-3 - LOINC)">Alert</span>, Status: actief</caption>
                     <tbody>
                        <tr>
                           <th>Code</th>
                           <td>
                              <span title="VERKEERSDEELNAME (219 - G-Standaard Tabel 40)">VERKEERSDEELNAME</span>
                           </td>
                        </tr>
                     </tbody>
                  </table>
               </div>
            </text>
            <status value="active"/>
            <category>
               <coding>
                  <system value="http://loinc.org"/>
                  <code value="74018-3"/>
                  <display value="Alert"/>
               </coding>
            </category>
            <code>
               <coding>
                  <system value="urn:oid:2.16.840.1.113883.2.4.4.1.902.40"/>
                  <code value="219"/>
                  <display value="VERKEERSDEELNAME"/>
               </coding>
            </code>
            <subject>
               <reference value="urn:uuid:bec66faa-54b4-11eb-8400-020000000000"/>
               <display value="E. XXX_Zegers"/>
            </subject>
         </Flag>
      </resource>
      <search>
         <mode value="match"/>
      </search>
   </entry>
   <entry>
      <fullUrl value="urn:oid:2.16.840.1.113883.2.4.6.6.90000258.4.8.43554"/>
      <resource>
         <Flag>
            <meta>
               <profile value="http://nictiz.nl/fhir/StructureDefinition/zib-Alert"/>
            </meta>
            <text>
               <status value="extensions"/>
               <div xmlns="http://www.w3.org/1999/xhtml">
                  <table>
                     <caption>Attentievlag. Subject: E. XXX_Zegers. Categorie: <span title="Alert (74018-3 - LOINC)">Alert</span>, Status: actief</caption>
                     <tbody>
                        <tr>
                           <th>Code</th>
                           <td>
                              <span title="HYPERTENSIE (18 - G-Standaard Tabel 40)">HYPERTENSIE</span>
                           </td>
                        </tr>
                     </tbody>
                  </table>
               </div>
            </text>
            <status value="active"/>
            <category>
               <coding>
                  <system value="http://loinc.org"/>
                  <code value="74018-3"/>
                  <display value="Alert"/>
               </coding>
            </category>
            <code>
               <coding>
                  <system value="urn:oid:2.16.840.1.113883.2.4.4.1.902.40"/>
                  <code value="18"/>
                  <display value="HYPERTENSIE"/>
               </coding>
            </code>
            <subject>
               <reference value="urn:uuid:bec66faa-54b4-11eb-8400-020000000000"/>
               <display value="E. XXX_Zegers"/>
            </subject>
         </Flag>
      </resource>
      <search>
         <mode value="match"/>
      </search>
   </entry>
   <entry>
      <fullUrl value="urn:oid:2.16.840.1.113883.2.4.6.6.90000258.4.8.43608"/>
      <resource>
         <Flag>
            <meta>
               <profile value="http://nictiz.nl/fhir/StructureDefinition/zib-Alert"/>
            </meta>
            <text>
               <status value="extensions"/>
               <div xmlns="http://www.w3.org/1999/xhtml">
                  <table>
                     <caption>Attentievlag. Subject: E. XXX_Zegers. Categorie: <span title="Alert (74018-3 - LOINC)">Alert</span>, Status: actief</caption>
                     <tbody>
                        <tr>
                           <th>Code</th>
                           <td>
                              <span title="COPD (1348 - G-Standaard Tabel 40)">COPD</span>
                           </td>
                        </tr>
                        <tr>
                           <th>Periode</th>
                           <td>Vanaf 30 januari 2019</td>
                        </tr>
                     </tbody>
                  </table>
               </div>
            </text>
            <status value="active"/>
            <category>
               <coding>
                  <system value="http://loinc.org"/>
                  <code value="74018-3"/>
                  <display value="Alert"/>
               </coding>
            </category>
            <code>
               <coding>
                  <system value="urn:oid:2.16.840.1.113883.2.4.4.1.902.40"/>
                  <code value="1348"/>
                  <display value="COPD"/>
               </coding>
            </code>
            <subject>
               <reference value="urn:uuid:bec66faa-54b4-11eb-8400-020000000000"/>
               <display value="E. XXX_Zegers"/>
            </subject>
            <period>
               <start value="2019-01-30"/>
            </period>
         </Flag>
      </resource>
      <search>
         <mode value="match"/>
      </search>
   </entry>
   <entry>
      <fullUrl value="urn:oid:2.16.840.1.113883.2.4.6.6.90000258.4.8.43609"/>
      <resource>
         <Flag>
            <meta>
               <profile value="http://nictiz.nl/fhir/StructureDefinition/zib-Alert"/>
            </meta>
            <text>
               <status value="extensions"/>
               <div xmlns="http://www.w3.org/1999/xhtml">
                  <table>
                     <caption>Attentievlag. Subject: E. XXX_Zegers. Categorie: <span title="Alert (74018-3 - LOINC)">Alert</span>, Status: actief</caption>
                     <tbody>
                        <tr>
                           <th>Code</th>
                           <td>
                              <span title="SPORTBEOEFENING (210 - G-Standaard Tabel 40)">SPORTBEOEFENING</span>
                           </td>
                        </tr>
                     </tbody>
                  </table>
               </div>
            </text>
            <status value="active"/>
            <category>
               <coding>
                  <system value="http://loinc.org"/>
                  <code value="74018-3"/>
                  <display value="Alert"/>
               </coding>
            </category>
            <code>
               <coding>
                  <system value="urn:oid:2.16.840.1.113883.2.4.4.1.902.40"/>
                  <code value="210"/>
                  <display value="SPORTBEOEFENING"/>
               </coding>
            </code>
            <subject>
               <reference value="urn:uuid:bec66faa-54b4-11eb-8400-020000000000"/>
               <display value="E. XXX_Zegers"/>
            </subject>
         </Flag>
      </resource>
      <search>
         <mode value="match"/>
      </search>
   </entry>
   <entry>
      <fullUrl value="urn:uuid:bec66faa-54b4-11eb-8400-020000000000"/>
      <resource>
         <Patient>
            <meta>
               <profile value="http://fhir.nl/fhir/StructureDefinition/nl-core-patient"/>
            </meta>
            <text>
               <status value="extensions"/>
               <div xmlns="http://www.w3.org/1999/xhtml">
                  <div>Id <i>afgeschermd (ontbrekend gegeven)</i> (BSN), E. XXX_Zegers, Vrouw, 2 augustus 1964</div>
                  <div>Knolweg 1001, 9999XX STITSWERD, Nederland (officieel Privé (hoofd) Bezoek)</div>
               </div>
            </text>
            <identifier>
               <system value="http://fhir.nl/fhir/NamingSystem/bsn"/>
               <value>
                  <extension url="http://hl7.org/fhir/StructureDefinition/data-absent-reason">
                     <valueCode value="masked"/>
                  </extension>
               </value>
            </identifier>
            <name>
               <extension url="http://hl7.org/fhir/StructureDefinition/humanname-assembly-order">
                  <valueCode value="NL1"/>
               </extension>
               <family value="XXX_Zegers">
                  <extension url="http://hl7.org/fhir/StructureDefinition/humanname-own-name">
                     <valueString value="XXX_Zegers"/>
                  </extension>
               </family>
               <given value="E.">
                  <extension url="http://hl7.org/fhir/StructureDefinition/iso21090-EN-qualifier">
                     <valueCode value="IN"/>
                  </extension>
               </given>
            </name>
            <gender value="female"/>
            <birthDate value="1964-08-02"/>
            <address>
               <extension url="http://nictiz.nl/fhir/StructureDefinition/zib-AddressInformation-AddressType">
                  <valueCodeableConcept>
                     <coding>
                        <system value="http://hl7.org/fhir/v3/AddressUse"/>
                        <code value="HP"/>
                        <display value="Officieel adres"/>
                     </coding>
                  </valueCodeableConcept>
               </extension>
               <extension url="http://fhir.nl/fhir/StructureDefinition/nl-core-address-official">
                  <valueBoolean value="true"/>
               </extension>
               <extension url="http://hl7.org/fhir/StructureDefinition/iso21090-AD-use">
                  <valueCode value="HP"/>
               </extension>
               <use value="home"/>
               <type value="physical"/>
               <line value="Knolweg 1001">
                  <extension url="http://hl7.org/fhir/StructureDefinition/iso21090-ADXP-streetName">
                     <valueString value="Knolweg"/>
                  </extension>
                  <extension url="http://hl7.org/fhir/StructureDefinition/iso21090-ADXP-houseNumber">
                     <valueString value="1001"/>
                  </extension>
               </line>
               <city value="STITSWERD"/>
               <postalCode value="9999XX"/>
               <country value="Nederland"/>
            </address>
         </Patient>
      </resource>
      <search>
         <mode value="include"/>
      </search>
   </entry>
   <entry>
      <fullUrl value="urn:oid:2.16.528.1.1007.3.3.90000381"/>
      <resource>
         <Organization>
            <meta>
               <profile value="http://fhir.nl/fhir/StructureDefinition/nl-core-organization"/>
            </meta>
            <text>
               <status value="extensions"/>
               <div xmlns="http://www.w3.org/1999/xhtml">
                  <table>
                     <caption>Organisatie. Id: 90000381 (URA)</caption>
                     <tbody>
                        <tr>
                           <th>Naam</th>
                           <td>Tést Zorginstelling 04</td>
                        </tr>
                     </tbody>
                  </table>
               </div>
            </text>
            <identifier>
               <system value="http://fhir.nl/fhir/NamingSystem/ura"/>
               <value value="90000381"/>
            </identifier>
            <name value="Tést Zorginstelling 04"/>
         </Organization>
      </resource>
      <search>
         <mode value="include"/>
      </search>
   </entry>
</Bundle>