<?xml-model href="http://hl7.org/fhir/STU3/bundle.sch" type="application/xml" schematypens="http://purl.oclc.org/dsdl/schematron"?><Bundle xmlns="http://hl7.org/fhir"
        xmlns:xsi="http://www.w3.org/2001/XMLSchema-instance"
        xsi:schemaLocation="http://hl7.org/fhir http://hl7.org/fhir/STU3/fhir-all.xsd">
   <type value="searchset"/>
   <total value="2"/>
   <entry>
      <fullUrl value="urn:oid:2.16.840.1.113883.2.4.6.6.90000258.4.1.996625"/>
      <resource>
         <Composition>
            <meta>
               <profile value="http://nictiz.nl/fhir/StructureDefinition/gp-EncounterReport"/>
            </meta>
            <text>
               <status value="extensions"/>
               <div xmlns="http://www.w3.org/1999/xhtml">
                  <b>Emfyseem/COPD</b>
                  <table>
                     <caption>Samengestelde informatie. Subject: E. XXX_Zegers. Status: definitief<span style="display: block;">Auteur: Responsible Party</span>
                     </caption>
                     <tbody>
                        <tr>
                           <th>Type</th>
                           <td>
                              <span title="Summarization of encounter note Narrative (67781-5 - LOINC)">Summarization of encounter note Narrative</span>
                           </td>
                        </tr>
                        <tr>
                           <th>Gemaakt</th>
                           <td>16:45:00, 30 januari 2019</td>
                        </tr>
                        <tr>
                           <th>Contact</th>
                           <td>Contactmoment: 996625 2.16.840.1.113883.2.4.6.6.90000258.4.10 (Id: 996625 (urn:oid:2.16.840.1.113883.2.4.6.6.90000258.4.10))</td>
                        </tr>
                        <tr>
                           <th>Gebeurtenis</th>
                           <td>Episode: 1826 2.16.840.1.113883.2.4.6.6.90000258.4.6 (Id: 1826 (urn:oid:2.16.840.1.113883.2.4.6.6.90000258.4.6))</td>
                        </tr>
                     </tbody>
                  </table>
               </div>
            </text>
            <status value="final"/>
            <type>
               <coding>
                  <system value="http://loinc.org"/>
                  <code value="67781-5"/>
                  <display value="Summarization of encounter note Narrative"/>
               </coding>
            </type>
            <subject>
               <reference value="urn:uuid:488fd84a-54b8-11eb-6463-020000000000"/>
               <display value="E. XXX_Zegers"/>
            </subject>
            <encounter>
               <identifier>
                  <system value="urn:oid:2.16.840.1.113883.2.4.6.6.90000258.4.10"/>
                  <value value="996625"/>
               </identifier>
               <display value="Contactmoment: 996625 2.16.840.1.113883.2.4.6.6.90000258.4.10"/>
            </encounter>
            <date value="2019-01-30T16:45:00+01:00"/>
            <author>
               <reference value="urn:oid:2.16.528.1.1007.3.1.900014718"/>
               <display value="Responsible Party"/>
            </author>
            <title value="Emfyseem/COPD"/>
            <event>
               <detail>
                  <identifier>
                     <system value="urn:oid:2.16.840.1.113883.2.4.6.6.90000258.4.6"/>
                     <value value="1826"/>
                  </identifier>
                  <display value="Episode: 1826 2.16.840.1.113883.2.4.6.6.90000258.4.6"/>
               </detail>
            </event>
            <section>
               <code>
                  <coding>
                     <system value="http://fhir.nl/fhir/NamingSystem/journaalregeltypen"/>
                     <code value="S"/>
                     <display value="Subjectief"/>
                  </coding>
               </code>
               <text>
                  <status value="generated"/>
                  <div xmlns="http://www.w3.org/1999/xhtml">Gaat beter, nog wel af en toe benauwd/hoesten. Geen koorts, weinig slijm en geen PoB.</div>
               </text>
               <entry>
                  <reference value="urn:uuid:488fd864-54b8-11eb-6463-020000000000"/>
                  <display value="S: Subjectief - Gaat beter, nog wel af en toe benauwd/hoesten. Geen koorts, weinig slijm en geen PoB."/>
               </entry>
               <entry>
                  <identifier>
                     <system value="urn:oid:2.16.840.1.113883.2.4.6.6.90000258.4.6"/>
                     <value value="1826"/>
                  </identifier>
                  <display value="Episode: 1826 2.16.840.1.113883.2.4.6.6.90000258.4.6"/>
               </entry>
            </section>
            <section>
               <code>
                  <coding>
                     <system value="http://fhir.nl/fhir/NamingSystem/journaalregeltypen"/>
                     <code value="O"/>
                     <display value="Objectief"/>
                  </coding>
               </code>
               <text>
                  <status value="generated"/>
                  <div xmlns="http://www.w3.org/1999/xhtml">Longen VAG geen crep, piep, wel wat rhonchi. Percussie gb.</div>
               </text>
               <entry>
                  <reference value="urn:uuid:488fd867-54b8-11eb-6463-020000000000"/>
                  <display value="O: Objectief - Longen VAG geen crep, piep, wel wat rhonchi. Percussie gb."/>
               </entry>
               <entry>
                  <identifier>
                     <system value="urn:oid:2.16.840.1.113883.2.4.6.6.90000258.4.6"/>
                     <value value="1826"/>
                  </identifier>
                  <display value="Episode: 1826 2.16.840.1.113883.2.4.6.6.90000258.4.6"/>
               </entry>
            </section>
            <section>
               <extension url="http://nictiz.nl/fhir/StructureDefinition/code-icpc-1-nl">
                  <valueCodeableConcept>
                     <coding>
                        <system value="http://hl7.org/fhir/sid/icpc-1-nl"/>
                        <code value="R95"/>
                        <display value="Emfyseem/COPD"/>
                     </coding>
                  </valueCodeableConcept>
               </extension>
               <code>
                  <coding>
                     <system value="http://fhir.nl/fhir/NamingSystem/journaalregeltypen"/>
                     <code value="E"/>
                     <display value="Evaluatie"/>
                  </coding>
               </code>
               <text>
                  <status value="generated"/>
                  <div xmlns="http://www.w3.org/1999/xhtml">COPD, beterend</div>
               </text>
               <entry>
                  <reference value="urn:uuid:488fd86a-54b8-11eb-6463-020000000000"/>
                  <display value="E: Evaluatie - COPD, beterend"/>
               </entry>
               <entry>
                  <identifier>
                     <system value="urn:oid:2.16.840.1.113883.2.4.6.6.90000258.4.6"/>
                     <value value="1826"/>
                  </identifier>
                  <display value="Episode: 1826 2.16.840.1.113883.2.4.6.6.90000258.4.6"/>
               </entry>
            </section>
            <section>
               <code>
                  <coding>
                     <system value="http://fhir.nl/fhir/NamingSystem/journaalregeltypen"/>
                     <code value="P"/>
                     <display value="Plan"/>
                  </coding>
               </code>
               <text>
                  <status value="generated"/>
                  <div xmlns="http://www.w3.org/1999/xhtml">Controle afspreken POH voor ketenzorg en blaastest, continueren flixotide, zn ventolin.</div>
               </text>
               <entry>
                  <reference value="urn:uuid:488fd874-54b8-11eb-6463-020000000000"/>
                  <display value="P: Plan - Controle afspreken POH voor ketenzorg en blaastest, continueren flixotide, zn ventolin."/>
               </entry>
               <entry>
                  <identifier>
                     <system value="urn:oid:2.16.840.1.113883.2.4.6.6.90000258.4.6"/>
                     <value value="1826"/>
                  </identifier>
                  <display value="Episode: 1826 2.16.840.1.113883.2.4.6.6.90000258.4.6"/>
               </entry>
            </section>
         </Composition>
      </resource>
      <search>
         <mode value="match"/>
      </search>
   </entry>
   <entry>
      <fullUrl value="urn:oid:2.16.840.1.113883.2.4.6.6.90000258.4.1.996626"/>
      <resource>
         <Composition>
            <meta>
               <profile value="http://nictiz.nl/fhir/StructureDefinition/gp-EncounterReport"/>
            </meta>
            <text>
               <status value="extensions"/>
               <div xmlns="http://www.w3.org/1999/xhtml">
                  <b>Emfyseem/COPD</b>
                  <table>
                     <caption>Samengestelde informatie. Subject: E. XXX_Zegers. Status: definitief<span style="display: block;">Auteur: Responsible Party</span>
                     </caption>
                     <tbody>
                        <tr>
                           <th>Type</th>
                           <td>
                              <span title="Summarization of encounter note Narrative (67781-5 - LOINC)">Summarization of encounter note Narrative</span>
                           </td>
                        </tr>
                        <tr>
                           <th>Gemaakt</th>
                           <td>17:03:00, 2 februari 2019</td>
                        </tr>
                        <tr>
                           <th>Contact</th>
                           <td>Contactmoment: 996626 2.16.840.1.113883.2.4.6.6.90000258.4.10 (Id: 996626 (urn:oid:2.16.840.1.113883.2.4.6.6.90000258.4.10))</td>
                        </tr>
                        <tr>
                           <th>Gebeurtenis</th>
                           <td>Episode: 1826 2.16.840.1.113883.2.4.6.6.90000258.4.6 (Id: 1826 (urn:oid:2.16.840.1.113883.2.4.6.6.90000258.4.6))</td>
                        </tr>
                     </tbody>
                  </table>
               </div>
            </text>
            <status value="final"/>
            <type>
               <coding>
                  <system value="http://loinc.org"/>
                  <code value="67781-5"/>
                  <display value="Summarization of encounter note Narrative"/>
               </coding>
            </type>
            <subject>
               <reference value="urn:uuid:488fd84a-54b8-11eb-6463-020000000000"/>
               <display value="E. XXX_Zegers"/>
            </subject>
            <encounter>
               <identifier>
                  <system value="urn:oid:2.16.840.1.113883.2.4.6.6.90000258.4.10"/>
                  <value value="996626"/>
               </identifier>
               <display value="Contactmoment: 996626 2.16.840.1.113883.2.4.6.6.90000258.4.10"/>
            </encounter>
            <date value="2019-02-02T17:03:00+01:00"/>
            <author>
               <reference value="urn:oid:2.16.528.1.1007.3.1.900014718"/>
               <display value="Responsible Party"/>
            </author>
            <title value="Emfyseem/COPD"/>
            <event>
               <detail>
                  <identifier>
                     <system value="urn:oid:2.16.840.1.113883.2.4.6.6.90000258.4.6"/>
                     <value value="1826"/>
                  </identifier>
                  <display value="Episode: 1826 2.16.840.1.113883.2.4.6.6.90000258.4.6"/>
               </detail>
            </event>
            <section>
               <code>
                  <coding>
                     <system value="http://fhir.nl/fhir/NamingSystem/journaalregeltypen"/>
                     <code value="S"/>
                     <display value="Subjectief"/>
                  </coding>
               </code>
               <text>
                  <status value="generated"/>
                  <div xmlns="http://www.w3.org/1999/xhtml">Gaat slechter. Medicatie slaat niet aan aldus pat. Koorts-. Hoest+++. Slijm geel.</div>
               </text>
               <entry>
                  <reference value="urn:uuid:488fd881-54b8-11eb-6463-020000000000"/>
                  <display value="S: Subjectief - Gaat slechter. Medicatie slaat niet aan aldus pat. Koorts-. Hoest+++. Slijm geel."/>
               </entry>
               <entry>
                  <identifier>
                     <system value="urn:oid:2.16.840.1.113883.2.4.6.6.90000258.4.6"/>
                     <value value="1826"/>
                  </identifier>
                  <display value="Episode: 1826 2.16.840.1.113883.2.4.6.6.90000258.4.6"/>
               </entry>
            </section>
            <section>
               <code>
                  <coding>
                     <system value="http://fhir.nl/fhir/NamingSystem/journaalregeltypen"/>
                     <code value="O"/>
                     <display value="Objectief"/>
                  </coding>
               </code>
               <text>
                  <status value="generated"/>
                  <div xmlns="http://www.w3.org/1999/xhtml">Longen VAG crep+, piep iets, rhonchi+.  Percussie gb.</div>
               </text>
               <entry>
                  <reference value="urn:uuid:488fd884-54b8-11eb-6463-020000000000"/>
                  <display value="O: Objectief - Longen VAG crep+, piep iets, rhonchi+. Percussie gb."/>
               </entry>
               <entry>
                  <identifier>
                     <system value="urn:oid:2.16.840.1.113883.2.4.6.6.90000258.4.6"/>
                     <value value="1826"/>
                  </identifier>
                  <display value="Episode: 1826 2.16.840.1.113883.2.4.6.6.90000258.4.6"/>
               </entry>
            </section>
            <section>
               <extension url="http://nictiz.nl/fhir/StructureDefinition/code-icpc-1-nl">
                  <valueCodeableConcept>
                     <coding>
                        <system value="http://hl7.org/fhir/sid/icpc-1-nl"/>
                        <code value="R95"/>
                        <display value="Emfyseem/COPD"/>
                     </coding>
                  </valueCodeableConcept>
               </extension>
               <code>
                  <coding>
                     <system value="http://fhir.nl/fhir/NamingSystem/journaalregeltypen"/>
                     <code value="E"/>
                     <display value="Evaluatie"/>
                  </coding>
               </code>
               <text>
                  <status value="generated"/>
                  <div xmlns="http://www.w3.org/1999/xhtml">COPD, exacerbatie</div>
               </text>
               <entry>
                  <reference value="urn:uuid:488fd887-54b8-11eb-6463-020000000000"/>
                  <display value="E: Evaluatie - COPD, exacerbatie"/>
               </entry>
               <entry>
                  <identifier>
                     <system value="urn:oid:2.16.840.1.113883.2.4.6.6.90000258.4.6"/>
                     <value value="1826"/>
                  </identifier>
                  <display value="Episode: 1826 2.16.840.1.113883.2.4.6.6.90000258.4.6"/>
               </entry>
            </section>
            <section>
               <code>
                  <coding>
                     <system value="http://fhir.nl/fhir/NamingSystem/journaalregeltypen"/>
                     <code value="P"/>
                     <display value="Plan"/>
                  </coding>
               </code>
               <text>
                  <status value="generated"/>
                  <div xmlns="http://www.w3.org/1999/xhtml">AB starten, ventolin 3-4 dgs.</div>
               </text>
               <entry>
                  <reference value="urn:uuid:488fd891-54b8-11eb-6463-020000000000"/>
                  <display value="P: Plan - AB starten, ventolin 3-4 dgs."/>
               </entry>
               <entry>
                  <identifier>
                     <system value="urn:oid:2.16.840.1.113883.2.4.6.6.90000258.4.6"/>
                     <value value="1826"/>
                  </identifier>
                  <display value="Episode: 1826 2.16.840.1.113883.2.4.6.6.90000258.4.6"/>
               </entry>
            </section>
         </Composition>
      </resource>
      <search>
         <mode value="match"/>
      </search>
   </entry>
   <entry>
      <fullUrl value="urn:uuid:488fd84a-54b8-11eb-6463-020000000000"/>
      <resource>
         <Patient>
            <meta>
               <profile value="http://fhir.nl/fhir/StructureDefinition/nl-core-patient"/>
            </meta>
            <text>
               <status value="extensions"/>
               <div xmlns="http://www.w3.org/1999/xhtml">
                  <div>Id <i>afgeschermd (ontbrekend gegeven)</i> (BSN), E. XXX_Zegers, Vrouw, 2 augustus 1964</div>
                  <div>Knolweg 1001, 9999XX STITSWERD, Nederland (officieel Privé (hoofd) Bezoek)</div>
               </div>
            </text>
            <identifier>
               <system value="http://fhir.nl/fhir/NamingSystem/bsn"/>
               <value>
                  <extension url="http://hl7.org/fhir/StructureDefinition/data-absent-reason">
                     <valueCode value="masked"/>
                  </extension>
               </value>
            </identifier>
            <name>
               <extension url="http://hl7.org/fhir/StructureDefinition/humanname-assembly-order">
                  <valueCode value="NL1"/>
               </extension>
               <family value="XXX_Zegers">
                  <extension url="http://hl7.org/fhir/StructureDefinition/humanname-own-name">
                     <valueString value="XXX_Zegers"/>
                  </extension>
               </family>
               <given value="E.">
                  <extension url="http://hl7.org/fhir/StructureDefinition/iso21090-EN-qualifier">
                     <valueCode value="IN"/>
                  </extension>
               </given>
            </name>
            <gender value="female"/>
            <birthDate value="1964-08-02"/>
            <address>
               <extension url="http://nictiz.nl/fhir/StructureDefinition/zib-AddressInformation-AddressType">
                  <valueCodeableConcept>
                     <coding>
                        <system value="http://hl7.org/fhir/v3/AddressUse"/>
                        <code value="HP"/>
                        <display value="Officieel adres"/>
                     </coding>
                  </valueCodeableConcept>
               </extension>
               <extension url="http://fhir.nl/fhir/StructureDefinition/nl-core-address-official">
                  <valueBoolean value="true"/>
               </extension>
               <extension url="http://hl7.org/fhir/StructureDefinition/iso21090-AD-use">
                  <valueCode value="HP"/>
               </extension>
               <use value="home"/>
               <type value="physical"/>
               <line value="Knolweg 1001">
                  <extension url="http://hl7.org/fhir/StructureDefinition/iso21090-ADXP-streetName">
                     <valueString value="Knolweg"/>
                  </extension>
                  <extension url="http://hl7.org/fhir/StructureDefinition/iso21090-ADXP-houseNumber">
                     <valueString value="1001"/>
                  </extension>
               </line>
               <city value="STITSWERD"/>
               <postalCode value="9999XX"/>
               <country value="Nederland"/>
            </address>
         </Patient>
      </resource>
      <search>
         <mode value="include"/>
      </search>
   </entry>
   <entry>
      <fullUrl value="urn:oid:2.16.528.1.1007.3.1.900014718"/>
      <resource>
         <Practitioner>
            <meta>
               <profile value="http://fhir.nl/fhir/StructureDefinition/nl-core-practitioner"/>
            </meta>
            <text>
               <status value="extensions"/>
               <div xmlns="http://www.w3.org/1999/xhtml">
                  <div>Id 900014718 (UZI-NR-PERS)</div>
               </div>
            </text>
            <identifier>
               <system value="http://fhir.nl/fhir/NamingSystem/uzi-nr-pers"/>
               <value value="900014718"/>
            </identifier>
         </Practitioner>
      </resource>
      <search>
         <mode value="include"/>
      </search>
   </entry>
   <entry>
      <fullUrl value="urn:oid:2.16.528.1.1007.3.3.90000381"/>
      <resource>
         <Organization>
            <meta>
               <profile value="http://fhir.nl/fhir/StructureDefinition/nl-core-organization"/>
            </meta>
            <text>
               <status value="extensions"/>
               <div xmlns="http://www.w3.org/1999/xhtml">
                  <table>
                     <caption>Organisatie. Id: 90000381 (URA)</caption>
                     <tbody>
                        <tr>
                           <th>Naam</th>
                           <td>Tést Zorginstelling 04</td>
                        </tr>
                     </tbody>
                  </table>
               </div>
            </text>
            <identifier>
               <system value="http://fhir.nl/fhir/NamingSystem/ura"/>
               <value value="90000381"/>
            </identifier>
            <name value="Tést Zorginstelling 04"/>
         </Organization>
      </resource>
      <search>
         <mode value="include"/>
      </search>
   </entry>
   <entry>
      <fullUrl value="urn:uuid:488fd85e-54b8-11eb-6463-020000000000"/>
      <resource>
         <PractitionerRole>
            <meta>
               <profile value="http://fhir.nl/fhir/StructureDefinition/nl-core-practitionerrole"/>
            </meta>
            <text>
               <status value="extensions"/>
               <div xmlns="http://www.w3.org/1999/xhtml">
                  <table>
                     <caption>Zorgverlenerrol. </caption>
                     <tbody>
                        <tr>
                           <th>Zorgverlener</th>
                           <td>
                              <div>Responsible Party</div>
                           </td>
                        </tr>
                     </tbody>
                  </table>
               </div>
            </text>
            <practitioner>
               <reference value="urn:oid:2.16.528.1.1007.3.1.900014718"/>
               <display value="Responsible Party"/>
            </practitioner>
         </PractitionerRole>
      </resource>
      <search>
         <mode value="include"/>
      </search>
   </entry>
   <entry>
      <fullUrl value="urn:uuid:488fd864-54b8-11eb-6463-020000000000"/>
      <resource>
         <Observation>
            <meta>
               <profile value="http://nictiz.nl/fhir/StructureDefinition/gp-JournalEntry"/>
            </meta>
            <text>
               <status value="extensions"/>
               <div xmlns="http://www.w3.org/1999/xhtml">
                  <table>
                     <caption>Observatie/bepaling. Subject: E. XXX_Zegers. Status: definitief</caption>
                     <tbody>
                        <tr>
                           <th>Context</th>
                           <td>Contact ID: 996625 2.16.840.1.113883.2.4.6.6.90000258.4.10 (Id: 996625 (urn:oid:2.16.840.1.113883.2.4.6.6.90000258.4.10))</td>
                        </tr>
                        <tr>
                           <th>Code</th>
                           <th>Waarde</th>
                        </tr>
                        <tr>
                           <td>
                              <span title="Subjectief (S - http://fhir.nl/fhir/NamingSystem/journaalregeltypen)">Subjectief</span>
                           </td>
                           <td>Gaat beter, nog wel af en toe benauwd/hoesten. Geen koorts, weinig slijm en geen PoB.</td>
                        </tr>
                     </tbody>
                  </table>
               </div>
            </text>
            <status value="final"/>
            <code>
               <coding>
                  <system value="http://fhir.nl/fhir/NamingSystem/journaalregeltypen"/>
                  <code value="S"/>
                  <display value="Subjectief"/>
               </coding>
            </code>
            <subject>
               <reference value="urn:uuid:488fd84a-54b8-11eb-6463-020000000000"/>
               <display value="E. XXX_Zegers"/>
            </subject>
            <context>
               <identifier>
                  <system value="urn:oid:2.16.840.1.113883.2.4.6.6.90000258.4.10"/>
                  <value value="996625"/>
               </identifier>
               <display value="Contact ID: 996625 2.16.840.1.113883.2.4.6.6.90000258.4.10"/>
            </context>
            <valueString value="Gaat beter, nog wel af en toe benauwd/hoesten. Geen koorts, weinig slijm en geen PoB."/>
         </Observation>
      </resource>
      <search>
         <mode value="include"/>
      </search>
   </entry>
   <entry>
      <fullUrl value="urn:uuid:488fd867-54b8-11eb-6463-020000000000"/>
      <resource>
         <Observation>
            <meta>
               <profile value="http://nictiz.nl/fhir/StructureDefinition/gp-JournalEntry"/>
            </meta>
            <text>
               <status value="extensions"/>
               <div xmlns="http://www.w3.org/1999/xhtml">
                  <table>
                     <caption>Observatie/bepaling. Subject: E. XXX_Zegers. Status: definitief</caption>
                     <tbody>
                        <tr>
                           <th>Context</th>
                           <td>Contact ID: 996625 2.16.840.1.113883.2.4.6.6.90000258.4.10 (Id: 996625 (urn:oid:2.16.840.1.113883.2.4.6.6.90000258.4.10))</td>
                        </tr>
                        <tr>
                           <th>Code</th>
                           <th>Waarde</th>
                        </tr>
                        <tr>
                           <td>
                              <span title="Objectief (O - http://fhir.nl/fhir/NamingSystem/journaalregeltypen)">Objectief</span>
                           </td>
                           <td>Longen VAG geen crep, piep, wel wat rhonchi. Percussie gb.</td>
                        </tr>
                     </tbody>
                  </table>
               </div>
            </text>
            <status value="final"/>
            <code>
               <coding>
                  <system value="http://fhir.nl/fhir/NamingSystem/journaalregeltypen"/>
                  <code value="O"/>
                  <display value="Objectief"/>
               </coding>
            </code>
            <subject>
               <reference value="urn:uuid:488fd84a-54b8-11eb-6463-020000000000"/>
               <display value="E. XXX_Zegers"/>
            </subject>
            <context>
               <identifier>
                  <system value="urn:oid:2.16.840.1.113883.2.4.6.6.90000258.4.10"/>
                  <value value="996625"/>
               </identifier>
               <display value="Contact ID: 996625 2.16.840.1.113883.2.4.6.6.90000258.4.10"/>
            </context>
            <valueString value="Longen VAG geen crep, piep, wel wat rhonchi. Percussie gb."/>
         </Observation>
      </resource>
      <search>
         <mode value="include"/>
      </search>
   </entry>
   <entry>
      <fullUrl value="urn:uuid:488fd86a-54b8-11eb-6463-020000000000"/>
      <resource>
         <Observation>
            <meta>
               <profile value="http://nictiz.nl/fhir/StructureDefinition/gp-JournalEntry"/>
            </meta>
            <text>
               <status value="extensions"/>
               <div xmlns="http://www.w3.org/1999/xhtml">
                  <table>
                     <caption>Observatie/bepaling. Subject: E. XXX_Zegers. Status: definitief</caption>
                     <tbody>
                        <tr>
                           <th>Context</th>
                           <td>Contact ID: 996625 2.16.840.1.113883.2.4.6.6.90000258.4.10 (Id: 996625 (urn:oid:2.16.840.1.113883.2.4.6.6.90000258.4.10))</td>
                        </tr>
                        <tr>
                           <th>Code</th>
                           <th>Waarde</th>
                        </tr>
                        <tr>
                           <td>
                              <span title="Evaluatie (E - http://fhir.nl/fhir/NamingSystem/journaalregeltypen)">Evaluatie</span>
                           </td>
                           <td>COPD, beterend</td>
                        </tr>
                        <tr>
                           <td>
                              <span title="discharge diagnosis (DISDX - v3/ActCode)">discharge diagnosis</span>
                           </td>
                           <td>
                              <span title="Emfyseem/COPD (R95 - sid/icpc-1-nl)">Emfyseem/COPD</span>
                           </td>
                        </tr>
                     </tbody>
                  </table>
               </div>
            </text>
            <status value="final"/>
            <code>
               <coding>
                  <system value="http://fhir.nl/fhir/NamingSystem/journaalregeltypen"/>
                  <code value="E"/>
                  <display value="Evaluatie"/>
               </coding>
            </code>
            <subject>
               <reference value="urn:uuid:488fd84a-54b8-11eb-6463-020000000000"/>
               <display value="E. XXX_Zegers"/>
            </subject>
            <context>
               <identifier>
                  <system value="urn:oid:2.16.840.1.113883.2.4.6.6.90000258.4.10"/>
                  <value value="996625"/>
               </identifier>
               <display value="Contact ID: 996625 2.16.840.1.113883.2.4.6.6.90000258.4.10"/>
            </context>
            <valueString value="COPD, beterend"/>
            <component>
               <code>
                  <coding>
                     <system value="http://hl7.org/fhir/v3/ActCode"/>
                     <code value="DISDX"/>
                     <display value="discharge diagnosis"/>
                  </coding>
               </code>
               <valueCodeableConcept>
                  <coding>
                     <system value="http://hl7.org/fhir/sid/icpc-1-nl"/>
                     <code value="R95"/>
                     <display value="Emfyseem/COPD"/>
                  </coding>
               </valueCodeableConcept>
            </component>
         </Observation>
      </resource>
      <search>
         <mode value="include"/>
      </search>
   </entry>
   <entry>
      <fullUrl value="urn:uuid:488fd874-54b8-11eb-6463-020000000000"/>
      <resource>
         <Observation>
            <meta>
               <profile value="http://nictiz.nl/fhir/StructureDefinition/gp-JournalEntry"/>
            </meta>
            <text>
               <status value="extensions"/>
               <div xmlns="http://www.w3.org/1999/xhtml">
                  <table>
                     <caption>Observatie/bepaling. Subject: E. XXX_Zegers. Status: definitief</caption>
                     <tbody>
                        <tr>
                           <th>Context</th>
                           <td>Contact ID: 996625 2.16.840.1.113883.2.4.6.6.90000258.4.10 (Id: 996625 (urn:oid:2.16.840.1.113883.2.4.6.6.90000258.4.10))</td>
                        </tr>
                        <tr>
                           <th>Code</th>
                           <th>Waarde</th>
                        </tr>
                        <tr>
                           <td>
                              <span title="Plan (P - http://fhir.nl/fhir/NamingSystem/journaalregeltypen)">Plan</span>
                           </td>
                           <td>Controle afspreken POH voor ketenzorg en blaastest, continueren flixotide, zn ventolin.</td>
                        </tr>
                     </tbody>
                  </table>
               </div>
            </text>
            <status value="final"/>
            <code>
               <coding>
                  <system value="http://fhir.nl/fhir/NamingSystem/journaalregeltypen"/>
                  <code value="P"/>
                  <display value="Plan"/>
               </coding>
            </code>
            <subject>
               <reference value="urn:uuid:488fd84a-54b8-11eb-6463-020000000000"/>
               <display value="E. XXX_Zegers"/>
            </subject>
            <context>
               <identifier>
                  <system value="urn:oid:2.16.840.1.113883.2.4.6.6.90000258.4.10"/>
                  <value value="996625"/>
               </identifier>
               <display value="Contact ID: 996625 2.16.840.1.113883.2.4.6.6.90000258.4.10"/>
            </context>
            <valueString value="Controle afspreken POH voor ketenzorg en blaastest, continueren flixotide, zn ventolin."/>
         </Observation>
      </resource>
      <search>
         <mode value="include"/>
      </search>
   </entry>
   <entry>
      <fullUrl value="urn:uuid:488fd881-54b8-11eb-6463-020000000000"/>
      <resource>
         <Observation>
            <meta>
               <profile value="http://nictiz.nl/fhir/StructureDefinition/gp-JournalEntry"/>
            </meta>
            <text>
               <status value="extensions"/>
               <div xmlns="http://www.w3.org/1999/xhtml">
                  <table>
                     <caption>Observatie/bepaling. Subject: E. XXX_Zegers. Status: definitief</caption>
                     <tbody>
                        <tr>
                           <th>Context</th>
                           <td>Contact ID: 996626 2.16.840.1.113883.2.4.6.6.90000258.4.10 (Id: 996626 (urn:oid:2.16.840.1.113883.2.4.6.6.90000258.4.10))</td>
                        </tr>
                        <tr>
                           <th>Code</th>
                           <th>Waarde</th>
                        </tr>
                        <tr>
                           <td>
                              <span title="Subjectief (S - http://fhir.nl/fhir/NamingSystem/journaalregeltypen)">Subjectief</span>
                           </td>
                           <td>Gaat slechter. Medicatie slaat niet aan aldus pat. Koorts-. Hoest+++. Slijm geel.</td>
                        </tr>
                     </tbody>
                  </table>
               </div>
            </text>
            <status value="final"/>
            <code>
               <coding>
                  <system value="http://fhir.nl/fhir/NamingSystem/journaalregeltypen"/>
                  <code value="S"/>
                  <display value="Subjectief"/>
               </coding>
            </code>
            <subject>
               <reference value="urn:uuid:488fd84a-54b8-11eb-6463-020000000000"/>
               <display value="E. XXX_Zegers"/>
            </subject>
            <context>
               <identifier>
                  <system value="urn:oid:2.16.840.1.113883.2.4.6.6.90000258.4.10"/>
                  <value value="996626"/>
               </identifier>
               <display value="Contact ID: 996626 2.16.840.1.113883.2.4.6.6.90000258.4.10"/>
            </context>
            <valueString value="Gaat slechter. Medicatie slaat niet aan aldus pat. Koorts-. Hoest+++. Slijm geel."/>
         </Observation>
      </resource>
      <search>
         <mode value="include"/>
      </search>
   </entry>
   <entry>
      <fullUrl value="urn:uuid:488fd884-54b8-11eb-6463-020000000000"/>
      <resource>
         <Observation>
            <meta>
               <profile value="http://nictiz.nl/fhir/StructureDefinition/gp-JournalEntry"/>
            </meta>
            <text>
               <status value="extensions"/>
               <div xmlns="http://www.w3.org/1999/xhtml">
                  <table>
                     <caption>Observatie/bepaling. Subject: E. XXX_Zegers. Status: definitief</caption>
                     <tbody>
                        <tr>
                           <th>Context</th>
                           <td>Contact ID: 996626 2.16.840.1.113883.2.4.6.6.90000258.4.10 (Id: 996626 (urn:oid:2.16.840.1.113883.2.4.6.6.90000258.4.10))</td>
                        </tr>
                        <tr>
                           <th>Code</th>
                           <th>Waarde</th>
                        </tr>
                        <tr>
                           <td>
                              <span title="Objectief (O - http://fhir.nl/fhir/NamingSystem/journaalregeltypen)">Objectief</span>
                           </td>
                           <td>Longen VAG crep+, piep iets, rhonchi+.  Percussie gb.</td>
                        </tr>
                     </tbody>
                  </table>
               </div>
            </text>
            <status value="final"/>
            <code>
               <coding>
                  <system value="http://fhir.nl/fhir/NamingSystem/journaalregeltypen"/>
                  <code value="O"/>
                  <display value="Objectief"/>
               </coding>
            </code>
            <subject>
               <reference value="urn:uuid:488fd84a-54b8-11eb-6463-020000000000"/>
               <display value="E. XXX_Zegers"/>
            </subject>
            <context>
               <identifier>
                  <system value="urn:oid:2.16.840.1.113883.2.4.6.6.90000258.4.10"/>
                  <value value="996626"/>
               </identifier>
               <display value="Contact ID: 996626 2.16.840.1.113883.2.4.6.6.90000258.4.10"/>
            </context>
            <valueString value="Longen VAG crep+, piep iets, rhonchi+.  Percussie gb."/>
         </Observation>
      </resource>
      <search>
         <mode value="include"/>
      </search>
   </entry>
   <entry>
      <fullUrl value="urn:uuid:488fd887-54b8-11eb-6463-020000000000"/>
      <resource>
         <Observation>
            <meta>
               <profile value="http://nictiz.nl/fhir/StructureDefinition/gp-JournalEntry"/>
            </meta>
            <text>
               <status value="extensions"/>
               <div xmlns="http://www.w3.org/1999/xhtml">
                  <table>
                     <caption>Observatie/bepaling. Subject: E. XXX_Zegers. Status: definitief</caption>
                     <tbody>
                        <tr>
                           <th>Context</th>
                           <td>Contact ID: 996626 2.16.840.1.113883.2.4.6.6.90000258.4.10 (Id: 996626 (urn:oid:2.16.840.1.113883.2.4.6.6.90000258.4.10))</td>
                        </tr>
                        <tr>
                           <th>Code</th>
                           <th>Waarde</th>
                        </tr>
                        <tr>
                           <td>
                              <span title="Evaluatie (E - http://fhir.nl/fhir/NamingSystem/journaalregeltypen)">Evaluatie</span>
                           </td>
                           <td>COPD, exacerbatie</td>
                        </tr>
                        <tr>
                           <td>
                              <span title="discharge diagnosis (DISDX - v3/ActCode)">discharge diagnosis</span>
                           </td>
                           <td>
                              <span title="Emfyseem/COPD (R95 - sid/icpc-1-nl)">Emfyseem/COPD</span>
                           </td>
                        </tr>
                     </tbody>
                  </table>
               </div>
            </text>
            <status value="final"/>
            <code>
               <coding>
                  <system value="http://fhir.nl/fhir/NamingSystem/journaalregeltypen"/>
                  <code value="E"/>
                  <display value="Evaluatie"/>
               </coding>
            </code>
            <subject>
               <reference value="urn:uuid:488fd84a-54b8-11eb-6463-020000000000"/>
               <display value="E. XXX_Zegers"/>
            </subject>
            <context>
               <identifier>
                  <system value="urn:oid:2.16.840.1.113883.2.4.6.6.90000258.4.10"/>
                  <value value="996626"/>
               </identifier>
               <display value="Contact ID: 996626 2.16.840.1.113883.2.4.6.6.90000258.4.10"/>
            </context>
            <valueString value="COPD, exacerbatie"/>
            <component>
               <code>
                  <coding>
                     <system value="http://hl7.org/fhir/v3/ActCode"/>
                     <code value="DISDX"/>
                     <display value="discharge diagnosis"/>
                  </coding>
               </code>
               <valueCodeableConcept>
                  <coding>
                     <system value="http://hl7.org/fhir/sid/icpc-1-nl"/>
                     <code value="R95"/>
                     <display value="Emfyseem/COPD"/>
                  </coding>
               </valueCodeableConcept>
            </component>
         </Observation>
      </resource>
      <search>
         <mode value="include"/>
      </search>
   </entry>
   <entry>
      <fullUrl value="urn:uuid:488fd891-54b8-11eb-6463-020000000000"/>
      <resource>
         <Observation>
            <meta>
               <profile value="http://nictiz.nl/fhir/StructureDefinition/gp-JournalEntry"/>
            </meta>
            <text>
               <status value="extensions"/>
               <div xmlns="http://www.w3.org/1999/xhtml">
                  <table>
                     <caption>Observatie/bepaling. Subject: E. XXX_Zegers. Status: definitief</caption>
                     <tbody>
                        <tr>
                           <th>Context</th>
                           <td>Contact ID: 996626 2.16.840.1.113883.2.4.6.6.90000258.4.10 (Id: 996626 (urn:oid:2.16.840.1.113883.2.4.6.6.90000258.4.10))</td>
                        </tr>
                        <tr>
                           <th>Code</th>
                           <th>Waarde</th>
                        </tr>
                        <tr>
                           <td>
                              <span title="Plan (P - http://fhir.nl/fhir/NamingSystem/journaalregeltypen)">Plan</span>
                           </td>
                           <td>AB starten, ventolin 3-4 dgs.</td>
                        </tr>
                     </tbody>
                  </table>
               </div>
            </text>
            <status value="final"/>
            <code>
               <coding>
                  <system value="http://fhir.nl/fhir/NamingSystem/journaalregeltypen"/>
                  <code value="P"/>
                  <display value="Plan"/>
               </coding>
            </code>
            <subject>
               <reference value="urn:uuid:488fd84a-54b8-11eb-6463-020000000000"/>
               <display value="E. XXX_Zegers"/>
            </subject>
            <context>
               <identifier>
                  <system value="urn:oid:2.16.840.1.113883.2.4.6.6.90000258.4.10"/>
                  <value value="996626"/>
               </identifier>
               <display value="Contact ID: 996626 2.16.840.1.113883.2.4.6.6.90000258.4.10"/>
            </context>
            <valueString value="AB starten, ventolin 3-4 dgs."/>
         </Observation>
      </resource>
      <search>
         <mode value="include"/>
      </search>
   </entry>
</Bundle>