<?xml-model href="http://hl7.org/fhir/STU3/bundle.sch" type="application/xml" schematypens="http://purl.oclc.org/dsdl/schematron"?><Bundle xmlns="http://hl7.org/fhir"
        xmlns:xsi="http://www.w3.org/2001/XMLSchema-instance"
        xsi:schemaLocation="http://hl7.org/fhir http://hl7.org/fhir/STU3/fhir-all.xsd">
   <type value="searchset"/>
   <total value="4"/>
   <entry>
      <fullUrl value="urn:uuid:47ec3f73-54b8-11eb-1742-020000000000"/>
      <resource>
         <EpisodeOfCare>
            <meta>
               <profile value="http://fhir.nl/fhir/StructureDefinition/nl-core-episodeofcare"/>
            </meta>
            <text>
               <status value="extensions"/>
               <div xmlns="http://www.w3.org/1999/xhtml">
                  <table>
                     <caption>Zorgepisode. Patiënt: urn:uuid:47ec3f70-54b8-11eb-1742-020000000000. Id: hc657498ft562.9895 (urn:oid:2.16.528.1.1007.3.3.765332.1.12), Status: actief</caption>
                     <tbody>
                        <tr>
                           <th>Type</th>
                           <td>
                              <span title="Condition (64572001 - SNOMED CT)">Condition</span>
                              <div>Diabetes Mellitus type II</div>
                           </td>
                        </tr>
                        <tr>
                           <th>Periode</th>
                           <td>Vanaf 2 april 2007</td>
                        </tr>
                        <tr>
                           <th>Zorgmanager</th>
                           <td>Huisarts de Jong ZAB</td>
                        </tr>
                        <tr>
                           <th>Diagnose</th>
                           <td>Diabetes Mellitus type II</td>
                        </tr>
                     </tbody>
                  </table>
               </div>
            </text>
            <extension url="http://nictiz.nl/fhir/StructureDefinition/EpisodeOfCare-Title">
               <valueString value="Diabetes Mellitus type II"/>
            </extension>
            <identifier>
               <system value="urn:oid:2.16.528.1.1007.3.3.765332.1.12"/>
               <value value="hc657498ft562.9895"/>
            </identifier>
            <status value="active">
               <extension url="http://nictiz.nl/fhir/StructureDefinition/code-specification">
                  <valueCodeableConcept>
                     <coding>
                        <system value="http://hl7.org/fhir/v3/ActStatus"/>
                        <code value="active"/>
                        <display value="active"/>
                     </coding>
                  </valueCodeableConcept>
               </extension>
            </status>
            <type>
               <coding>
                  <system value="http://snomed.info/sct"/>
                  <code value="64572001"/>
                  <display value="Condition"/>
               </coding>
            </type>
            <diagnosis>
               <condition>
                  <reference value="urn:uuid:47ec3f77-54b8-11eb-1742-020000000000"/>
                  <display value="Diabetes Mellitus type II"/>
               </condition>
            </diagnosis>
            <patient>
               <reference value="urn:uuid:47ec3f70-54b8-11eb-1742-020000000000"/>
            </patient>
            <managingOrganization>
               <reference value="urn:oid:2.16.528.1.1007.3.3.2727"/>
               <display value="Huisarts de Jong ZAB"/>
            </managingOrganization>
            <period>
               <start value="2007-04-02"/>
            </period>
         </EpisodeOfCare>
      </resource>
      <search>
         <mode value="match"/>
      </search>
   </entry>
   <entry>
      <fullUrl value="urn:uuid:47ec3f7f-54b8-11eb-1742-020000000000"/>
      <resource>
         <EpisodeOfCare>
            <meta>
               <profile value="http://fhir.nl/fhir/StructureDefinition/nl-core-episodeofcare"/>
            </meta>
            <text>
               <status value="extensions"/>
               <div xmlns="http://www.w3.org/1999/xhtml">
                  <table>
                     <caption>Zorgepisode. Patiënt: urn:uuid:47ec3f70-54b8-11eb-1742-020000000000. Id: hc657498ft562.9895 (urn:oid:2.16.528.1.1007.3.3.765332.1.12), Status: actief</caption>
                     <tbody>
                        <tr>
                           <th>Type</th>
                           <td>
                              <span title="Condition (64572001 - SNOMED CT)">Condition</span>
                              <div>Diabetes Mellitus type II</div>
                           </td>
                        </tr>
                        <tr>
                           <th>Periode</th>
                           <td>Vanaf 2 april 2007</td>
                        </tr>
                        <tr>
                           <th>Zorgmanager</th>
                           <td>Huisarts de Jong ZAB</td>
                        </tr>
                        <tr>
                           <th>Diagnose</th>
                           <td>Diabetes Mellitus type II</td>
                        </tr>
                     </tbody>
                  </table>
               </div>
            </text>
            <extension url="http://nictiz.nl/fhir/StructureDefinition/EpisodeOfCare-Title">
               <valueString value="Diabetes Mellitus type II"/>
            </extension>
            <identifier>
               <system value="urn:oid:2.16.528.1.1007.3.3.765332.1.12"/>
               <value value="hc657498ft562.9895"/>
            </identifier>
            <status value="active">
               <extension url="http://nictiz.nl/fhir/StructureDefinition/code-specification">
                  <valueCodeableConcept>
                     <coding>
                        <system value="http://hl7.org/fhir/v3/ActStatus"/>
                        <code value="active"/>
                        <display value="active"/>
                     </coding>
                  </valueCodeableConcept>
               </extension>
            </status>
            <type>
               <coding>
                  <system value="http://snomed.info/sct"/>
                  <code value="64572001"/>
                  <display value="Condition"/>
               </coding>
            </type>
            <diagnosis>
               <condition>
                  <reference value="urn:uuid:47ec3f77-54b8-11eb-1742-020000000000"/>
                  <display value="Diabetes Mellitus type II"/>
               </condition>
            </diagnosis>
            <patient>
               <reference value="urn:uuid:47ec3f70-54b8-11eb-1742-020000000000"/>
            </patient>
            <managingOrganization>
               <reference value="urn:oid:2.16.528.1.1007.3.3.2727"/>
               <display value="Huisarts de Jong ZAB"/>
            </managingOrganization>
            <period>
               <start value="2007-04-02"/>
            </period>
         </EpisodeOfCare>
      </resource>
      <search>
         <mode value="match"/>
      </search>
   </entry>
   <entry>
      <fullUrl value="urn:uuid:47ec3f98-54b8-11eb-1742-020000000000"/>
      <resource>
         <EpisodeOfCare>
            <meta>
               <profile value="http://fhir.nl/fhir/StructureDefinition/nl-core-episodeofcare"/>
            </meta>
            <text>
               <status value="extensions"/>
               <div xmlns="http://www.w3.org/1999/xhtml">
                  <table>
                     <caption>Zorgepisode. Patiënt: urn:uuid:47ec3f70-54b8-11eb-1742-020000000000. Id: hc657498ft562.9895 (urn:oid:2.16.528.1.1007.3.3.765332.1.12), Status: actief</caption>
                     <tbody>
                        <tr>
                           <th>Type</th>
                           <td>
                              <span title="Condition (64572001 - SNOMED CT)">Condition</span>
                              <div>Diabetes Mellitus type II</div>
                           </td>
                        </tr>
                        <tr>
                           <th>Periode</th>
                           <td>Vanaf 2 april 2007</td>
                        </tr>
                        <tr>
                           <th>Zorgmanager</th>
                           <td>Huisarts Prins ZAB</td>
                        </tr>
                        <tr>
                           <th>Diagnose</th>
                           <td>Diabetes Mellitus type II</td>
                        </tr>
                     </tbody>
                  </table>
               </div>
            </text>
            <extension url="http://nictiz.nl/fhir/StructureDefinition/EpisodeOfCare-Title">
               <valueString value="Diabetes Mellitus type II"/>
            </extension>
            <identifier>
               <system value="urn:oid:2.16.528.1.1007.3.3.765332.1.12"/>
               <value value="hc657498ft562.9895"/>
            </identifier>
            <status value="active">
               <extension url="http://nictiz.nl/fhir/StructureDefinition/code-specification">
                  <valueCodeableConcept>
                     <coding>
                        <system value="http://hl7.org/fhir/v3/ActStatus"/>
                        <code value="active"/>
                        <display value="active"/>
                     </coding>
                  </valueCodeableConcept>
               </extension>
            </status>
            <type>
               <coding>
                  <system value="http://snomed.info/sct"/>
                  <code value="64572001"/>
                  <display value="Condition"/>
               </coding>
            </type>
            <diagnosis>
               <condition>
                  <reference value="urn:uuid:47ec3f77-54b8-11eb-1742-020000000000"/>
                  <display value="Diabetes Mellitus type II"/>
               </condition>
            </diagnosis>
            <patient>
               <reference value="urn:uuid:47ec3f70-54b8-11eb-1742-020000000000"/>
            </patient>
            <managingOrganization>
               <reference value="urn:oid:2.16.528.1.1007.3.3.3131"/>
               <display value="Huisarts Prins ZAB"/>
            </managingOrganization>
            <period>
               <start value="2007-04-02"/>
            </period>
         </EpisodeOfCare>
      </resource>
      <search>
         <mode value="match"/>
      </search>
   </entry>
   <entry>
      <fullUrl value="urn:uuid:47ec3fa4-54b8-11eb-1742-020000000000"/>
      <resource>
         <EpisodeOfCare>
            <meta>
               <profile value="http://fhir.nl/fhir/StructureDefinition/nl-core-episodeofcare"/>
            </meta>
            <text>
               <status value="extensions"/>
               <div xmlns="http://www.w3.org/1999/xhtml">
                  <table>
                     <caption>Zorgepisode. Patiënt: urn:uuid:47ec3f70-54b8-11eb-1742-020000000000. Id: hc657498ft562.9895 (urn:oid:2.16.528.1.1007.3.3.765332.1.12), Status: actief</caption>
                     <tbody>
                        <tr>
                           <th>Type</th>
                           <td>
                              <span title="Condition (64572001 - SNOMED CT)">Condition</span>
                              <div>Diabetes Mellitus type II</div>
                           </td>
                        </tr>
                        <tr>
                           <th>Periode</th>
                           <td>Vanaf 2 april 2007</td>
                        </tr>
                        <tr>
                           <th>Zorgmanager</th>
                           <td>Huisarts Prins ZAB</td>
                        </tr>
                        <tr>
                           <th>Diagnose</th>
                           <td>Diabetes Mellitus type II</td>
                        </tr>
                     </tbody>
                  </table>
               </div>
            </text>
            <extension url="http://nictiz.nl/fhir/StructureDefinition/EpisodeOfCare-Title">
               <valueString value="Diabetes Mellitus type II"/>
            </extension>
            <identifier>
               <system value="urn:oid:2.16.528.1.1007.3.3.765332.1.12"/>
               <value value="hc657498ft562.9895"/>
            </identifier>
            <status value="active">
               <extension url="http://nictiz.nl/fhir/StructureDefinition/code-specification">
                  <valueCodeableConcept>
                     <coding>
                        <system value="http://hl7.org/fhir/v3/ActStatus"/>
                        <code value="active"/>
                        <display value="active"/>
                     </coding>
                  </valueCodeableConcept>
               </extension>
            </status>
            <type>
               <coding>
                  <system value="http://snomed.info/sct"/>
                  <code value="64572001"/>
                  <display value="Condition"/>
               </coding>
            </type>
            <diagnosis>
               <condition>
                  <reference value="urn:uuid:47ec3f77-54b8-11eb-1742-020000000000"/>
                  <display value="Diabetes Mellitus type II"/>
               </condition>
            </diagnosis>
            <patient>
               <reference value="urn:uuid:47ec3f70-54b8-11eb-1742-020000000000"/>
            </patient>
            <managingOrganization>
               <reference value="urn:oid:2.16.528.1.1007.3.3.3131"/>
               <display value="Huisarts Prins ZAB"/>
            </managingOrganization>
            <period>
               <start value="2007-04-02"/>
            </period>
         </EpisodeOfCare>
      </resource>
      <search>
         <mode value="match"/>
      </search>
   </entry>
   <entry>
      <fullUrl value="urn:uuid:47ec3f70-54b8-11eb-1742-020000000000"/>
      <resource>
         <Patient>
            <meta>
               <profile value="http://fhir.nl/fhir/StructureDefinition/nl-core-patient"/>
            </meta>
            <text>
               <status value="extensions"/>
               <div xmlns="http://www.w3.org/1999/xhtml">
                  <div>Id <i>afgeschermd (ontbrekend gegeven)</i> (BSN)</div>
               </div>
            </text>
            <identifier>
               <system value="http://fhir.nl/fhir/NamingSystem/bsn"/>
               <value>
                  <extension url="http://hl7.org/fhir/StructureDefinition/data-absent-reason">
                     <valueCode value="masked"/>
                  </extension>
               </value>
            </identifier>
         </Patient>
      </resource>
      <search>
         <mode value="include"/>
      </search>
   </entry>
   <entry>
      <fullUrl value="urn:oid:2.16.528.1.1007.3.3.2727"/>
      <resource>
         <Organization>
            <meta>
               <profile value="http://fhir.nl/fhir/StructureDefinition/nl-core-organization"/>
            </meta>
            <text>
               <status value="extensions"/>
               <div xmlns="http://www.w3.org/1999/xhtml">
                  <table>
                     <caption>Organisatie. Id: 00002727 (URA)</caption>
                     <tbody>
                        <tr>
                           <th>Naam</th>
                           <td>Huisarts de Jong ZAB</td>
                        </tr>
                        <tr>
                           <th>Adres</th>
                           <td>Rotterdam</td>
                        </tr>
                     </tbody>
                  </table>
               </div>
            </text>
            <identifier>
               <system value="http://fhir.nl/fhir/NamingSystem/ura"/>
               <value value="00002727"/>
            </identifier>
            <name value="Huisarts de Jong ZAB"/>
            <address>
               <city value="Rotterdam"/>
            </address>
         </Organization>
      </resource>
      <search>
         <mode value="include"/>
      </search>
   </entry>
   <entry>
      <fullUrl value="urn:oid:2.16.528.1.1007.3.3.3131"/>
      <resource>
         <Organization>
            <meta>
               <profile value="http://fhir.nl/fhir/StructureDefinition/nl-core-organization"/>
            </meta>
            <text>
               <status value="extensions"/>
               <div xmlns="http://www.w3.org/1999/xhtml">
                  <table>
                     <caption>Organisatie. Id: 00003131 (URA)</caption>
                     <tbody>
                        <tr>
                           <th>Naam</th>
                           <td>Huisarts Prins ZAB</td>
                        </tr>
                        <tr>
                           <th>Adres</th>
                           <td>Rotterdam</td>
                        </tr>
                     </tbody>
                  </table>
               </div>
            </text>
            <identifier>
               <system value="http://fhir.nl/fhir/NamingSystem/ura"/>
               <value value="00003131"/>
            </identifier>
            <name value="Huisarts Prins ZAB"/>
            <address>
               <city value="Rotterdam"/>
            </address>
         </Organization>
      </resource>
      <search>
         <mode value="include"/>
      </search>
   </entry>
   <entry>
      <fullUrl value="urn:uuid:47ec3f77-54b8-11eb-1742-020000000000"/>
      <resource>
         <Condition>
            <meta>
               <profile value="http://nictiz.nl/fhir/StructureDefinition/zib-Problem"/>
            </meta>
            <text>
               <status value="extensions"/>
               <div xmlns="http://www.w3.org/1999/xhtml">
                  <table>
                     <caption>Aandoening. Subject: urn:uuid:47ec3f70-54b8-11eb-1742-020000000000. Categorie: <span title="Diagnosis (282291009 - SNOMED CT)">Diagnosis</span>, Status: actief</caption>
                     <tbody>
                        <tr>
                           <th>Code</th>
                           <td>
                              <span title="Diabetes Mellitus type II (T90.02 - sid/icpc-1-nl)">Diabetes Mellitus type II</span>
                           </td>
                        </tr>
                        <tr>
                           <th>Eerste symptomen</th>
                           <td>Vanaf 2 april 2007</td>
                        </tr>
                     </tbody>
                  </table>
               </div>
            </text>
            <clinicalStatus value="active"/>
            <category>
               <coding>
                  <system value="http://snomed.info/sct"/>
                  <code value="282291009"/>
                  <display value="Diagnosis"/>
               </coding>
            </category>
            <code>
               <coding>
                  <system value="http://hl7.org/fhir/sid/icpc-1-nl"/>
                  <code value="T90.02"/>
                  <display value="Diabetes Mellitus type II"/>
               </coding>
            </code>
            <subject>
               <reference value="urn:uuid:47ec3f70-54b8-11eb-1742-020000000000"/>
            </subject>
            <onsetPeriod>
               <start value="2007-04-02"/>
            </onsetPeriod>
         </Condition>
      </resource>
      <search>
         <mode value="include"/>
      </search>
   </entry>
</Bundle>