<?xml-model href="http://hl7.org/fhir/STU3/bundle.sch" type="application/xml" schematypens="http://purl.oclc.org/dsdl/schematron"?><Bundle xmlns="http://hl7.org/fhir"
        xmlns:xsi="http://www.w3.org/2001/XMLSchema-instance"
        xsi:schemaLocation="http://hl7.org/fhir http://hl7.org/fhir/STU3/fhir-all.xsd">
   <type value="searchset"/>
   <total value="1"/>
   <entry>
      <fullUrl value="urn:uuid:adbfb4cf-1736-41ff-9f55-140e008aa498"/>
      <resource>
         <EpisodeOfCare>
            <meta>
               <profile value="http://fhir.nl/fhir/StructureDefinition/nl-core-episodeofcare"/>
            </meta>
            <text>
               <status value="extensions"/>
               <div xmlns="http://www.w3.org/1999/xhtml">
                  <table>
                     <caption>Zorgepisode. Patiënt: Joris Hansman. Id: adbfb4cf-1736-41ff-9f55-140e008aa498 (urn:oid:2.16.528.1.1007.3.3.765332.1.12), Status: actief</caption>
                     <tbody>
                        <tr>
                           <th>Type</th>
                           <td>
                              <span title="Condition (64572001 - SNOMED CT)">Condition</span>
                              <div>COPD</div>
                           </td>
                        </tr>
                        <tr>
                           <th>Periode</th>
                           <td>Vanaf 10 augustus 2015</td>
                        </tr>
                        <tr>
                           <th>Zorgmanager</th>
                           <td>Bester</td>
                        </tr>
                        <tr>
                           <th>Diagnose</th>
                           <td>Emfyseem/COPD</td>
                        </tr>
                     </tbody>
                  </table>
               </div>
            </text>
            <extension url="http://nictiz.nl/fhir/StructureDefinition/EpisodeOfCare-Title">
               <valueString value="COPD"/>
            </extension>
            <identifier>
               <system value="urn:oid:2.16.528.1.1007.3.3.765332.1.12"/>
               <value value="adbfb4cf-1736-41ff-9f55-140e008aa498"/>
            </identifier>
            <status value="active">
               <extension url="http://nictiz.nl/fhir/StructureDefinition/code-specification">
                  <valueCodeableConcept>
                     <coding>
                        <system value="http://hl7.org/fhir/v3/ActStatus"/>
                        <code value="active"/>
                        <display value="active"/>
                     </coding>
                  </valueCodeableConcept>
               </extension>
            </status>
            <type>
               <coding>
                  <system value="http://snomed.info/sct"/>
                  <code value="64572001"/>
                  <display value="Condition"/>
               </coding>
            </type>
            <diagnosis>
               <condition>
                  <reference value="urn:uuid:bb5abc07-54b4-11eb-1051-020000000000"/>
                  <display value="Emfyseem/COPD"/>
               </condition>
            </diagnosis>
            <patient>
               <reference value="urn:uuid:bb5abbfa-54b4-11eb-1051-020000000000"/>
               <display value="Joris Hansman"/>
            </patient>
            <managingOrganization>
               <reference value="urn:oid:2.16.528.1.1007.3.3.2234567"/>
               <display value="Bester"/>
            </managingOrganization>
            <period>
               <start value="2015-08-10"/>
            </period>
         </EpisodeOfCare>
      </resource>
      <search>
         <mode value="match"/>
      </search>
   </entry>
   <entry>
      <fullUrl value="urn:uuid:bb5abbfa-54b4-11eb-1051-020000000000"/>
      <resource>
         <Patient>
            <meta>
               <profile value="http://fhir.nl/fhir/StructureDefinition/nl-core-patient"/>
            </meta>
            <text>
               <status value="extensions"/>
               <div xmlns="http://www.w3.org/1999/xhtml">
                  <div>Id <i>afgeschermd (ontbrekend gegeven)</i> (BSN), Joris Hansman, Man</div>
               </div>
            </text>
            <identifier>
               <system value="http://fhir.nl/fhir/NamingSystem/bsn"/>
               <value>
                  <extension url="http://hl7.org/fhir/StructureDefinition/data-absent-reason">
                     <valueCode value="masked"/>
                  </extension>
               </value>
            </identifier>
            <name>
               <extension url="http://hl7.org/fhir/StructureDefinition/humanname-assembly-order">
                  <valueCode value="UNK"/>
               </extension>
               <family value="Hansman">
                  <extension url="http://hl7.org/fhir/StructureDefinition/humanname-own-name">
                     <valueString value="Hansman"/>
                  </extension>
               </family>
               <given value="Joris">
                  <extension url="http://hl7.org/fhir/StructureDefinition/iso21090-EN-qualifier">
                     <valueCode value="BR"/>
                  </extension>
               </given>
            </name>
            <gender value="male"/>
         </Patient>
      </resource>
      <search>
         <mode value="include"/>
      </search>
   </entry>
   <entry>
      <fullUrl value="urn:oid:2.16.528.1.1007.3.3.2234567"/>
      <resource>
         <Organization>
            <meta>
               <profile value="http://fhir.nl/fhir/StructureDefinition/nl-core-organization"/>
            </meta>
            <text>
               <status value="extensions"/>
               <div xmlns="http://www.w3.org/1999/xhtml">
                  <table>
                     <caption>Organisatie. Id: 02234567 (URA)</caption>
                     <tbody>
                        <tr>
                           <th>Naam</th>
                           <td>Bester</td>
                        </tr>
                     </tbody>
                  </table>
               </div>
            </text>
            <identifier>
               <system value="http://fhir.nl/fhir/NamingSystem/ura"/>
               <value value="02234567"/>
            </identifier>
            <name value="Bester"/>
         </Organization>
      </resource>
      <search>
         <mode value="include"/>
      </search>
   </entry>
   <entry>
      <fullUrl value="urn:uuid:bb5abc07-54b4-11eb-1051-020000000000"/>
      <resource>
         <Condition>
            <meta>
               <profile value="http://nictiz.nl/fhir/StructureDefinition/zib-Problem"/>
            </meta>
            <text>
               <status value="extensions"/>
               <div xmlns="http://www.w3.org/1999/xhtml">
                  <table>
                     <caption>Aandoening. Subject: Joris Hansman. Categorie: <span title="Diagnosis (282291009 - SNOMED CT)">Diagnosis</span>, Status: actief</caption>
                     <tbody>
                        <tr>
                           <th>Code</th>
                           <td>
                              <span title="Emfyseem/COPD (R95 - sid/icpc-1-nl)">Emfyseem/COPD</span>
                           </td>
                        </tr>
                        <tr>
                           <th>Eerste symptomen</th>
                           <td>Vanaf 10 augustus 2015</td>
                        </tr>
                     </tbody>
                  </table>
               </div>
            </text>
            <clinicalStatus value="active"/>
            <category>
               <coding>
                  <system value="http://snomed.info/sct"/>
                  <code value="282291009"/>
                  <display value="Diagnosis"/>
               </coding>
            </category>
            <code>
               <coding>
                  <system value="http://hl7.org/fhir/sid/icpc-1-nl"/>
                  <code value="R95"/>
                  <display value="Emfyseem/COPD"/>
               </coding>
            </code>
            <subject>
               <reference value="urn:uuid:bb5abbfa-54b4-11eb-1051-020000000000"/>
               <display value="Joris Hansman"/>
            </subject>
            <onsetPeriod>
               <start value="2015-08-10"/>
            </onsetPeriod>
         </Condition>
      </resource>
      <search>
         <mode value="include"/>
      </search>
   </entry>
</Bundle>