<AllergyIntolerance xmlns="http://hl7.org/fhir">
   <id value="gp-allergyintolerance-fenoxymethylpenicilline"/>
   <meta>
      <profile value="http://nictiz.nl/fhir/StructureDefinition/zib-AllergyIntolerance"/>
   </meta>
   <clinicalStatus value="active">
      <extension url="http://nictiz.nl/fhir/StructureDefinition/code-specification">
         <valueCodeableConcept>
            <coding>
               <system value="http://hl7.org/fhir/v3/ActStatus"/>
               <code value="active"/>
               <display value="Active"/>
            </coding>
         </valueCodeableConcept>
      </extension>
   </clinicalStatus>
   <verificationStatus value="confirmed"/>
   <category value="medication">
      <extension url="http://nictiz.nl/fhir/StructureDefinition/code-specification">
         <valueCodeableConcept>
            <coding>
               <system value="http://snomed.info/sct"/>
               <code value="419511003"/>
               <display value="Propensity to adverse reactions to drug"/>
            </coding>
         </valueCodeableConcept>
      </extension>
   </category>
   <code>
      <coding>
         <system value="urn:oid:2.16.840.1.113883.2.4.4.7"/>
         <code value="1051555"/>
         <display value="FENOXYMETHYLPENICILLINE CF CAPSULE 250MG"/>
      </coding>
   </code>
   <patient>
      <reference value="Patient/gpdata-patient-kwalificatie1"/>
   </patient>
   <assertedDate value="${CURRENTDATETIME, d, -500}"/>
   <recorder>
      <reference value="Practitioner/gpdata-practitioner-kwalificatie1"/>
   </recorder>
   <note>
      <text value="Forse reactie op FENOXYMETHYLPENICILLINE TEVA CAPSULE 250MG"/>
   </note>
</AllergyIntolerance>
