<httpclient:response xmlns:httpclient="http://exist-db.org/xquery/httpclient" statusCode="200">
    <httpclient:headers>
        <httpclient:header name="Date" value="Mon, 04 Mar 2019 14:26:06 GMT"/>
        <httpclient:header name="Server" value="Apache-Coyote/1.1"/>
        <httpclient:header name="Accept" value="text/xml, text/html, image/gif, image/jpeg, *; q=.2, */*; q=.2"/>
        <httpclient:header name="SOAPAction" value="&#34;&#34;"/>
        <httpclient:header name="Content-Type" value="text/xml;charset=utf-8"/>
        <httpclient:header name="Content-Length" value="9022"/>
        <httpclient:header name="Vary" value="Accept-Encoding"/>
    </httpclient:headers>
    <httpclient:body mimetype="text/xml;charset=utf-8" type="xml">
        <soap:Envelope xmlns:SOAP-ENV="http://schemas.xmlsoap.org/soap/envelope/" xmlns:soap="http://schemas.xmlsoap.org/soap/envelope/">
            <soap:Header/>
            <soap:Body>
                <POLB_IN364001NL03 xmlns="urn:hl7-org:v3" xmlns:sd="urn:hl7-org:sdtc" xmlns:ph="urn:ihe:pharm:medication" xmlns:nl="urn:hl7-nl:v3">
                    <id extension="XIS-20190304-1353-96cc26ad-687f-4c69-a518-90762890aef6" root="2.16.840.1.113883.2.4.6.6.90000258.1"/>
                    <creationTime value="20190304152606"/>
                    <versionCode code="NICTIZEd2005-Okt"/>
                    <interactionId extension="POLB_IN364001NL03" root="2.16.840.1.113883.1.6"/>
                    <profileId extension="810" root="2.16.840.1.113883.2.4.3.11.1"/>
                    <processingCode code="P"/>
                    <processingModeCode code="T"/>
                    <acceptAckCode code="NE"/>
                    <acknowledgement typeCode="AA">
                        <targetMessage>
                            <id extension="2714ccb1-abcb-4d30-9e6f-b734d2f00cde" root="2.16.840.1.113883.2.4.6.6.1.1"/>
                        </targetMessage>
                    </acknowledgement>
                    <receiver>
                        <device>
                            <id extension="1" root="2.16.840.1.113883.2.4.6.6"/>
                        </device>
                    </receiver>
                    <sender>
                        <device>
                            <id extension="90000258" root="2.16.840.1.113883.2.4.6.6"/>
                            <name>XIS LSP</name>
                        </device>
                    </sender>
                    <ControlActProcess moodCode="EVN">
                        <authorOrPerformer typeCode="AUT">
                            <participant>
                                <AssignedDevice>
                                    <id extension="900017472" root="2.16.528.1.1007.3.2"/>
                                    <Organization>
                                        <id extension="90000381" root="2.16.528.1.1007.3.3"/>
                                        <name>Tést Zorginstelling 04</name>
                                    </Organization>
                                </AssignedDevice>
                            </participant>
                        </authorOrPerformer>
                        <subject>
                            <organizer classCode="CLUSTER" moodCode="EVN">
                                <templateId root="2.16.840.1.113883.2.4.3.11.60.66.10.77"/>
                                <code code="26436-6" codeSystem="2.16.840.1.113883.6.1" codeSystemName="LOINC" displayName="Laboratory studies"/>
                                <statusCode code="completed"/>
                                <recordTarget>
                                    <patientRole>
                                        <id extension="999911624" root="2.16.840.1.113883.2.4.6.3"/>
                                        <addr use="HP">
                                            <streetName>Knolweg</streetName>
                                            <houseNumber>1001</houseNumber>
                                            <postalCode>9999 XX</postalCode>
                                            <city>STITSWERD</city>
                                            <country>Nederland</country>
                                        </addr>
                                        <patient>
                                            <name>
                                                <given qualifier="IN">E.</given>
                                                <family qualifier="BR">XXX_Zegers</family>
                                            </name>
                                            <administrativeGenderCode code="F" codeSystem="2.16.840.1.113883.5.1"/>
                                            <birthTime value="19640802"/>
                                        </patient>
                                    </patientRole>
                                </recordTarget>
                                <participant typeCode="CST">
                                    <participantRole classCode="ASSIGNED">
                                        <id extension="900013866" root="2.16.528.1.1007.3.1"/>
                                        <code code="01.015" codeSystem="2.16.840.1.113883.2.4.15.111" displayName="Huisarts"/>
                                        <addr use="WP">
                                            <streetName>Valkendael 45</streetName>
                                            <postalCode>6245 HK</postalCode>
                                            <city>Maastricht</city>
                                            <country>Nederland</country>
                                        </addr>
                                        <telecom use="WP" value="tel:+31205678900"/>
                                        <playingEntity classCode="PSN" determinerCode="INSTANCE">
                                            <name>
                                                <family qualifier="BR">Huisarts 1</family>
                                            </name>
                                        </playingEntity>
                                        <scopingEntity classCode="ORG" determinerCode="INSTANCE">
                                            <desc>Tést Zorginstelling 09</desc>
                                        </scopingEntity>
                                    </participantRole>
                                </participant>
                                <component contextControlCode="OP" typeCode="COMP">
                                    <observation classCode="OBS" moodCode="EVN">
                                        <templateId root="2.16.840.1.113883.2.4.3.11.60.7.10.31"/>
                                        <templateId root="1.3.6.1.4.1.19376.1.3.1.6"/>
                                        <id extension="21120" root="2.16.840.1.113883.2.4.6.6.90000258.4.7"/>
                                        <code code="852" codeSystem="2.16.840.1.113883.2.4.4.30.45" codeSystemName="Codes diagnostische bepalingen" codeSystemVersion="v29" displayName="Multi-rast (Phadiatop)"/>
                                        <statusCode code="completed"/>
                                        <effectiveTime value="20190130"/>
                                        <value xmlns:xsi="http://www.w3.org/2001/XMLSchema-instance" code="32" codeSystem="2.16.840.1.113883.2.4.4.30.1045" displayName="positief" xsi:type="CE"/>
                                        <participant typeCode="RESP">
                                            <participantRole classCode="ROL">
                                                <templateId root="2.16.840.1.113883.2.4.3.11.60.3.10.3.27"/>
                                                <id extension="900014718" root="2.16.528.1.1007.3.1"/>
                                            </participantRole>
                                        </participant>
                                    </observation>
                                </component>
                                <component contextControlCode="OP" typeCode="COMP">
                                    <observation classCode="OBS" moodCode="EVN">
                                        <templateId root="2.16.840.1.113883.2.4.3.11.60.7.10.31"/>
                                        <templateId root="1.3.6.1.4.1.19376.1.3.1.6"/>
                                        <id extension="21121" root="2.16.840.1.113883.2.4.6.6.90000258.4.7"/>
                                        <code code="2680" codeSystem="2.16.840.1.113883.2.4.4.30.45" codeSystemName="Codes diagnostische bepalingen" codeSystemVersion="v29" displayName="zuurstofsaturatie (pulsoximeter)"/>
                                        <statusCode code="completed"/>
                                        <effectiveTime value="20190130"/>
                                        <value xmlns:xsi="http://www.w3.org/2001/XMLSchema-instance" unit="%" value="97" xsi:type="PQ"/>
                                        <interpretationCode code="N" codeSystem="2.16.840.1.113883.5.83" codeSystemName="HL7 ObservationInterpretation" displayName="Normal"/>
                                        <participant typeCode="RESP">
                                            <participantRole classCode="ROL">
                                                <templateId root="2.16.840.1.113883.2.4.3.11.60.3.10.3.27"/>
                                                <id extension="900014718" root="2.16.528.1.1007.3.1"/>
                                            </participantRole>
                                        </participant>
                                        <referenceRange typeCode="REFV">
                                            <observationRange classCode="OBS" moodCode="EVN.CRT">
                                                <value xmlns:xsi="http://www.w3.org/2001/XMLSchema-instance" xsi:type="IVL_PQ">
                                                    <low unit="%" value="95"/>
                                                    <high unit="%" value="99"/>
                                                </value>
                                                <interpretationCode code="N" codeSystem="2.16.840.1.113883.5.83" codeSystemName="HL7 ObservationInterpretation" displayName="Normal"/>
                                            </observationRange>
                                        </referenceRange>
                                    </observation>
                                </component>
                                <component contextControlCode="OP" typeCode="COMP">
                                    <observation classCode="OBS" moodCode="EVN">
                                        <templateId root="2.16.840.1.113883.2.4.3.11.60.7.10.31"/>
                                        <templateId root="1.3.6.1.4.1.19376.1.3.1.6"/>
                                        <id extension="21123" root="2.16.840.1.113883.2.4.6.6.90000258.4.7"/>
                                        <code code="2626" codeSystem="2.16.840.1.113883.2.4.4.30.45" codeSystemName="Codes diagnostische bepalingen" codeSystemVersion="v29" displayName="huidtest hond epitheel"/>
                                        <statusCode code="completed"/>
                                        <effectiveTime value="20190203"/>
                                        <value xmlns:xsi="http://www.w3.org/2001/XMLSchema-instance" code="312" codeSystem="2.16.840.1.113883.2.4.4.30.1045" displayName="twijfelachtig" xsi:type="CE"/>
                                        <participant typeCode="RESP">
                                            <participantRole classCode="ROL">
                                                <templateId root="2.16.840.1.113883.2.4.3.11.60.3.10.3.27"/>
                                                <id extension="900014718" root="2.16.528.1.1007.3.1"/>
                                            </participantRole>
                                        </participant>
                                    </observation>
                                </component>
                                <component contextControlCode="OP" typeCode="COMP">
                                    <observation classCode="OBS" moodCode="EVN">
                                        <templateId root="2.16.840.1.113883.2.4.3.11.60.7.10.31"/>
                                        <templateId root="1.3.6.1.4.1.19376.1.3.1.6"/>
                                        <id extension="21124" root="2.16.840.1.113883.2.4.6.6.90000258.4.7"/>
                                        <code code="372" codeSystem="2.16.840.1.113883.2.4.4.30.45" codeSystemName="Codes diagnostische bepalingen" codeSystemVersion="v29" displayName="glucose nuchter, veneus (lab)"/>
                                        <statusCode code="completed"/>
                                        <effectiveTime value="20190205"/>
                                        <value xmlns:xsi="http://www.w3.org/2001/XMLSchema-instance" unit="mmol/L" value="4.5" xsi:type="PQ"/>
                                        <interpretationCode code="N" codeSystem="2.16.840.1.113883.5.83" codeSystemName="HL7 ObservationInterpretation" displayName="Normal"/>
                                        <participant typeCode="RESP">
                                            <participantRole classCode="ROL">
                                                <templateId root="2.16.840.1.113883.2.4.3.11.60.3.10.3.27"/>
                                                <id extension="900014718" root="2.16.528.1.1007.3.1"/>
                                            </participantRole>
                                        </participant>
                                        <referenceRange typeCode="REFV">
                                            <observationRange classCode="OBS" moodCode="EVN.CRT">
                                                <value xmlns:xsi="http://www.w3.org/2001/XMLSchema-instance" xsi:type="IVL_PQ">
                                                    <low unit="mmol/L" value="4"/>
                                                    <high unit="mmol/L" value="8"/>
                                                </value>
                                                <interpretationCode code="N" codeSystem="2.16.840.1.113883.5.83" codeSystemName="HL7 ObservationInterpretation" displayName="Normal"/>
                                            </observationRange>
                                        </referenceRange>
                                    </observation>
                                </component>
                                <component contextControlCode="OP" typeCode="COMP">
                                    <observation classCode="OBS" moodCode="EVN">
                                        <templateId root="2.16.840.1.113883.2.4.3.11.60.7.10.31"/>
                                        <templateId root="1.3.6.1.4.1.19376.1.3.1.6"/>
                                        <id extension="21132" root="2.16.840.1.113883.2.4.6.6.90000258.4.7"/>
                                        <code code="2680" codeSystem="2.16.840.1.113883.2.4.4.30.45" codeSystemName="Codes diagnostische bepalingen" codeSystemVersion="v29" displayName="zuurstofsaturatie (pulsoximeter)"/>
                                        <statusCode code="completed"/>
                                        <effectiveTime value="20190202"/>
                                        <value xmlns:xsi="http://www.w3.org/2001/XMLSchema-instance" unit="%" value="95" xsi:type="PQ"/>
                                        <interpretationCode code="N" codeSystem="2.16.840.1.113883.5.83" codeSystemName="HL7 ObservationInterpretation" displayName="Normal"/>
                                        <participant typeCode="RESP">
                                            <participantRole classCode="ROL">
                                                <templateId root="2.16.840.1.113883.2.4.3.11.60.3.10.3.27"/>
                                                <id extension="900014718" root="2.16.528.1.1007.3.1"/>
                                            </participantRole>
                                        </participant>
                                        <referenceRange typeCode="REFV">
                                            <observationRange classCode="OBS" moodCode="EVN.CRT">
                                                <value xmlns:xsi="http://www.w3.org/2001/XMLSchema-instance" xsi:type="IVL_PQ">
                                                    <low unit="%" value="95"/>
                                                    <high unit="%" value="99"/>
                                                </value>
                                                <interpretationCode code="N" codeSystem="2.16.840.1.113883.5.83" codeSystemName="HL7 ObservationInterpretation" displayName="Normal"/>
                                            </observationRange>
                                        </referenceRange>
                                    </observation>
                                </component>
                            </organizer>
                        </subject>
                        <queryAck>
                            <queryId extension="143695ca-f138-4edb-9be1-6bb853f4951c" root="2.16.840.1.113883.2.4.6.6.1.1.1"/>
                            <queryResponseCode code="OK"/>
                            <resultTotalQuantity value="1"/>
                            <resultCurrentQuantity value="1"/>
                            <resultRemainingQuantity value="0"/>
                        </queryAck>
                    </ControlActProcess>
                </POLB_IN364001NL03>
            </soap:Body>
        </soap:Envelope>
    </httpclient:body>
</httpclient:response>