<?xml version="1.0" encoding="UTF-8"?>
<Observation xmlns="http://hl7.org/fhir">
   <id value="905c0b94-0192-11ec-2039-020000000000"/>
   <meta>
      <profile value="http://fhir.nl/fhir/StructureDefinition/nl-core-observation"/>
      <profile value="http://nictiz.nl/fhir/StructureDefinition/zib-BodyWeight"/>
   </meta>
   <extension url="http://nictiz.nl/fhir/StructureDefinition/Observation-focusSTU3">
      <valueReference/>
   </extension>
   <status value="final"/>
   <code>
      <coding>
         <system value="2.16.840.1.113883.6.1"/>
         <code value="29463-7"/>
         <display value="Body weight"/>
      </coding>
   </code>
   <subject>
      <reference value="Patient/JAMILAJXXX-KWEE"/>
      <display value="Jamila J XXX_Kwee"/>
   </subject>
   <context>
      <reference value="Encounter/905c064b-0192-11ec-2039-020000000000"/>
      <display value="prenatale controle T-205D Vrouw2"/>
   </context>
   <effectiveDateTime value="${DATE, T, D, -205}"/>
   <valueQuantity>
      <value value="63"/>
      <unit value="kg"/>
      <system value="http://unitsofmeasure.org"/>
      <code value="kg"/>
   </valueQuantity>
   <component>
      <code>
         <coding>
            <system value=""/>
            <code value=""/>
            <display value=""/>
         </coding>
      </code>
      <valueCodeableConcept>
         <coding>
            <system value="urn:oid:2.16.840.1.113883.2.4.3.11.60.40.4.8.1"/>
            <code value="MINIMAL"/>
            <display value="Lichte kleding/ondergoed"/>
         </coding>
      </valueCodeableConcept>
   </component>
</Observation>
