<?xml version="1.0" encoding="UTF-8"?>
<Observation xmlns="http://hl7.org/fhir">
   <id value="905c0659-0192-11ec-2039-020000000000"/>
   <meta>
      <profile value="http://fhir.nl/fhir/StructureDefinition/nl-core-observation"/>
      <profile value="http://nictiz.nl/fhir/StructureDefinition/zib-TobaccoUse"/>
   </meta>
   <extension url="http://nictiz.nl/fhir/StructureDefinition/Observation-focusSTU3">
      <valueReference>
         <reference value="Condition/905c063d-0192-11ec-2039-020000000000"/>
         <display value="Zwangerschap 1 Vrouw2"/>
      </valueReference>
   </extension>
   <status value="final"/>
   <code>
      <coding>
         <system value="http://snomed.info/sct"/>
         <code value="365980008"/>
         <display value="bevinding betreffende tabakgebruik en blootstelling aan tabaksrook (bevinding)"/>
      </coding>
   </code>
   <subject>
      <reference value="Patient/JAMILAJXXX-KWEE"/>
      <display value="Jamila J XXX_Kwee"/>
   </subject>
   <context>
      <reference value="Encounter/905c064b-0192-11ec-2039-020000000000"/>
      <display value="prenatale controle T-205D Vrouw2"/>
   </context>
   <valueCodeableConcept>
      <coding>
         <system value="http://snomed.info/sct"/>
         <code value="230059006"/>
         <display value="rookt soms sigaretten tijdens de zwangerschap"/>
      </coding>
   </valueCodeableConcept>
</Observation>
