<?xml version="1.0" encoding="UTF-8"?>
<Condition xmlns="http://hl7.org/fhir">
   <id value="905c065d-0192-11ec-2039-020000000000"/>
   <meta>
      <profile value="http://nictiz.nl/fhir/StructureDefinition/zib-problem"/>
      <profile value="http://nictiz.nl/fhir/StructureDefinition/bc-DisorderOfPregnancy"/>
   </meta>
   <extension url="http://hl7.org/fhir/StructureDefinition/condition-partOf">
      <valueReference>
         <reference value="Condition/905c063d-0192-11ec-2039-020000000000"/>
         <display value="Zwangerschap 1 Vrouw2"/>
      </valueReference>
   </extension>
   <clinicalStatus value="active"/>
   <category>
      <coding>
         <system value="http://snomed.info/sct"/>
         <code value="173300003"/>
         <display value="Disorder of pregnancy (disorder)"/>
      </coding>
   </category>
   <code>
      <coding>
         <system value="2.16.840.1.113883.6.96"/>
         <code value="16356006"/>
         <display value="meerlingzwangerschap (aandoening)"/>
      </coding>
   </code>
   <subject>
      <reference value="Patient/JAMILAJXXX-KWEE"/>
      <display value="Jamila J XXX_Kwee"/>
   </subject>
   <context>
      <identifier>
         <value value="1"/>
      </identifier>
   </context>
   <onsetDateTime value="${DATE, T, D, -205}"/>
   <note>
      <text value="mw.door verwijzen naar Sophia"/>
   </note>
</Condition>
