<?xml version="1.0" encoding="UTF-8"?>
<Observation xmlns="http://hl7.org/fhir">
   <id value="905c0b9b-0192-11ec-2039-020000000000"/>
   <meta>
      <profile value="http://fhir.nl/fhir/StructureDefinition/nl-core-observation"/>
      <profile value="http://fhir.nl/fhir/StructureDefinition/"/>
   </meta>
   <extension url="http://nictiz.nl/fhir/StructureDefinition/Observation-focusSTU3">
      <valueReference/>
   </extension>
   <status value="final"/>
   <code>
      <coding>
         <system value="2.16.840.1.113883.6.96"/>
         <code value="246435002"/>
         <display value="aantal foetussen (waarneembare entiteit)"/>
      </coding>
   </code>
   <subject>
      <reference value="Patient/JAMILAJXXX-KWEE"/>
      <display value="Jamila J XXX_Kwee"/>
   </subject>
   <effectiveDateTime value="${DATE, T, D, -205}"/>
   <valueQuantity>
      <value value="2"/>
   </valueQuantity>
   <method>
      <coding>
         <system value="2.16.840.1.113883.6.96"/>
         <code value="241491007"/>
         <display value="echografie van foetus (verrichting)"/>
      </coding>
   </method>
</Observation>
