<?xml version="1.0" encoding="UTF-8"?>
<Observation xmlns="http://hl7.org/fhir">
   <id value="905bfba0-0192-11ec-2039-020000000000"/>
   <meta>
      <profile value="http://nictiz.nl/fhir/StructureDefinition/zib-LaboratoryTestResult-Observation"/>
   </meta>
   <text>
      <status value="generated"/>
      <div xmlns="http://www.w3.org/1999/xhtml">
         <table>
            <caption>Observatie/bepaling. Subject: <a href="Patient/JAMILAJXXX-KWEE">Jamila J XXX_Kwee</a>. Categorie: 49581000146104 (SNOMED CT), Status: definitief</caption>
            <tbody>
               <tr>
                  <th>Bepalingdatum/tijd</th>
                  <td>2021-02-06</td>
               </tr>
               <tr>
                  <th>Code</th>
                  <th>Waarde</th>
               </tr>
               <tr>
                  <td>
                     <span title="little c Ag [Presence] on Red Blood Cells (1159-3 - LOINC)">little c Ag [Presence] on Red Blood Cells</span>
                  </td>
                  <td>
                     <span title="Rh c Positief (733120009 - SNOMED CT)">Rh c Positief</span>
                  </td>
               </tr>
            </tbody>
         </table>
      </div>
   </text>
   <status value="final">
      <extension url="http://nictiz.nl/fhir/StructureDefinition/code-specification">
         <valueCodeableConcept>
            <coding>
               <system value="urn:oid:2.16.840.1.113883.2.4.3.11.60.40.4.16.1"/>
               <code value="final"/>
               <display value="Final"/>
            </coding>
         </valueCodeableConcept>
      </extension>
   </status>
   <category>
      <coding>
         <system value="http://snomed.info/sct"/>
         <code value="49581000146104"/>
         <display value="Laboratory test finding (finding)"/>
      </coding>
   </category>
   <code>
      <coding>
         <system value="http://loinc.org"/>
         <code value="1159-3"/>
         <display value="little c Ag [Presence] on Red Blood Cells"/>
      </coding>
   </code>
   <subject>
      <reference value="Patient/JAMILAJXXX-KWEE"/>
      <display value="Jamila J XXX_Kwee"/>
   </subject>
   <context>
      <identifier>
         <value value="1"/>
      </identifier>
   </context>
   <effectiveDateTime value="2021-02-06"/>
   <valueCodeableConcept>
      <coding>
         <system value="http://snomed.info/sct"/>
         <code value="733120009"/>
         <display value="Rh c Positief"/>
      </coding>
   </valueCodeableConcept>
</Observation>
