<!--Generated from HL7v3 REPC_IN990121NL instance with: <id extension="XIS-20190304-1353-32ec5b92-4dbd-44cf-aed6-2de5e8474eaa" root="2.16.840.1.113883.2.4.6.6.90000258.1"/>-->
<adaxml xmlns:xsi="http://www.w3.org/2001/XMLSchema-instance"
        xsi:noNamespaceSchemaLocation="../ada_schemas/ada_alerts_response.xsd">
   <meta status="new"
         created-by="generated"
         last-update-by="generated"
         creation-date="2019-07-21T06:45:17.902+02:00"
         last-update-date="2019-07-21T06:45:17.902+02:00"/>
   <data>
      <alerts_response app="ketenzorg3.0"
                       shortName="alerts_response"
                       formName="alerts_response"
                       transactionRef="2.16.840.1.113883.2.4.3.11.60.66.4.532"
                       transactionEffectiveDate="2018-04-13T00:00:00"
                       versionDate=""
                       prefix="kz-"
                       language="en-US"
                       title="Generated Through Conversion"
                       id="56995137-ab72-11e9-1980-020000000000">
         <bundle>
            <type code="74018-3"
                  codeSystem="2.16.840.1.113883.6.1"
                  codeSystemName="LOINC"
                  displayName="Alert"/>
            <status code="completed"
                    codeSystem="2.16.840.1.113883.5.14"
                    displayName="completed"/>
            <custodian>
               <healthcare_provider>
                  <healthcare_provider_identification_number value="90000381" root="2.16.528.1.1007.3.3"/>
                  <organization_name value="Tést Zorginstelling 04"/>
               </healthcare_provider>
            </custodian>
            <subject>
               <patient>
                  <name_information>
                     <initials value="E."/>
                     <name_usage value="1"
                                 code="NL1"
                                 codeSystem="2.16.840.1.113883.2.4.3.11.60.101.5.4"
                                 displayName="Eigen geslachtsnaam"/>
                     <last_name>
                        <last_name value="XXX_Zegers"/>
                     </last_name>
                  </name_information>
                  <patient_identification_number value="999911624" root="2.16.840.1.113883.2.4.6.3"/>
                  <date_of_birth value="1964-08-02"/>
                  <gender code="F" codeSystem="2.16.840.1.113883.5.1"/>
               </patient>
            </subject>
         </bundle>
         <alert>
            <hcimroot>
               <identification_number value="43316" root="2.16.840.1.113883.2.4.6.6.90000258.4.8"/>
            </hcimroot>
            <alert_name code="219"
                        codeSystem="2.16.840.1.113883.2.4.4.1.902.40"
                        codeSystemName="G-Standaard Thesaurus 40"
                        displayName="VERKEERSDEELNAME"/>
            <alert_type code="74018-3"
                        codeSystem="2.16.840.1.113883.6.1"
                        codeSystemName="LOINC"
                        displayName="Alert"/>
         </alert>
         <alert>
            <hcimroot>
               <identification_number value="43554" root="2.16.840.1.113883.2.4.6.6.90000258.4.8"/>
            </hcimroot>
            <alert_name code="18"
                        codeSystem="2.16.840.1.113883.2.4.4.1.902.40"
                        codeSystemName="G-Standaard Thesaurus 40"
                        displayName="HYPERTENSIE"/>
            <alert_type code="74018-3"
                        codeSystem="2.16.840.1.113883.6.1"
                        codeSystemName="LOINC"
                        displayName="Alert"/>
         </alert>
         <alert>
            <hcimroot>
               <identification_number value="43608" root="2.16.840.1.113883.2.4.6.6.90000258.4.8"/>
            </hcimroot>
            <episode value="1826" root="2.16.840.1.113883.2.4.6.6.90000258.4.6"/>
            <alert_name code="1348"
                        codeSystem="2.16.840.1.113883.2.4.4.1.902.40"
                        codeSystemName="G-Standaard Thesaurus 40"
                        displayName="COPD"/>
            <start_date_time value="2019-01-30"/>
            <alert_type code="74018-3"
                        codeSystem="2.16.840.1.113883.6.1"
                        codeSystemName="LOINC"
                        displayName="Alert"/>
         </alert>
         <alert>
            <hcimroot>
               <identification_number value="43609" root="2.16.840.1.113883.2.4.6.6.90000258.4.8"/>
            </hcimroot>
            <alert_name code="210"
                        codeSystem="2.16.840.1.113883.2.4.4.1.902.40"
                        codeSystemName="G-Standaard Thesaurus 40"
                        displayName="SPORTBEOEFENING"/>
            <alert_type code="74018-3"
                        codeSystem="2.16.840.1.113883.6.1"
                        codeSystemName="LOINC"
                        displayName="Alert"/>
         </alert>
      </alerts_response>
      <!--Input HL7 xml below-->
                       <!--<templateId xmlns="urn:hl7-org:v3"
                  xmlns:sd="urn:hl7-org:sdtc"
                  xmlns:ph="urn:ihe:pharm:medication"
                  xmlns:nl="urn:hl7-nl:v3"
                  xmlns:SOAP-ENV="http://schemas.xmlsoap.org/soap/envelope/"
                  xmlns:soap="http://schemas.xmlsoap.org/soap/envelope/"
                  xmlns:httpclient="http://exist-db.org/xquery/httpclient"/>
      <code xmlns="urn:hl7-org:v3"
            xmlns:sd="urn:hl7-org:sdtc"
            xmlns:ph="urn:ihe:pharm:medication"
            xmlns:nl="urn:hl7-nl:v3"
            xmlns:SOAP-ENV="http://schemas.xmlsoap.org/soap/envelope/"
            xmlns:soap="http://schemas.xmlsoap.org/soap/envelope/"
            xmlns:httpclient="http://exist-db.org/xquery/httpclient"/>
      <statusCode xmlns="urn:hl7-org:v3"
                  xmlns:sd="urn:hl7-org:sdtc"
                  xmlns:ph="urn:ihe:pharm:medication"
                  xmlns:nl="urn:hl7-nl:v3"
                  xmlns:SOAP-ENV="http://schemas.xmlsoap.org/soap/envelope/"
                  xmlns:soap="http://schemas.xmlsoap.org/soap/envelope/"
                  xmlns:httpclient="http://exist-db.org/xquery/httpclient"/>
      <recordTarget xmlns="urn:hl7-org:v3"
                    xmlns:sd="urn:hl7-org:sdtc"
                    xmlns:ph="urn:ihe:pharm:medication"
                    xmlns:nl="urn:hl7-nl:v3"
                    xmlns:SOAP-ENV="http://schemas.xmlsoap.org/soap/envelope/"
                    xmlns:soap="http://schemas.xmlsoap.org/soap/envelope/"
                    xmlns:httpclient="http://exist-db.org/xquery/httpclient">
                                    <patientRole>
                                        <id/>
                                        <addr>
                                            <streetName>Knolweg</streetName>
                                            <houseNumber>1001</houseNumber>
                                            <postalCode>9999 XX</postalCode>
                                            <city>STITSWERD</city>
                                            <country>Nederland</country>
                                        </addr>
                                        <patient>
                                            <name>
                                                <given>E.</given>
                                                <family>XXX_Zegers</family>
                                            </name>
                                            <administrativeGenderCode/>
                                            <birthTime/>
                                        </patient>
                                    </patientRole>
                                </recordTarget>
      <participant xmlns="urn:hl7-org:v3"
                   xmlns:sd="urn:hl7-org:sdtc"
                   xmlns:ph="urn:ihe:pharm:medication"
                   xmlns:nl="urn:hl7-nl:v3"
                   xmlns:SOAP-ENV="http://schemas.xmlsoap.org/soap/envelope/"
                   xmlns:soap="http://schemas.xmlsoap.org/soap/envelope/"
                   xmlns:httpclient="http://exist-db.org/xquery/httpclient">
                                    <participantRole>
                                        <id/>
                                    </participantRole>
                                </participant>
      <component xmlns="urn:hl7-org:v3"
                 xmlns:sd="urn:hl7-org:sdtc"
                 xmlns:ph="urn:ihe:pharm:medication"
                 xmlns:nl="urn:hl7-nl:v3"
                 xmlns:SOAP-ENV="http://schemas.xmlsoap.org/soap/envelope/"
                 xmlns:soap="http://schemas.xmlsoap.org/soap/envelope/"
                 xmlns:httpclient="http://exist-db.org/xquery/httpclient">
                                    <observation>
                                        <templateId/>
                                        <id/>
                                        <code/>
                                        <statusCode/>
                                        <value/>
                                    </observation>
                                </component>
      <component xmlns="urn:hl7-org:v3"
                 xmlns:sd="urn:hl7-org:sdtc"
                 xmlns:ph="urn:ihe:pharm:medication"
                 xmlns:nl="urn:hl7-nl:v3"
                 xmlns:SOAP-ENV="http://schemas.xmlsoap.org/soap/envelope/"
                 xmlns:soap="http://schemas.xmlsoap.org/soap/envelope/"
                 xmlns:httpclient="http://exist-db.org/xquery/httpclient">
                                    <observation>
                                        <templateId/>
                                        <id/>
                                        <code/>
                                        <statusCode/>
                                        <value/>
                                    </observation>
                                </component>
      <component xmlns="urn:hl7-org:v3"
                 xmlns:sd="urn:hl7-org:sdtc"
                 xmlns:ph="urn:ihe:pharm:medication"
                 xmlns:nl="urn:hl7-nl:v3"
                 xmlns:SOAP-ENV="http://schemas.xmlsoap.org/soap/envelope/"
                 xmlns:soap="http://schemas.xmlsoap.org/soap/envelope/"
                 xmlns:httpclient="http://exist-db.org/xquery/httpclient">
                                    <observation>
                                        <templateId/>
                                        <id/>
                                        <code/>
                                        <statusCode/>
                                        <effectiveTime>
                                            <low/>
                                        </effectiveTime>
                                        <value/>
                                        <entryRelationship>
                                            <act>
                                                <id/>
                                                <code/>
                                            </act>
                                        </entryRelationship>
                                    </observation>
                                </component>
      <component xmlns="urn:hl7-org:v3"
                 xmlns:sd="urn:hl7-org:sdtc"
                 xmlns:ph="urn:ihe:pharm:medication"
                 xmlns:nl="urn:hl7-nl:v3"
                 xmlns:SOAP-ENV="http://schemas.xmlsoap.org/soap/envelope/"
                 xmlns:soap="http://schemas.xmlsoap.org/soap/envelope/"
                 xmlns:httpclient="http://exist-db.org/xquery/httpclient">
                                    <observation>
                                        <templateId/>
                                        <id/>
                                        <code/>
                                        <statusCode/>
                                        <value/>
                                    </observation>
                                </component>-->
</data>
</adaxml>
