<?xml version="1.0" encoding="UTF-8"?>
<EpisodeOfCare xmlns="http://hl7.org/fhir">
   <id value="d735bfeb-2062-11ec-2089-020000000000"/>
   <meta>
      <profile value="http://fhir.nl/fhir/StructureDefinition/nl-core-episodeofcare"/>
      <profile value="http://nictiz.nl/fhir/StructureDefinition/bc-MaternalRecord"/>
   </meta>
   <status value="active"/>
   <type>
      <coding>
         <system value="http://snomed.info/sct"/>
         <code value="364320009"/>
         <display value="Pregnancy observable (observable entity)"/>
      </coding>
   </type>
   <diagnosis>
      <condition>
         <reference value="Condition/d735d436-2062-11ec-2089-020000000000"/>
         <display value="Zwangerschap 1 Vrouw1"/>
      </condition>
   </diagnosis>
   <patient>
      <reference value="Patient/HANNAHXXX-KOOIJ"/>
      <display value="Hanna H XXX_Kooij"/>
   </patient>
   <managingOrganization>
      <reference value="Organization/2-16-840-1-113883-2-4-6-108001234"/>
      <display value="Verloskundigenpraktijk 't Groen"/>
   </managingOrganization>
   <period>
      <start value="${DATE, T, D, -841}"/>
      <end value="${DATE, T, D, -587}"/>
   </period>
   <careManager>
      <reference value="Practitioner/2-16-528-1-1007-3-112340001"/>
      <display value="Gemma XXX_Groeneboom XXX_Gras"/>
   </careManager>
</EpisodeOfCare>
