<?xml version="1.0" encoding="UTF-8"?>
<Patient xmlns="http://hl7.org/fhir">
   <id value="HANNAHXXX-KOOIJ"/>
   <meta>
      <profile value="http://fhir.nl/fhir/StructureDefinition/nl-core-patient"/>
   </meta>
   <text>
      <status value="generated"/>
      <div xmlns="http://www.w3.org/1999/xhtml">
         <div>Hanna H XXX_Kooij, Vrouw, 18 oktober 1985</div>
         <div>Knolweg 1002, 9999ZZ STITSWERD, 157 (Privé Bezoek)</div>
      </div>
   </text>
   <name>
      <extension url="http://hl7.org/fhir/StructureDefinition/humanname-assembly-order">
         <valueCode value="NL1"/>
      </extension>
      <family value="XXX_Kooij">
         <extension url="http://hl7.org/fhir/StructureDefinition/humanname-own-name">
            <valueString value="XXX_Kooij"/>
         </extension>
      </family>
      <given value="Hanna">
         <extension url="http://hl7.org/fhir/StructureDefinition/iso21090-EN-qualifier">
            <valueCode value="BR"/>
         </extension>
      </given>
      <given value="H">
         <extension url="http://hl7.org/fhir/StructureDefinition/iso21090-EN-qualifier">
            <valueCode value="IN"/>
         </extension>
      </given>
   </name>
   <gender value="female"/>
   <birthDate value="1985-10-18"/>
   <address>
      <extension url="http://hl7.org/fhir/StructureDefinition/iso21090-AD-use">
         <valueCode value="PHYS"/>
      </extension>
      <use value="home"/>
      <type value="physical"/>
      <line value="Knolweg 1002">
         <extension url="http://hl7.org/fhir/StructureDefinition/iso21090-ADXP-streetName">
            <valueString value="Knolweg"/>
         </extension>
         <extension url="http://hl7.org/fhir/StructureDefinition/iso21090-ADXP-houseNumber">
            <valueString value="1002"/>
         </extension>
      </line>
      <city value="STITSWERD"/>
      <postalCode value="9999ZZ"/>
      <country value="157"/>
   </address>
</Patient>
