<?xml version="1.0" encoding="UTF-8"?>
<Observation xmlns="http://hl7.org/fhir">
   <id value="d735d43a-2062-11ec-2089-020000000000"/>
   <meta>
      <profile value="http://fhir.nl/fhir/StructureDefinition/nl-core-observation"/>
      <profile value="http://nictiz.nl/fhir/StructureDefinition/bc-PregnancyObservation"/>
   </meta>
   <extension url="http://nictiz.nl/fhir/StructureDefinition/Observation-focusSTU3">
      <valueReference>
         <reference value="Condition/d735d436-2062-11ec-2089-020000000000"/>
         <display value="Zwangerschap 1 Vrouw1"/>
      </valueReference>
   </extension>
   <status value="final"/>
   <code>
      <coding>
         <system value="2.16.840.1.113883.6.96"/>
         <code value="161714006"/>
         <display value="geschatte datum van partus (waarneembare entiteit)"/>
      </coding>
   </code>
   <subject>
      <reference value="Patient/HANNAHXXX-KOOIJ"/>
      <display value="Hanna H XXX_Kooij"/>
   </subject>
   <context>
      <reference value="EpisodeOfCare/d735bfeb-2062-11ec-2089-020000000000"/>
      <display value="Zwangerschap 1 Vrouw1"/>
   </context>
   <effectiveDateTime value=""/>
   <valueDateTime value="${DATE, T, D, -587}"/>
   <method>
      <coding>
         <system value="2.16.840.1.113883.6.96"/>
         <code value="31541000146106"/>
         <display value="aterme datum berekend door middel van diagnostische ultrasonografie"/>
      </coding>
   </method>
</Observation>
