<?xml version="1.0" encoding="UTF-8"?>
<Observation xmlns="http://hl7.org/fhir">
   <id value="d735d986-2062-11ec-2089-020000000000"/>
   <meta>
      <profile value="http://fhir.nl/fhir/StructureDefinition/nl-core-observation"/>
      <profile value="http://nictiz.nl/fhir/StructureDefinition/bc-ChildObservation"/>
   </meta>
   <status value="final"/>
   <code>
      <coding>
         <system value="2.16.840.1.113883.6.1"/>
         <code value="8339-4"/>
         <display value="Birth weight Measured"/>
      </coding>
   </code>
   <subject>
      <reference value="Patient/d735d407-2062-11ec-2089-020000000000"/>
      <display value="Helen H.I. XXX_Kooij"/>
   </subject>
   <context>
      <reference value="EpisodeOfCare/d735bfeb-2062-11ec-2089-020000000000"/>
      <display value="Zwangerschap 1 Vrouw1"/>
   </context>
   <valueQuantity>
      <value value="3415"/>
      <unit value="gram"/>
      <system value="http://unitsofmeasure.org"/>
      <code value="g"/>
   </valueQuantity>
</Observation>
