<?xml version="1.0" encoding="UTF-8"?>
<PractitionerRole xmlns="http://hl7.org/fhir">
   <id value="1234000103-000"/>
   <meta>
      <profile value="http://fhir.nl/fhir/StructureDefinition/nl-core-practitionerrole"/>
   </meta>
   <text>
      <status value="generated"/>
      <div xmlns="http://www.w3.org/1999/xhtml">
         <table>
            <caption>Zorgverlenerrol</caption>
            <tbody>
               <tr>
                  <th>Zorgverlener</th>
                  <td>
                     <div>
                        <a href="Practitioner/2-16-528-1-1007-3-112340001">Gemma XXX_Groeneboom XXX_Gras</a>
                     </div>
                  </td>
               </tr>
               <tr>
                  <th>Specialisme</th>
                  <td>
                     <span title="Verloskundige (03.000 - http://fhir.nl/fhir/NamingSystem/uzi-rolcode)">Verloskundige</span>
                  </td>
               </tr>
            </tbody>
         </table>
      </div>
   </text>
   <practitioner>
      <reference value="Practitioner/2-16-528-1-1007-3-112340001"/>
      <display value="Gemma XXX_Groeneboom XXX_Gras"/>
   </practitioner>
   <specialty>
      <coding>
         <system value="http://fhir.nl/fhir/NamingSystem/uzi-rolcode"/>
         <version value="2020-04-01T00:00:00"/>
         <code value="03.000"/>
         <display value="Verloskundige"/>
      </coding>
   </specialty>
</PractitionerRole>
