<?xml version="1.0" encoding="UTF-8"?>
<Procedure xmlns="http://hl7.org/fhir">
   <id value=""/>
   <meta>
      <profile value="http://nictiz.nl/fhir/StructureDefinition/zib-Procedure"/>
      <profile value="http://nictiz.nl/fhir/StructureDefinition/bc-BirthProcedure"/>
   </meta>
   <partOf>
      <reference value="Procedure/d735d441-2062-11ec-2089-020000000000"/>
      <display value="bevalling zwangerschap 1 Vrouw1"/>
   </partOf>
   <status value="completed"/>
   <category>
      <coding>
         <system value="http://snomed.info/sct"/>
         <code value="386637004"/>
         <display value="Obstetric procedure (procedure)"/>
      </coding>
   </category>
   <code>
      <coding>
         <system value="2.16.840.1.113883.6.96"/>
         <code value="42857002"/>
         <display value="tweede fase van partus (bevinding)"/>
      </coding>
   </code>
   <subject>
      <reference value="Patient/HANNAHXXX-KOOIJ"/>
      <display value="Hanna H XXX_Kooij"/>
   </subject>
   <context>
      <reference value="EpisodeOfCare/d735bfeb-2062-11ec-2089-020000000000"/>
      <display value="Zwangerschap 1 Vrouw1"/>
   </context>
   <reasonReference>
      <reference value="Condition/d735d436-2062-11ec-2089-020000000000"/>
      <display value="Zwangerschap 1 Vrouw1"/>
   </reasonReference>
</Procedure>
