<?xml version="1.0" encoding="UTF-8"?>
<Condition xmlns="http://hl7.org/fhir">
   <id value="d735d436-2062-11ec-2089-020000000000"/>
   <meta>
      <profile value="http://nictiz.nl/fhir/StructureDefinition/zib-Pregnancy"/>
   </meta>
   <clinicalStatus value="active"/>
   <code>
      <coding>
         <system value="http://snomed.info/sct"/>
         <code value="364320009"/>
         <display value="Pregnancy observable (observable entity)"/>
      </coding>
   </code>
   <subject>
      <reference value="Patient/HANNAHXXX-KOOIJ"/>
      <display value="Hanna H XXX_Kooij"/>
   </subject>
   <context>
      <reference value="EpisodeOfCare/d735bfeb-2062-11ec-2089-020000000000"/>
      <display value="Zwangerschap 1 Vrouw1"/>
   </context>
</Condition>
