<?xml version="1.0" encoding="UTF-8"?>
<Observation xmlns="http://hl7.org/fhir">
   <id value="d735d438-2062-11ec-2089-020000000000"/>
   <meta>
      <profile value="http://fhir.nl/fhir/StructureDefinition/nl-core-observation"/>
      <profile value="http://nictiz.nl/fhir/StructureDefinition/zib-Pregnancy-Gravidity"/>
   </meta>
   <extension url="http://nictiz.nl/fhir/StructureDefinition/Observation-focusSTU3">
      <valueReference>
         <reference value="Condition/d735d436-2062-11ec-2089-020000000000"/>
         <display value="Zwangerschap 1 Vrouw1"/>
      </valueReference>
   </extension>
   <status value="final"/>
   <code>
      <coding>
         <system value="2.16.840.1.113883.6.96"/>
         <code value="161732006"/>
         <display value="aantal zwangerschappen (waarneembare entiteit)"/>
      </coding>
   </code>
   <subject>
      <reference value="Patient/HANNAHXXX-KOOIJ"/>
      <display value="Hanna H XXX_Kooij"/>
   </subject>
   <context>
      <reference value="EpisodeOfCare/d735bfeb-2062-11ec-2089-020000000000"/>
      <display value="Zwangerschap 1 Vrouw1"/>
   </context>
   <valueQuantity>
      <value value="1"/>
   </valueQuantity>
</Observation>
