<?xml-model href="http://hl7.org/fhir/STU3/bundle.sch" type="application/xml" schematypens="http://purl.oclc.org/dsdl/schematron"?><Bundle xmlns="http://hl7.org/fhir"
        xmlns:xsi="http://www.w3.org/2001/XMLSchema-instance"
        xsi:schemaLocation="http://hl7.org/fhir http://hl7.org/fhir/STU3/fhir-all.xsd">
   <type value="searchset"/>
   <total value="5"/>
   <entry>
      <fullUrl value="urn:uuid:b4e741bf-acbf-11e9-9375-28f10e481d92"/>
      <resource>
         <MedicationRequest>
            <meta>
               <profile value="http://nictiz.nl/fhir/StructureDefinition/zib-MedicationAgreement"/>
            </meta>
            <extension url="http://nictiz.nl/fhir/StructureDefinition/zib-Medication-PeriodOfUse">
               <valuePeriod>
                  <start value="2018-09-02T00:00:00+02:00"/>
               </valuePeriod>
            </extension>
            <extension url="http://nictiz.nl/fhir/StructureDefinition/zib-MedicationUse-Duration">
               <valueDuration>
                  <value value="1"/>
                  <unit value="jaar"/>
                  <system value="http://unitsofmeasure.org"/>
                  <code value="a"/>
               </valueDuration>
            </extension>
            <extension url="http://nictiz.nl/fhir/StructureDefinition/zib-Medication-MedicationTreatment">
               <valueIdentifier>
                  <system value="urn:oid:2.16.840.1.113883.2.4.3.11.999.77.1.1"/>
                  <value value="MBH_513_1"/>
               </valueIdentifier>
            </extension>
            <identifier>
               <system value="urn:oid:2.16.840.1.113883.2.4.3.11.999.77.16076005.1"/>
               <value value="MBH_513_1_MA_1"/>
            </identifier>
            <status value="entered-in-error"/>
            <intent value="order"/>
            <category>
               <coding>
                  <system value="http://snomed.info/sct"/>
                  <code value="16076005"/>
                  <display value="Prescription (procedure)"/>
               </coding>
               <text value="Medicatieafspraak"/>
            </category>
            <medicationReference>
               <reference value="urn:oid:2.16.840.1.113883.2.4.4.10.49484"/>
               <display value="ACETYLSALICYLZUUR TABLETMSR 100MG"/>
            </medicationReference>
            <subject>
               <reference value="urn:uuid:b4e72b8c-acbf-11e9-9375-28f10e481d92"/>
               <display value="J. XXX_Amaya"/>
            </subject>
            <authoredOn value="2018-09-02T11:25:00+02:00"/>
            <requester>
               <agent>
                  <extension url="http://nictiz.nl/fhir/StructureDefinition/practitionerrole-reference">
                     <valueReference>
                        <reference value="urn:uuid:b4e741c3-acbf-11e9-9375-28f10e481d92"/>
                        <display value="Peter P. van Pulver || Huisartsen, niet nader gespecificeerd || Huisartsenpraktijk Pulver &amp; Partners"/>
                     </valueReference>
                  </extension>
                  <display value="Peter P. van Pulver || Huisartsen, niet nader gespecificeerd || Huisartsenpraktijk Pulver &amp; Partners"/>
               </agent>
            </requester>
            <dosageInstruction>
               <sequence value="1"/>
               <text value="Vanaf 2 sep 2018, gedurende 1 jaar, 10 maal per dag 1 stuk, oraal"/>
               <timing>
                  <repeat>
                     <frequency value="10"/>
                     <period value="1"/>
                     <periodUnit value="d"/>
                  </repeat>
               </timing>
               <route>
                  <coding>
                     <system value="urn:oid:2.16.840.1.113883.2.4.4.9"/>
                     <code value="9"/>
                     <display value="Oraal"/>
                  </coding>
               </route>
               <doseQuantity>
                  <value value="1"/>
                  <unit value="stuk"/>
                  <system value="urn:oid:2.16.840.1.113883.2.4.4.1.900.2"/>
                  <code value="245"/>
               </doseQuantity>
            </dosageInstruction>
         </MedicationRequest>
      </resource>
      <search>
         <mode value="match"/>
      </search>
   </entry>
   <entry>
      <fullUrl value="urn:uuid:b4e741ef-acbf-11e9-9375-28f10e481d92"/>
      <resource>
         <MedicationRequest>
            <meta>
               <profile value="http://nictiz.nl/fhir/StructureDefinition/zib-MedicationAgreement"/>
            </meta>
            <extension url="http://nictiz.nl/fhir/StructureDefinition/zib-Medication-PeriodOfUse">
               <valuePeriod>
                  <start value="2018-09-03T00:00:00+02:00"/>
               </valuePeriod>
            </extension>
            <extension url="http://nictiz.nl/fhir/StructureDefinition/zib-MedicationUse-Duration">
               <valueDuration>
                  <value value="1"/>
                  <unit value="jaar"/>
                  <system value="http://unitsofmeasure.org"/>
                  <code value="a"/>
               </valueDuration>
            </extension>
            <extension url="http://nictiz.nl/fhir/StructureDefinition/zib-Medication-MedicationTreatment">
               <valueIdentifier>
                  <system value="urn:oid:2.16.840.1.113883.2.4.3.11.999.77.1.1"/>
                  <value value="MBH_513_1"/>
               </valueIdentifier>
            </extension>
            <identifier>
               <system value="urn:oid:2.16.840.1.113883.2.4.3.11.999.77.16076005.1"/>
               <value value="MBH_513_1_MA_2"/>
            </identifier>
            <intent value="order"/>
            <category>
               <coding>
                  <system value="http://snomed.info/sct"/>
                  <code value="16076005"/>
                  <display value="Prescription (procedure)"/>
               </coding>
               <text value="Medicatieafspraak"/>
            </category>
            <medicationReference>
               <reference value="urn:oid:2.16.840.1.113883.2.4.4.10.49484"/>
               <display value="ACETYLSALICYLZUUR TABLETMSR 100MG"/>
            </medicationReference>
            <subject>
               <reference value="urn:uuid:b4e72b8c-acbf-11e9-9375-28f10e481d92"/>
               <display value="J. XXX_Amaya"/>
            </subject>
            <authoredOn value="2018-09-03T09:00:00+02:00"/>
            <requester>
               <agent>
                  <extension url="http://nictiz.nl/fhir/StructureDefinition/practitionerrole-reference">
                     <valueReference>
                        <reference value="urn:uuid:b4e741f2-acbf-11e9-9375-28f10e481d92"/>
                        <display value="Bertine B. van Doorn || Huisartsen, niet nader gespecificeerd || Huisartsenpraktijk Pulver &amp; Partners"/>
                     </valueReference>
                  </extension>
                  <display value="Bertine B. van Doorn || Huisartsen, niet nader gespecificeerd || Huisartsenpraktijk Pulver &amp; Partners"/>
               </agent>
            </requester>
            <dosageInstruction>
               <sequence value="1"/>
               <text value="Vanaf 3 sep 2018, gedurende 1 jaar, 1 maal per dag 1 stuk, oraal"/>
               <timing>
                  <repeat>
                     <frequency value="1"/>
                     <period value="1"/>
                     <periodUnit value="d"/>
                  </repeat>
               </timing>
               <route>
                  <coding>
                     <system value="urn:oid:2.16.840.1.113883.2.4.4.9"/>
                     <code value="9"/>
                     <display value="Oraal"/>
                  </coding>
               </route>
               <doseQuantity>
                  <value value="1"/>
                  <unit value="stuk"/>
                  <system value="urn:oid:2.16.840.1.113883.2.4.4.1.900.2"/>
                  <code value="245"/>
               </doseQuantity>
            </dosageInstruction>
         </MedicationRequest>
      </resource>
      <search>
         <mode value="match"/>
      </search>
   </entry>
   <entry>
      <fullUrl value="urn:uuid:b4e7353b-acbf-11e9-9375-28f10e481d92"/>
      <resource>
         <MedicationRequest>
            <meta>
               <profile value="http://nictiz.nl/fhir/StructureDefinition/zib-MedicationAgreement"/>
            </meta>
            <extension url="http://nictiz.nl/fhir/StructureDefinition/zib-Medication-PeriodOfUse">
               <valuePeriod>
                  <start value="2018-09-03T00:00:00+02:00"/>
               </valuePeriod>
            </extension>
            <extension url="http://nictiz.nl/fhir/StructureDefinition/zib-Medication-MedicationTreatment">
               <valueIdentifier>
                  <system value="urn:oid:2.16.840.1.113883.2.4.3.11.999.77.1.1"/>
                  <value value="MBH_513_2"/>
               </valueIdentifier>
            </extension>
            <extension url="http://nictiz.nl/fhir/StructureDefinition/zib-MedicationAgreement-BasedOnAgreementOrUse">
               <valueReference>
                  <identifier>
                     <system value="urn:oid:2.16.840.1.113883.2.4.3.11.999.77.422037009.1"/>
                     <value value="MBH_513_2_TA_1"/>
                  </identifier>
                  <display value="relatie naar toedieningsafspraak: MBH_513_2_TA_1 || 2.16.840.1.113883.2.4.3.11.999.77.422037009.1"/>
               </valueReference>
            </extension>
            <identifier>
               <system value="urn:oid:2.16.840.1.113883.2.4.3.11.999.77.16076005.1"/>
               <value value="MBH_513_2_MA_2"/>
            </identifier>
            <intent value="order"/>
            <category>
               <coding>
                  <system value="http://snomed.info/sct"/>
                  <code value="16076005"/>
                  <display value="Prescription (procedure)"/>
               </coding>
               <text value="Medicatieafspraak"/>
            </category>
            <medicationReference>
               <reference value="urn:oid:2.16.840.1.113883.2.4.4.10.5967"/>
               <display value="FUROSEMIDE TABLET 40MG"/>
            </medicationReference>
            <subject>
               <reference value="urn:uuid:b4e72b8c-acbf-11e9-9375-28f10e481d92"/>
               <display value="J. XXX_Amaya"/>
            </subject>
            <authoredOn value="2018-09-03T14:32:00+02:00"/>
            <requester>
               <agent>
                  <extension url="http://nictiz.nl/fhir/StructureDefinition/practitionerrole-reference">
                     <valueReference>
                        <reference value="urn:uuid:b4e7353f-acbf-11e9-9375-28f10e481d92"/>
                        <display value="Hans H. van Doorn || Medisch specialisten, inwendige geneeskunde || Ziekenhuis Stitswerd"/>
                     </valueReference>
                  </extension>
                  <display value="Hans H. van Doorn || Medisch specialisten, inwendige geneeskunde || Ziekenhuis Stitswerd"/>
               </agent>
            </requester>
            <reasonCode>
               <coding>
                  <system value="http://snomed.info/sct"/>
                  <code value="305335007"/>
                  <display value="Opname"/>
               </coding>
            </reasonCode>
            <note>
               <text value="Toedieningsafspraak van apotheker ontvangen, geen medicatieafspraak van voorschrijver ontvangen. Deze nieuwe medicatieafspraak is gebaseerd op de toedieningsafspraak: MBH_513_2_TA_1"/>
            </note>
            <dosageInstruction>
               <sequence value="1"/>
               <text value="Vanaf 3 sep 2018, tot nader order, 1 maal daags 1 stuk, oraal"/>
               <timing>
                  <repeat>
                     <frequency value="1"/>
                     <period value="1"/>
                     <periodUnit value="d"/>
                  </repeat>
               </timing>
               <route>
                  <coding>
                     <system value="urn:oid:2.16.840.1.113883.2.4.4.9"/>
                     <code value="9"/>
                     <display value="Oraal"/>
                  </coding>
               </route>
               <doseQuantity>
                  <value value="1"/>
                  <unit value="stuk"/>
                  <system value="urn:oid:2.16.840.1.113883.2.4.4.1.900.2"/>
                  <code value="245"/>
               </doseQuantity>
            </dosageInstruction>
         </MedicationRequest>
      </resource>
      <search>
         <mode value="match"/>
      </search>
   </entry>
   <entry>
      <fullUrl value="urn:uuid:b4e7356d-acbf-11e9-9375-28f10e481d92"/>
      <resource>
         <MedicationRequest>
            <meta>
               <profile value="http://nictiz.nl/fhir/StructureDefinition/zib-MedicationAgreement"/>
            </meta>
            <extension url="http://nictiz.nl/fhir/StructureDefinition/zib-Medication-PeriodOfUse">
               <valuePeriod>
                  <start value="2018-09-03T00:00:00+02:00"/>
               </valuePeriod>
            </extension>
            <extension url="http://nictiz.nl/fhir/StructureDefinition/zib-MedicationUse-Duration">
               <valueDuration>
                  <value value="28"/>
                  <unit value="dag"/>
                  <system value="http://unitsofmeasure.org"/>
                  <code value="d"/>
               </valueDuration>
            </extension>
            <extension url="http://nictiz.nl/fhir/StructureDefinition/zib-Medication-MedicationTreatment">
               <valueIdentifier>
                  <system value="urn:oid:2.16.840.1.113883.2.4.3.11.999.77.1.1"/>
                  <value value="MBH_513_3"/>
               </valueIdentifier>
            </extension>
            <extension url="http://nictiz.nl/fhir/StructureDefinition/zib-MedicationAgreement-BasedOnAgreementOrUse">
               <valueReference>
                  <identifier>
                     <system value="urn:oid:2.16.840.1.113883.2.4.3.11.999.77.6.1"/>
                     <value value="MBH_513_3_MGB_1"/>
                  </identifier>
                  <display value="relatie naar medicatiegebruik: MBH_513_3_MGB_1 || 2.16.840.1.113883.2.4.3.11.999.77.6.1"/>
               </valueReference>
            </extension>
            <identifier>
               <system value="urn:oid:2.16.840.1.113883.2.4.3.11.999.77.16076005.1"/>
               <value value="MBH_513_3_MA_1"/>
            </identifier>
            <intent value="order"/>
            <category>
               <coding>
                  <system value="http://snomed.info/sct"/>
                  <code value="16076005"/>
                  <display value="Prescription (procedure)"/>
               </coding>
               <text value="Medicatieafspraak"/>
            </category>
            <medicationReference>
               <reference value="urn:oid:2.16.840.1.113883.2.4.4.10.6009"/>
               <display value="METHOTREXAAT TABLET 2,5MG"/>
            </medicationReference>
            <subject>
               <reference value="urn:uuid:b4e72b8c-acbf-11e9-9375-28f10e481d92"/>
               <display value="J. XXX_Amaya"/>
            </subject>
            <authoredOn value="2018-09-03T14:32:00+02:00"/>
            <requester>
               <agent>
                  <extension url="http://nictiz.nl/fhir/StructureDefinition/practitionerrole-reference">
                     <valueReference>
                        <reference value="urn:uuid:b4e7353f-acbf-11e9-9375-28f10e481d92"/>
                        <display value="Hans H. van Doorn || Medisch specialisten, inwendige geneeskunde || Ziekenhuis Stitswerd"/>
                     </valueReference>
                  </extension>
                  <display value="Hans H. van Doorn || Medisch specialisten, inwendige geneeskunde || Ziekenhuis Stitswerd"/>
               </agent>
            </requester>
            <reasonCode>
               <coding>
                  <system value="http://snomed.info/sct"/>
                  <code value="305335007"/>
                  <display value="Opname"/>
               </coding>
            </reasonCode>
            <reasonReference>
               <reference value="urn:uuid:b4e73589-acbf-11e9-9375-28f10e481d92"/>
               <display value="Andere maligniteit bloed/lymfestelsel"/>
            </reasonReference>
            <dosageInstruction>
               <sequence value="1"/>
               <text value="Vanaf 3 sep 2018, gedurende 28 dagen, 1 maal per week 5 stuks, oraal"/>
               <timing>
                  <repeat>
                     <frequency value="1"/>
                     <period value="1"/>
                     <periodUnit value="wk"/>
                  </repeat>
               </timing>
               <route>
                  <coding>
                     <system value="urn:oid:2.16.840.1.113883.2.4.4.9"/>
                     <code value="9"/>
                     <display value="Oraal"/>
                  </coding>
               </route>
               <doseQuantity>
                  <value value="5"/>
                  <unit value="stuk"/>
                  <system value="urn:oid:2.16.840.1.113883.2.4.4.1.900.2"/>
                  <code value="245"/>
               </doseQuantity>
            </dosageInstruction>
         </MedicationRequest>
      </resource>
      <search>
         <mode value="match"/>
      </search>
   </entry>
   <entry>
      <fullUrl value="urn:uuid:b4e735a2-acbf-11e9-9375-28f10e481d92"/>
      <resource>
         <MedicationRequest>
            <meta>
               <profile value="http://nictiz.nl/fhir/StructureDefinition/zib-MedicationAgreement"/>
            </meta>
            <extension url="http://nictiz.nl/fhir/StructureDefinition/zib-Medication-PeriodOfUse">
               <valuePeriod>
                  <start value="2018-08-29T00:00:00+02:00"/>
               </valuePeriod>
            </extension>
            <extension url="http://nictiz.nl/fhir/StructureDefinition/zib-MedicationUse-Duration">
               <valueDuration>
                  <value value="10"/>
                  <unit value="dag"/>
                  <system value="http://unitsofmeasure.org"/>
                  <code value="d"/>
               </valueDuration>
            </extension>
            <extension url="http://nictiz.nl/fhir/StructureDefinition/zib-Medication-AdditionalInformation">
               <valueCodeableConcept>
                  <coding>
                     <system value="urn:oid:2.16.840.1.113883.2.4.3.11.60.20.77.5.2.14.2050"/>
                     <code value="1"/>
                     <display value="Bewust hoge dosering"/>
                  </coding>
               </valueCodeableConcept>
            </extension>
            <extension url="http://nictiz.nl/fhir/StructureDefinition/zib-Medication-MedicationTreatment">
               <valueIdentifier>
                  <system value="urn:oid:2.16.840.1.113883.2.4.3.11.999.77.1.1"/>
                  <value value="MBH_513_4"/>
               </valueIdentifier>
            </extension>
            <identifier>
               <system value="urn:oid:2.16.840.1.113883.2.4.3.11.999.77.16076005.1"/>
               <value value="MBH_513_4_MA_1"/>
            </identifier>
            <intent value="order"/>
            <category>
               <coding>
                  <system value="http://snomed.info/sct"/>
                  <code value="16076005"/>
                  <display value="Prescription (procedure)"/>
               </coding>
               <text value="Medicatieafspraak"/>
            </category>
            <medicationReference>
               <reference value="urn:oid:2.16.840.1.113883.2.4.4.10.17205"/>
               <display value="FENETICILLINE CAPSULE 500MG"/>
            </medicationReference>
            <subject>
               <reference value="urn:uuid:b4e72b8c-acbf-11e9-9375-28f10e481d92"/>
               <display value="J. XXX_Amaya"/>
            </subject>
            <supportingInformation>
               <reference value="urn:uuid:b4e735cd-acbf-11e9-9375-28f10e481d92"/>
               <display value="Lengte: 155 cm. Datum/tijd gemeten: 29 AUG, 2018 09:35"/>
            </supportingInformation>
            <supportingInformation>
               <reference value="urn:uuid:b4e735d0-acbf-11e9-9375-28f10e481d92"/>
               <display value="Gewicht: 54 kg. Datum/tijd gemeten: 29 AUG, 2018 09:35"/>
            </supportingInformation>
            <authoredOn value="2018-08-29T09:35:00+02:00"/>
            <requester>
               <agent>
                  <extension url="http://nictiz.nl/fhir/StructureDefinition/practitionerrole-reference">
                     <valueReference>
                        <reference value="urn:uuid:b4e741c3-acbf-11e9-9375-28f10e481d92"/>
                        <display value="Peter P. van Pulver || Huisartsen, niet nader gespecificeerd || Huisartsenpraktijk Pulver &amp; Partners"/>
                     </valueReference>
                  </extension>
                  <display value="Peter P. van Pulver || Huisartsen, niet nader gespecificeerd || Huisartsenpraktijk Pulver &amp; Partners"/>
               </agent>
            </requester>
            <note>
               <text value="In overleg met specialist"/>
            </note>
            <dosageInstruction>
               <sequence value="1"/>
               <text value="Vanaf 29 aug 2018, gedurende 10 dagen, 3 maal per dag 1 stuk, oraal"/>
               <timing>
                  <repeat>
                     <frequency value="3"/>
                     <period value="1"/>
                     <periodUnit value="d"/>
                  </repeat>
               </timing>
               <route>
                  <coding>
                     <system value="urn:oid:2.16.840.1.113883.2.4.4.9"/>
                     <code value="9"/>
                     <display value="Oraal"/>
                  </coding>
               </route>
               <doseQuantity>
                  <value value="1"/>
                  <unit value="stuk"/>
                  <system value="urn:oid:2.16.840.1.113883.2.4.4.1.900.2"/>
                  <code value="245"/>
               </doseQuantity>
            </dosageInstruction>
         </MedicationRequest>
      </resource>
      <search>
         <mode value="match"/>
      </search>
   </entry>
   <entry>
      <fullUrl value="urn:oid:2.16.840.1.113883.2.4.4.10.49484"/>
      <resource>
         <Medication>
            <meta>
               <profile value="http://nictiz.nl/fhir/StructureDefinition/zib-Product"/>
            </meta>
            <code>
               <coding>
                  <system value="urn:oid:2.16.840.1.113883.2.4.4.10"/>
                  <code value="49484"/>
                  <display value="ACETYLSALICYLZUUR TABLETMSR 100MG"/>
                  <userSelected value="true"/>
               </coding>
               <coding>
                  <system value="urn:oid:2.16.840.1.113883.2.4.4.1"/>
                  <code value="103039"/>
                  <display value="ACETYLSALICYLZUUR TABLETMSR 100MG"/>
               </coding>
            </code>
         </Medication>
      </resource>
      <search>
         <mode value="include"/>
      </search>
   </entry>
   <entry>
      <fullUrl value="urn:oid:2.16.840.1.113883.2.4.4.10.5967"/>
      <resource>
         <Medication>
            <meta>
               <profile value="http://nictiz.nl/fhir/StructureDefinition/zib-Product"/>
            </meta>
            <code>
               <coding>
                  <system value="urn:oid:2.16.840.1.113883.2.4.4.10"/>
                  <code value="5967"/>
                  <display value="FUROSEMIDE TABLET 40MG"/>
                  <userSelected value="true"/>
               </coding>
               <coding>
                  <system value="urn:oid:2.16.840.1.113883.2.4.4.1"/>
                  <code value="16810"/>
                  <display value="FUROSEMIDE TABLET 40MG"/>
               </coding>
            </code>
         </Medication>
      </resource>
      <search>
         <mode value="include"/>
      </search>
   </entry>
   <entry>
      <fullUrl value="urn:oid:2.16.840.1.113883.2.4.4.10.6009"/>
      <resource>
         <Medication>
            <meta>
               <profile value="http://nictiz.nl/fhir/StructureDefinition/zib-Product"/>
            </meta>
            <code>
               <coding>
                  <system value="urn:oid:2.16.840.1.113883.2.4.4.10"/>
                  <code value="6009"/>
                  <display value="METHOTREXAAT TABLET 2,5MG"/>
                  <userSelected value="true"/>
               </coding>
               <coding>
                  <system value="urn:oid:2.16.840.1.113883.2.4.4.1"/>
                  <code value="42609"/>
                  <display value="METHOTREXAAT TABLET 2,5MG"/>
               </coding>
            </code>
         </Medication>
      </resource>
      <search>
         <mode value="include"/>
      </search>
   </entry>
   <entry>
      <fullUrl value="urn:oid:2.16.840.1.113883.2.4.4.10.17205"/>
      <resource>
         <Medication>
            <meta>
               <profile value="http://nictiz.nl/fhir/StructureDefinition/zib-Product"/>
            </meta>
            <code>
               <coding>
                  <system value="urn:oid:2.16.840.1.113883.2.4.4.10"/>
                  <code value="17205"/>
                  <display value="FENETICILLINE CAPSULE 500MG"/>
                  <userSelected value="true"/>
               </coding>
               <coding>
                  <system value="urn:oid:2.16.840.1.113883.2.4.4.1"/>
                  <code value="41092"/>
                  <display value="FENETICILLINE CAPSULE 500MG"/>
               </coding>
            </code>
         </Medication>
      </resource>
      <search>
         <mode value="include"/>
      </search>
   </entry>
   <entry>
      <fullUrl value="urn:uuid:b4e72b8c-acbf-11e9-9375-28f10e481d92"/>
      <resource>
         <Patient>
            <meta>
               <profile value="http://fhir.nl/fhir/StructureDefinition/nl-core-patient"/>
            </meta>
            <identifier>
               <extension url="http://hl7.org/fhir/StructureDefinition/data-absent-reason">
                  <valueCode value="masked"/>
               </extension>
               <system value="http://fhir.nl/fhir/NamingSystem/bsn"/>
            </identifier>
            <name>
               <extension url="http://hl7.org/fhir/StructureDefinition/humanname-assembly-order">
                  <valueCode value="NL1"/>
               </extension>
               <family value="XXX_Amaya">
                  <extension url="http://hl7.org/fhir/StructureDefinition/humanname-own-name">
                     <valueString value="XXX_Amaya"/>
                  </extension>
               </family>
               <given value="J.">
                  <extension url="http://hl7.org/fhir/StructureDefinition/iso21090-EN-qualifier">
                     <valueCode value="IN"/>
                  </extension>
               </given>
            </name>
            <gender value="male"/>
            <birthDate value="1964-08-06"/>
         </Patient>
      </resource>
      <search>
         <mode value="include"/>
      </search>
   </entry>
   <entry>
      <fullUrl value="urn:uuid:b4e741c3-acbf-11e9-9375-28f10e481d92"/>
      <resource>
         <PractitionerRole>
            <meta>
               <profile value="http://fhir.nl/fhir/StructureDefinition/nl-core-practitionerrole"/>
            </meta>
            <practitioner>
               <reference value="urn:oid:2.16.528.1.1007.3.1.1111"/>
               <display value="Peter P. 1 van Pulver"/>
            </practitioner>
            <organization>
               <reference value="urn:oid:2.16.528.1.1007.3.3.1111"/>
               <display value="Huisartsenpraktijk Pulver &amp; Partners"/>
            </organization>
            <specialty>
               <coding>
                  <system value="urn:oid:2.16.840.1.113883.2.4.6.7"/>
                  <code value="0100"/>
                  <display value="Huisartsen, niet nader gespecificeerd"/>
               </coding>
            </specialty>
         </PractitionerRole>
      </resource>
      <search>
         <mode value="include"/>
      </search>
   </entry>
   <entry>
      <fullUrl value="urn:oid:2.16.528.1.1007.3.1.1111"/>
      <resource>
         <Practitioner>
            <meta>
               <profile value="http://fhir.nl/fhir/StructureDefinition/nl-core-practitioner"/>
            </meta>
            <identifier>
               <system value="http://fhir.nl/fhir/NamingSystem/uzi-nr-pers"/>
               <value value="000001111"/>
            </identifier>
            <name>
               <extension url="http://hl7.org/fhir/StructureDefinition/humanname-assembly-order">
                  <valueCode value="NL1"/>
               </extension>
               <family value="van Pulver">
                  <extension url="http://hl7.org/fhir/StructureDefinition/humanname-own-prefix">
                     <valueString value="van"/>
                  </extension>
                  <extension url="http://hl7.org/fhir/StructureDefinition/humanname-own-name">
                     <valueString value="Pulver"/>
                  </extension>
               </family>
               <given value="Peter">
                  <extension url="http://hl7.org/fhir/StructureDefinition/iso21090-EN-qualifier">
                     <valueCode value="BR"/>
                  </extension>
               </given>
               <given value="P.">
                  <extension url="http://hl7.org/fhir/StructureDefinition/iso21090-EN-qualifier">
                     <valueCode value="IN"/>
                  </extension>
               </given>
            </name>
         </Practitioner>
      </resource>
      <search>
         <mode value="include"/>
      </search>
   </entry>
   <entry>
      <fullUrl value="urn:oid:2.16.528.1.1007.3.1.1112"/>
      <resource>
         <Practitioner>
            <meta>
               <profile value="http://fhir.nl/fhir/StructureDefinition/nl-core-practitioner"/>
            </meta>
            <identifier>
               <system value="http://fhir.nl/fhir/NamingSystem/uzi-nr-pers"/>
               <value value="000001112"/>
            </identifier>
            <name>
               <extension url="http://hl7.org/fhir/StructureDefinition/humanname-assembly-order">
                  <valueCode value="NL1"/>
               </extension>
               <family value="van Doorn">
                  <extension url="http://hl7.org/fhir/StructureDefinition/humanname-own-prefix">
                     <valueString value="van"/>
                  </extension>
                  <extension url="http://hl7.org/fhir/StructureDefinition/humanname-own-name">
                     <valueString value="Doorn"/>
                  </extension>
               </family>
               <given value="Bertine">
                  <extension url="http://hl7.org/fhir/StructureDefinition/iso21090-EN-qualifier">
                     <valueCode value="BR"/>
                  </extension>
               </given>
               <given value="B.">
                  <extension url="http://hl7.org/fhir/StructureDefinition/iso21090-EN-qualifier">
                     <valueCode value="IN"/>
                  </extension>
               </given>
            </name>
         </Practitioner>
      </resource>
      <search>
         <mode value="include"/>
      </search>
   </entry>
   <entry>
      <fullUrl value="urn:oid:2.16.528.1.1007.3.1.999001112"/>
      <resource>
         <Practitioner>
            <meta>
               <profile value="http://fhir.nl/fhir/StructureDefinition/nl-core-practitioner"/>
            </meta>
            <identifier>
               <system value="http://fhir.nl/fhir/NamingSystem/uzi-nr-pers"/>
               <value value="999001112"/>
            </identifier>
            <name>
               <extension url="http://hl7.org/fhir/StructureDefinition/humanname-assembly-order">
                  <valueCode value="NL1"/>
               </extension>
               <family value="van Doorn">
                  <extension url="http://hl7.org/fhir/StructureDefinition/humanname-own-prefix">
                     <valueString value="van"/>
                  </extension>
                  <extension url="http://hl7.org/fhir/StructureDefinition/humanname-own-name">
                     <valueString value="Doorn"/>
                  </extension>
               </family>
               <given value="Hans">
                  <extension url="http://hl7.org/fhir/StructureDefinition/iso21090-EN-qualifier">
                     <valueCode value="BR"/>
                  </extension>
               </given>
               <given value="H.">
                  <extension url="http://hl7.org/fhir/StructureDefinition/iso21090-EN-qualifier">
                     <valueCode value="IN"/>
                  </extension>
               </given>
            </name>
         </Practitioner>
      </resource>
      <search>
         <mode value="include"/>
      </search>
   </entry>
   <entry>
      <fullUrl value="urn:oid:2.16.528.1.1007.3.3.1111"/>
      <resource>
         <Organization>
            <meta>
               <profile value="http://fhir.nl/fhir/StructureDefinition/nl-core-organization"/>
            </meta>
            <identifier>
               <system value="http://fhir.nl/fhir/NamingSystem/ura"/>
               <value value="00001111"/>
            </identifier>
            <name value="Huisartsenpraktijk Pulver &amp; Partners"/>
            <address>
               <use value="work"/>
               <line value="Dorpsstraat 1">
                  <extension url="http://hl7.org/fhir/StructureDefinition/iso21090-ADXP-streetName">
                     <valueString value="Dorpsstraat"/>
                  </extension>
                  <extension url="http://hl7.org/fhir/StructureDefinition/iso21090-ADXP-houseNumber">
                     <valueString value="1"/>
                  </extension>
               </line>
               <city value="Ons Dorp"/>
               <postalCode value="1234 AA"/>
            </address>
         </Organization>
      </resource>
      <search>
         <mode value="include"/>
      </search>
   </entry>
   <entry>
      <fullUrl value="urn:oid:2.16.528.1.1007.3.3.99901111"/>
      <resource>
         <Organization>
            <meta>
               <profile value="http://fhir.nl/fhir/StructureDefinition/nl-core-organization"/>
            </meta>
            <identifier>
               <system value="http://fhir.nl/fhir/NamingSystem/ura"/>
               <value value="99901111"/>
            </identifier>
            <name value="Ziekenhuis Stitswerd"/>
            <address>
               <use value="work"/>
               <line value="Dorpsstraat 1">
                  <extension url="http://hl7.org/fhir/StructureDefinition/iso21090-ADXP-streetName">
                     <valueString value="Dorpsstraat"/>
                  </extension>
                  <extension url="http://hl7.org/fhir/StructureDefinition/iso21090-ADXP-houseNumber">
                     <valueString value="1"/>
                  </extension>
               </line>
               <city value="Ons Dorp"/>
               <postalCode value="1234 AA"/>
            </address>
         </Organization>
      </resource>
      <search>
         <mode value="include"/>
      </search>
   </entry>
   <entry>
      <fullUrl value="urn:uuid:b4e741f2-acbf-11e9-9375-28f10e481d92"/>
      <resource>
         <PractitionerRole>
            <meta>
               <profile value="http://fhir.nl/fhir/StructureDefinition/nl-core-practitionerrole"/>
            </meta>
            <practitioner>
               <reference value="urn:oid:2.16.528.1.1007.3.1.1112"/>
               <display value="Bertine B. 1 van Doorn"/>
            </practitioner>
            <organization>
               <reference value="urn:oid:2.16.528.1.1007.3.3.1111"/>
               <display value="Huisartsenpraktijk Pulver &amp; Partners"/>
            </organization>
            <specialty>
               <coding>
                  <system value="urn:oid:2.16.840.1.113883.2.4.6.7"/>
                  <code value="0100"/>
                  <display value="Huisartsen, niet nader gespecificeerd"/>
               </coding>
            </specialty>
         </PractitionerRole>
      </resource>
      <search>
         <mode value="include"/>
      </search>
   </entry>
   <entry>
      <fullUrl value="urn:uuid:b4e7353f-acbf-11e9-9375-28f10e481d92"/>
      <resource>
         <PractitionerRole>
            <meta>
               <profile value="http://fhir.nl/fhir/StructureDefinition/nl-core-practitionerrole"/>
            </meta>
            <practitioner>
               <reference value="urn:oid:2.16.528.1.1007.3.1.999001112"/>
               <display value="Hans H. 1 van Doorn"/>
            </practitioner>
            <organization>
               <reference value="urn:oid:2.16.528.1.1007.3.3.99901111"/>
               <display value="Ziekenhuis Stitswerd"/>
            </organization>
            <specialty>
               <coding>
                  <system value="urn:oid:2.16.840.1.113883.2.4.6.7"/>
                  <code value="0313"/>
                  <display value="Medisch specialisten, inwendige geneeskunde"/>
               </coding>
            </specialty>
         </PractitionerRole>
      </resource>
      <search>
         <mode value="include"/>
      </search>
   </entry>
   <entry>
      <fullUrl value="urn:uuid:b4e73589-acbf-11e9-9375-28f10e481d92"/>
      <resource>
         <Condition>
            <meta>
               <profile value="http://nictiz.nl/fhir/StructureDefinition/zib-Problem"/>
            </meta>
            <clinicalStatus value="active"/>
            <code>
               <coding>
                  <system value="http://hl7.org/fhir/sid/icpc-1-nl"/>
                  <code value="B74"/>
                  <display value="Andere maligniteit bloed/lymfestelsel"/>
               </coding>
            </code>
            <subject>
               <reference value="urn:uuid:b4e72b8c-acbf-11e9-9375-28f10e481d92"/>
               <display value="J. XXX_Amaya"/>
            </subject>
         </Condition>
      </resource>
      <search>
         <mode value="include"/>
      </search>
   </entry>
   <entry>
      <fullUrl value="urn:uuid:b4e735cd-acbf-11e9-9375-28f10e481d92"/>
      <resource>
         <Observation>
            <meta>
               <profile value="http://nictiz.nl/fhir/StructureDefinition/zib-BodyHeight"/>
            </meta>
            <status value="final"/>
            <category>
               <coding>
                  <system value="http://hl7.org/fhir/observation-category"/>
                  <code value="vital-signs"/>
               </coding>
            </category>
            <code>
               <coding>
                  <system value="http://loinc.org"/>
                  <code value="8302-2"/>
                  <display value="lichaamslengte"/>
               </coding>
            </code>
            <subject>
               <reference value="urn:uuid:b4e72b8c-acbf-11e9-9375-28f10e481d92"/>
               <display value="J. XXX_Amaya"/>
            </subject>
            <effectiveDateTime value="2018-08-29T09:35:00+02:00"/>
            <valueQuantity>
               <value value="155"/>
               <unit value="cm"/>
               <system value="http://unitsofmeasure.org"/>
               <code value="cm"/>
            </valueQuantity>
         </Observation>
      </resource>
      <search>
         <mode value="include"/>
      </search>
   </entry>
   <entry>
      <fullUrl value="urn:uuid:b4e735d0-acbf-11e9-9375-28f10e481d92"/>
      <resource>
         <Observation>
            <meta>
               <profile value="http://nictiz.nl/fhir/StructureDefinition/zib-BodyWeight"/>
            </meta>
            <status value="final"/>
            <category>
               <coding>
                  <system value="http://hl7.org/fhir/observation-category"/>
                  <code value="vital-signs"/>
               </coding>
            </category>
            <code>
               <coding>
                  <system value="http://loinc.org"/>
                  <code value="29463-7"/>
                  <display value="lichaamsgewicht"/>
               </coding>
            </code>
            <subject>
               <reference value="urn:uuid:b4e72b8c-acbf-11e9-9375-28f10e481d92"/>
               <display value="J. XXX_Amaya"/>
            </subject>
            <effectiveDateTime value="2018-08-29T09:35:00+02:00"/>
            <valueQuantity>
               <value value="54"/>
               <unit value="kg"/>
               <code value="kg"/>
            </valueQuantity>
         </Observation>
      </resource>
      <search>
         <mode value="include"/>
      </search>
   </entry>
</Bundle>