<?xml-model href="http://hl7.org/fhir/STU3/bundle.sch" type="application/xml" schematypens="http://purl.oclc.org/dsdl/schematron"?><Bundle xmlns="http://hl7.org/fhir"
        xmlns:xsi="http://www.w3.org/2001/XMLSchema-instance"
        xsi:schemaLocation="http://hl7.org/fhir http://hl7.org/fhir/STU3/fhir-all.xsd">
   <type value="searchset"/>
   <total value="4"/>
   <entry>
      <fullUrl value="urn:oid:2.16.840.1.113883.2.4.6.6.90000258.4.8.43316"/>
      <resource>
         <Flag>
            <identifier>
               <system value="urn:oid:2.16.840.1.113883.2.4.6.6.90000258.4.8"/>
               <value value="43316"/>
            </identifier>
            <status value="active"/>
            <category>
               <coding>
                  <system value="http://loinc.org"/>
                  <code value="74018-3"/>
                  <display value="Alert"/>
               </coding>
            </category>
            <code>
               <coding>
                  <system value="urn:oid:2.16.840.1.113883.2.4.4.1.902.40"/>
                  <code value="219"/>
                  <display value="VERKEERSDEELNAME"/>
               </coding>
            </code>
            <subject>
               <reference value="urn:uuid:b38db5f6-acbf-11e9-9229-28f10e481d92"/>
               <display value="E. XXX_Zegers"/>
            </subject>
         </Flag>
      </resource>
   </entry>
   <entry>
      <fullUrl value="urn:oid:2.16.840.1.113883.2.4.6.6.90000258.4.8.43554"/>
      <resource>
         <Flag>
            <identifier>
               <system value="urn:oid:2.16.840.1.113883.2.4.6.6.90000258.4.8"/>
               <value value="43554"/>
            </identifier>
            <status value="active"/>
            <category>
               <coding>
                  <system value="http://loinc.org"/>
                  <code value="74018-3"/>
                  <display value="Alert"/>
               </coding>
            </category>
            <code>
               <coding>
                  <system value="urn:oid:2.16.840.1.113883.2.4.4.1.902.40"/>
                  <code value="18"/>
                  <display value="HYPERTENSIE"/>
               </coding>
            </code>
            <subject>
               <reference value="urn:uuid:b38db5f6-acbf-11e9-9229-28f10e481d92"/>
               <display value="E. XXX_Zegers"/>
            </subject>
         </Flag>
      </resource>
   </entry>
   <entry>
      <fullUrl value="urn:oid:2.16.840.1.113883.2.4.6.6.90000258.4.8.43608"/>
      <resource>
         <Flag>
            <identifier>
               <system value="urn:oid:2.16.840.1.113883.2.4.6.6.90000258.4.8"/>
               <value value="43608"/>
            </identifier>
            <status value="active"/>
            <category>
               <coding>
                  <system value="http://loinc.org"/>
                  <code value="74018-3"/>
                  <display value="Alert"/>
               </coding>
            </category>
            <code>
               <coding>
                  <system value="urn:oid:2.16.840.1.113883.2.4.4.1.902.40"/>
                  <code value="1348"/>
                  <display value="COPD"/>
               </coding>
            </code>
            <subject>
               <reference value="urn:uuid:b38db5f6-acbf-11e9-9229-28f10e481d92"/>
               <display value="E. XXX_Zegers"/>
            </subject>
            <period>
               <start value="2019-01-30"/>
            </period>
         </Flag>
      </resource>
   </entry>
   <entry>
      <fullUrl value="urn:oid:2.16.840.1.113883.2.4.6.6.90000258.4.8.43609"/>
      <resource>
         <Flag>
            <identifier>
               <system value="urn:oid:2.16.840.1.113883.2.4.6.6.90000258.4.8"/>
               <value value="43609"/>
            </identifier>
            <status value="active"/>
            <category>
               <coding>
                  <system value="http://loinc.org"/>
                  <code value="74018-3"/>
                  <display value="Alert"/>
               </coding>
            </category>
            <code>
               <coding>
                  <system value="urn:oid:2.16.840.1.113883.2.4.4.1.902.40"/>
                  <code value="210"/>
                  <display value="SPORTBEOEFENING"/>
               </coding>
            </code>
            <subject>
               <reference value="urn:uuid:b38db5f6-acbf-11e9-9229-28f10e481d92"/>
               <display value="E. XXX_Zegers"/>
            </subject>
         </Flag>
      </resource>
   </entry>
   <entry>
      <fullUrl value="urn:uuid:b38db5f6-acbf-11e9-9229-28f10e481d92"/>
      <resource>
         <Patient>
            <meta>
               <profile value="http://fhir.nl/fhir/StructureDefinition/nl-core-patient"/>
            </meta>
            <identifier>
               <extension url="http://hl7.org/fhir/StructureDefinition/data-absent-reason">
                  <valueCode value="masked"/>
               </extension>
               <system value="http://fhir.nl/fhir/NamingSystem/bsn"/>
            </identifier>
            <name>
               <extension url="http://hl7.org/fhir/StructureDefinition/humanname-assembly-order">
                  <valueCode value="NL1"/>
               </extension>
               <family value="XXX_Zegers">
                  <extension url="http://hl7.org/fhir/StructureDefinition/humanname-own-name">
                     <valueString value="XXX_Zegers"/>
                  </extension>
               </family>
               <given value="E.">
                  <extension url="http://hl7.org/fhir/StructureDefinition/iso21090-EN-qualifier">
                     <valueCode value="IN"/>
                  </extension>
               </given>
            </name>
            <gender value="female"/>
            <birthDate value="1964-08-02"/>
         </Patient>
      </resource>
      <search>
         <mode value="include"/>
      </search>
   </entry>
   <entry>
      <fullUrl value="urn:oid:2.16.528.1.1007.3.3.90000381"/>
      <resource>
         <Organization>
            <meta>
               <profile value="http://fhir.nl/fhir/StructureDefinition/nl-core-organization"/>
            </meta>
            <identifier>
               <system value="http://fhir.nl/fhir/NamingSystem/ura"/>
               <value value="90000381"/>
            </identifier>
            <name value="Tést Zorginstelling 04"/>
         </Organization>
      </resource>
      <search>
         <mode value="include"/>
      </search>
   </entry>
</Bundle>