<?xml-model href="http://hl7.org/fhir/STU3/bundle.sch" type="application/xml" schematypens="http://purl.oclc.org/dsdl/schematron"?><Bundle xmlns="http://hl7.org/fhir"
        xmlns:xsi="http://www.w3.org/2001/XMLSchema-instance"
        xsi:schemaLocation="http://hl7.org/fhir http://hl7.org/fhir/STU3/fhir-all.xsd">
   <type value="searchset"/>
   <total value="1"/>
   <entry>
      <fullUrl value="urn:uuid:b001ce90-acbf-11e9-1481-28f10e481d92"/>
      <resource>
         <AllergyIntolerance>
            <meta>
               <profile value="http://nictiz.nl/fhir/StructureDefinition/zib-AllergyIntolerance"/>
            </meta>
            <clinicalStatus value="active">
               <extension url="http://nictiz.nl/fhir/StructureDefinition/code-specification">
                  <valueCodeableConcept>
                     <coding>
                        <system value="http://hl7.org/fhir/v3/ActStatus"/>
                        <code value="active"/>
                        <display value="active"/>
                     </coding>
                  </valueCodeableConcept>
               </extension>
            </clinicalStatus>
            <verificationStatus value="confirmed"/>
            <category value="biologic">
               <extension url="http://nictiz.nl/fhir/StructureDefinition/code-specification">
                  <valueCodeableConcept>
                     <coding>
                        <system value="http://snomed.info/sct"/>
                        <code value="419199007"/>
                        <display value="Allergy to substance"/>
                     </coding>
                  </valueCodeableConcept>
               </extension>
            </category>
            <code>
               <extension url="http://hl7.org/fhir/StructureDefinition/iso21090-nullFlavor">
                  <valueCode value="OTH"/>
               </extension>
               <text value="Amoxicilline, opmerking: via neuroloog"/>
            </code>
            <patient>
               <reference value="urn:uuid:b001ce86-acbf-11e9-1481-28f10e481d92"/>
               <display value="Joris Hansman"/>
            </patient>
            <assertedDate value="2015-03-04"/>
         </AllergyIntolerance>
      </resource>
      <search>
         <mode value="match"/>
      </search>
   </entry>
   <entry>
      <fullUrl value="urn:uuid:b001ce86-acbf-11e9-1481-28f10e481d92"/>
      <resource>
         <Patient>
            <meta>
               <profile value="http://fhir.nl/fhir/StructureDefinition/nl-core-patient"/>
            </meta>
            <identifier>
               <extension url="http://hl7.org/fhir/StructureDefinition/data-absent-reason">
                  <valueCode value="masked"/>
               </extension>
               <system value="http://fhir.nl/fhir/NamingSystem/bsn"/>
            </identifier>
            <name>
               <extension url="http://hl7.org/fhir/StructureDefinition/humanname-assembly-order">
                  <valueCode value="UNK"/>
               </extension>
               <family value="Hansman">
                  <extension url="http://hl7.org/fhir/StructureDefinition/humanname-own-name">
                     <valueString value="Hansman"/>
                  </extension>
               </family>
               <given value="Joris">
                  <extension url="http://hl7.org/fhir/StructureDefinition/iso21090-EN-qualifier">
                     <valueCode value="BR"/>
                  </extension>
               </given>
            </name>
            <gender value="male"/>
         </Patient>
      </resource>
      <search>
         <mode value="include"/>
      </search>
   </entry>
   <entry>
      <fullUrl value="urn:oid:2.16.528.1.1007.3.3.2234567"/>
      <resource>
         <Organization>
            <meta>
               <profile value="http://fhir.nl/fhir/StructureDefinition/nl-core-organization"/>
            </meta>
            <identifier>
               <system value="http://fhir.nl/fhir/NamingSystem/ura"/>
               <value value="02234567"/>
            </identifier>
            <name value="Bester"/>
         </Organization>
      </resource>
      <search>
         <mode value="include"/>
      </search>
   </entry>
</Bundle>