<!--Generated from HL7v3 PRPA_IN900350NL instance with: <id extension="XIS-20190305-1614-6183e8d7-22ed-4e3c-b3b6-2ea03ce4c08b" root="2.16.840.1.113883.2.4.6.6.90000258.1"/>-->
<adaxml xmlns:xsi="http://www.w3.org/2001/XMLSchema-instance"
        xsi:noNamespaceSchemaLocation="../ada_schemas/ada_encounters_response.xsd">
   <meta status="new"
         created-by="generated"
         last-update-by="generated"
         creation-date="2019-07-10T11:37:51.068+02:00"
         last-update-date="2019-07-10T11:37:51.068+02:00"/>
   <data>
      <encounters_response app="ketenzorg3.0"
                           shortName="encounters_response"
                           formName="encounters_response"
                           transactionRef="2.16.840.1.113883.2.4.3.11.60.66.4.532"
                           transactionEffectiveDate="2018-04-13T00:00:00"
                           versionDate=""
                           prefix="kz-"
                           language="en-US"
                           title="Generated Through Conversion"
                           id="628ea417-a2f6-11e9-3413-020000000000">
         <bundle>
            <type code="46240-8"
                  codeSystem="2.16.840.1.113883.6.1"
                  codeSystemName="LOINC"
                  displayName="History of hospitalizations / History of outpatient visits"/>
            <status code="completed"
                    codeSystem="2.16.840.1.113883.5.14"
                    displayName="completed"/>
            <custodian>
               <healthcare_provider>
                  <healthcare_provider_identification_number value="90000381" root="2.16.528.1.1007.3.3"/>
                  <organization_name value="Tést Zorginstelling 04"/>
               </healthcare_provider>
            </custodian>
            <subject>
               <patient>
                  <name_information>
                     <initials value="E."/>
                     <name_usage value="1"
                                 code="NL1"
                                 codeSystem="2.16.840.1.113883.2.4.3.11.60.101.5.4"
                                 displayName="Eigen geslachtsnaam"/>
                     <last_name>
                        <last_name value="XXX_Zegers"/>
                     </last_name>
                  </name_information>
                  <patient_identification_number value="999911624" root="2.16.840.1.113883.2.4.6.3"/>
                  <date_of_birth/>
                  <gender code="F" codeSystem="2.16.840.1.113883.5.1"/>
               </patient>
            </subject>
         </bundle>
         <encounter>
            <hcimroot>
               <identification_number value="996625" root="2.16.840.1.113883.2.4.6.6.90000258.4.10"/>
            </hcimroot>
            <contact_type code="03"
                          codeSystem="2.16.840.1.113883.2.4.4.30.14"
                          codeSystemName="Soort contact"
                          codeSystemVersion="v7"
                          displayName="consult"/>
            <contact_with>
               <health_professional>
                  <health_professional_identification_number value="900014718" root="2.16.528.1.1007.3.1"/>
                  <name_information>
                     <name_usage value="5"
                                 code="UNK"
                                 codeSystem="2.16.840.1.113883.5.1008"
                                 displayName="Unknown"/>
                     <last_name>
                        <last_name value="XIS test"/>
                     </last_name>
                  </name_information>
                  <specialty code="01.015"
                             codeSystem="2.16.840.1.113883.2.4.15.111"
                             displayName="Huisarts"/>
                  <healthcare_provider>
                     <healthcare_provider_identification_number value="90000381" root="2.16.528.1.1007.3.3"/>
                     <organization_name value="Tést Zorginstelling 02"/>
                  </healthcare_provider>
                  <health_professional_role code="PRF"
                                            codeSystem="2.16.840.1.113883.5.90"
                                            displayName="Performer"/>
               </health_professional>
            </contact_with>
            <start_date_time value="2019-02-03"/>
            <end_date_time value="2019-02-03"/>
            <contact_reason>
               <episode value="1826" root="2.16.840.1.113883.2.4.6.6.90000258.4.6"/>
            </contact_reason>
         </encounter>
         <encounter>
            <hcimroot>
               <identification_number value="996626" root="2.16.840.1.113883.2.4.6.6.90000258.4.10"/>
            </hcimroot>
            <contact_type code="03"
                          codeSystem="2.16.840.1.113883.2.4.4.30.14"
                          codeSystemName="Soort contact"
                          codeSystemVersion="v7"
                          displayName="consult"/>
            <contact_with>
               <health_professional>
                  <health_professional_identification_number value="900014718" root="2.16.528.1.1007.3.1"/>
                  <name_information>
                     <name_usage value="5"
                                 code="UNK"
                                 codeSystem="2.16.840.1.113883.5.1008"
                                 displayName="Unknown"/>
                     <last_name>
                        <last_name value="XIS test"/>
                     </last_name>
                  </name_information>
                  <specialty code="01.015"
                             codeSystem="2.16.840.1.113883.2.4.15.111"
                             displayName="Huisarts"/>
                  <healthcare_provider>
                     <healthcare_provider_identification_number value="90000381" root="2.16.528.1.1007.3.3"/>
                     <organization_name value="Tést Zorginstelling 02"/>
                  </healthcare_provider>
                  <health_professional_role code="PRF"
                                            codeSystem="2.16.840.1.113883.5.90"
                                            displayName="Performer"/>
               </health_professional>
            </contact_with>
            <start_date_time value="2019-02-06"/>
            <end_date_time value="2019-02-06"/>
            <contact_reason>
               <episode value="1826" root="2.16.840.1.113883.2.4.6.6.90000258.4.6"/>
            </contact_reason>
         </encounter>
      </encounters_response>
      <!--Input HL7 xml below-->
                       <!--<templateId xmlns="urn:hl7-org:v3"
                  xmlns:sd="urn:hl7-org:sdtc"
                  xmlns:ph="urn:ihe:pharm:medication"
                  xmlns:nl="urn:hl7-nl:v3"
                  xmlns:SOAP-ENV="http://schemas.xmlsoap.org/soap/envelope/"
                  xmlns:soap="http://schemas.xmlsoap.org/soap/envelope/"
                  xmlns:httpclient="http://exist-db.org/xquery/httpclient"
                  root="2.16.840.1.113883.2.4.3.11.60.66.10.10"/>
      <code xmlns="urn:hl7-org:v3"
            xmlns:sd="urn:hl7-org:sdtc"
            xmlns:ph="urn:ihe:pharm:medication"
            xmlns:nl="urn:hl7-nl:v3"
            xmlns:SOAP-ENV="http://schemas.xmlsoap.org/soap/envelope/"
            xmlns:soap="http://schemas.xmlsoap.org/soap/envelope/"
            xmlns:httpclient="http://exist-db.org/xquery/httpclient"
            code="46240-8"
            codeSystem="2.16.840.1.113883.6.1"
            codeSystemName="LOINC"
            displayName="History of hospitalizations / History of outpatient visits"/>
      <statusCode xmlns="urn:hl7-org:v3"
                  xmlns:sd="urn:hl7-org:sdtc"
                  xmlns:ph="urn:ihe:pharm:medication"
                  xmlns:nl="urn:hl7-nl:v3"
                  xmlns:SOAP-ENV="http://schemas.xmlsoap.org/soap/envelope/"
                  xmlns:soap="http://schemas.xmlsoap.org/soap/envelope/"
                  xmlns:httpclient="http://exist-db.org/xquery/httpclient"
                  code="completed"/>
      <recordTarget xmlns="urn:hl7-org:v3"
                    xmlns:sd="urn:hl7-org:sdtc"
                    xmlns:ph="urn:ihe:pharm:medication"
                    xmlns:nl="urn:hl7-nl:v3"
                    xmlns:SOAP-ENV="http://schemas.xmlsoap.org/soap/envelope/"
                    xmlns:soap="http://schemas.xmlsoap.org/soap/envelope/"
                    xmlns:httpclient="http://exist-db.org/xquery/httpclient">
         <patientRole>
            <id extension="999911624" root="2.16.840.1.113883.2.4.6.3"/>
            <addr use="HP">
               <streetName/>
               <houseNumber/>
               <postalCode/>
               <city/>
               <country/>
            </addr>
            <patient>
               <name>
                  <given qualifier="IN"/>
                  <family qualifier="BR"/>
               </name>
               <administrativeGenderCode code="F" codeSystem="2.16.840.1.113883.5.1"/>
               <birthTime value="19640802"/>
            </patient>
         </patientRole>
      </recordTarget>
      <participant xmlns="urn:hl7-org:v3"
                   xmlns:sd="urn:hl7-org:sdtc"
                   xmlns:ph="urn:ihe:pharm:medication"
                   xmlns:nl="urn:hl7-nl:v3"
                   xmlns:SOAP-ENV="http://schemas.xmlsoap.org/soap/envelope/"
                   xmlns:soap="http://schemas.xmlsoap.org/soap/envelope/"
                   xmlns:httpclient="http://exist-db.org/xquery/httpclient"
                   typeCode="CST">
         <participantRole classCode="ASSIGNED">
            <id extension="900013866" root="2.16.528.1.1007.3.1"/>
         </participantRole>
      </participant>
      <component xmlns="urn:hl7-org:v3"
                 xmlns:sd="urn:hl7-org:sdtc"
                 xmlns:ph="urn:ihe:pharm:medication"
                 xmlns:nl="urn:hl7-nl:v3"
                 xmlns:SOAP-ENV="http://schemas.xmlsoap.org/soap/envelope/"
                 xmlns:soap="http://schemas.xmlsoap.org/soap/envelope/"
                 xmlns:httpclient="http://exist-db.org/xquery/httpclient"
                 contextControlCode="OP"
                 typeCode="COMP">
         <encounter classCode="ENC" moodCode="EVN">
            <templateId root="2.16.840.1.113883.2.4.3.11.60.66.10.201"/>
            <id extension="996625" root="2.16.840.1.113883.2.4.6.6.90000258.4.10"/>
            <code code="03"
                  codeSystem="2.16.840.1.113883.2.4.4.30.14"
                  codeSystemName="Soort contact"
                  codeSystemVersion="v7"
                  displayName="consult"/>
            <effectiveTime>
               <low value="201902031645"/>
               <high value="201902031651"/>
            </effectiveTime>
            <performer typeCode="PRF">
               <assignedEntity>
                  <id extension="900014718" root="2.16.528.1.1007.3.1"/>
                  <code code="01.015"
                        codeSystem="2.16.840.1.113883.2.4.15.111"
                        displayName="Huisarts"/>
                  <assignedPerson>
                     <name>
                        <family/>
                     </name>
                  </assignedPerson>
                  <representedOrganization>
                     <id extension="90000381" root="2.16.528.1.1007.3.3"/>
                     <name/>
                  </representedOrganization>
               </assignedEntity>
            </performer>
            <entryRelationship typeCode="REFR">
               <act classCode="ACT" moodCode="EVN">
                  <id extension="1826" root="2.16.840.1.113883.2.4.6.6.90000258.4.6"/>
                  <code code="CONC"
                        codeSystem="2.16.840.1.113883.5.6"
                        codeSystemName="HL7ActClass"
                        displayName="Concern"/>
               </act>
            </entryRelationship>
         </encounter>
      </component>
      <component xmlns="urn:hl7-org:v3"
                 xmlns:sd="urn:hl7-org:sdtc"
                 xmlns:ph="urn:ihe:pharm:medication"
                 xmlns:nl="urn:hl7-nl:v3"
                 xmlns:SOAP-ENV="http://schemas.xmlsoap.org/soap/envelope/"
                 xmlns:soap="http://schemas.xmlsoap.org/soap/envelope/"
                 xmlns:httpclient="http://exist-db.org/xquery/httpclient"
                 contextControlCode="OP"
                 typeCode="COMP">
         <encounter classCode="ENC" moodCode="EVN">
            <templateId root="2.16.840.1.113883.2.4.3.11.60.66.10.201"/>
            <id extension="996626" root="2.16.840.1.113883.2.4.6.6.90000258.4.10"/>
            <code code="03"
                  codeSystem="2.16.840.1.113883.2.4.4.30.14"
                  codeSystemName="Soort contact"
                  codeSystemVersion="v7"
                  displayName="consult"/>
            <effectiveTime>
               <low value="201902061703"/>
               <high value="201902061708"/>
            </effectiveTime>
            <performer typeCode="PRF">
               <assignedEntity>
                  <id extension="900014718" root="2.16.528.1.1007.3.1"/>
                  <code code="01.015"
                        codeSystem="2.16.840.1.113883.2.4.15.111"
                        displayName="Huisarts"/>
                  <assignedPerson>
                     <name>
                        <family/>
                     </name>
                  </assignedPerson>
                  <representedOrganization>
                     <id extension="90000381" root="2.16.528.1.1007.3.3"/>
                     <name/>
                  </representedOrganization>
               </assignedEntity>
            </performer>
            <entryRelationship typeCode="REFR">
               <act classCode="ACT" moodCode="EVN">
                  <id extension="1826" root="2.16.840.1.113883.2.4.6.6.90000258.4.6"/>
                  <code code="CONC"
                        codeSystem="2.16.840.1.113883.5.6"
                        codeSystemName="HL7ActClass"
                        displayName="Concern"/>
               </act>
            </entryRelationship>
         </encounter>
      </component>-->
</data>
</adaxml>
