<!--Generated from HL7v3 MCCI_IN200101 instance with: <id extension="114605" root="2.16.840.1.113883.2.4.6.6.1.1.33"/>-->
<adaxml xmlns:xsi="http://www.w3.org/2001/XMLSchema-instance"
        xsi:noNamespaceSchemaLocation="../ada_schemas/ada_episodes_response.xsd">
   <meta status="new"
         created-by="generated"
         last-update-by="generated"
         creation-date="2019-07-10T11:37:45.945+02:00"
         last-update-date="2019-07-10T11:37:45.945+02:00"/>
   <data>
      <episodes_response app="ketenzorg3.0"
                         shortName="episodes_response"
                         formName="episodes_response"
                         transactionRef="2.16.840.1.113883.2.4.3.11.60.66.4.529"
                         transactionEffectiveDate="2018-04-13T00:00:00"
                         versionDate=""
                         prefix="kz-"
                         language="en-US"
                         title="Generated Through Conversion"
                         id="5f80edf0-a2f6-11e9-1630-020000000000">
         <bundle>
            <type code="75310-3"
                  codeSystem="2.16.840.1.113883.6.1"
                  codeSystemName="LOINC"
                  displayName="Health concerns"/>
            <status code="completed"
                    codeSystem="2.16.840.1.113883.5.14"
                    displayName="completed"/>
            <custodian>
               <healthcare_provider>
                  <healthcare_provider_identification_number value="00003131" root="2.16.528.1.1007.3.3"/>
                  <organization_name value="Huisarts Prins ZAB"/>
                  <address_information>
                     <place_of_residence value="Rotterdam"/>
                  </address_information>
               </healthcare_provider>
            </custodian>
            <subject>
               <patient>
                  <patient_identification_number value="900154858" root="2.16.840.1.113883.2.4.6.3"/>
               </patient>
            </subject>
         </bundle>
         <episode>
            <identifier value="hc657498ft562.9895" root="2.16.528.1.1007.3.3.765332.1.12"/>
            <episode_title value="Diabetes Mellitus type II"/>
            <status code="active"
                    codeSystem="2.16.840.1.113883.5.14"
                    displayName="active"/>
            <start_date value="2007-04-02"/>
            <problem>
               <hcimroot>
                  <identification_number value="po3564b7c0-2111" root="2.16.528.1.1007.3.3.765332.1.12"/>
               </hcimroot>
               <problem_type value="1"
                             code="282291009"
                             codeSystem="2.16.840.1.113883.6.96"
                             displayName="Diagnosis"/>
               <problem_name code="T90.02"
                             codeSystem="2.16.840.1.113883.2.4.4.31.1"
                             codeSystemName="ICPC-1-NL"
                             displayName="Diabetes Mellitus type II"/>
               <problem_start_date value="2007-04-02"/>
               <problem_status value="1"
                               code="55561003"
                               codeSystem="2.16.840.1.113883.6.96"
                               displayName="Active"/>
            </problem>
         </episode>
         <episode>
            <identifier value="hc657498ft562.9895" root="2.16.528.1.1007.3.3.765332.1.12"/>
            <episode_title value="Diabetes Mellitus type II"/>
            <status code="active"
                    codeSystem="2.16.840.1.113883.5.14"
                    displayName="active"/>
            <start_date value="2007-04-02"/>
            <problem>
               <hcimroot>
                  <identification_number value="po3564b7c0-2111" root="2.16.528.1.1007.3.3.765332.1.12"/>
               </hcimroot>
               <problem_type value="1"
                             code="282291009"
                             codeSystem="2.16.840.1.113883.6.96"
                             displayName="Diagnosis"/>
               <problem_name code="T90.02"
                             codeSystem="2.16.840.1.113883.2.4.4.31.1"
                             codeSystemName="ICPC-1-NL"
                             displayName="Diabetes Mellitus type II"/>
               <problem_start_date value="2007-04-02"/>
               <problem_status value="1"
                               code="55561003"
                               codeSystem="2.16.840.1.113883.6.96"
                               displayName="Active"/>
            </problem>
         </episode>
      </episodes_response>
      <!--Input HL7 xml below-->
                       <!--<templateId xmlns="urn:hl7-org:v3"
                  xmlns:SOAP-ENV="http://schemas.xmlsoap.org/soap/envelope/"
                  xmlns:xsd="http://www.w3.org/2001/XMLSchema"
                  xmlns:s="http://www.w3.org/2001/XMLSchema"
                  xmlns:wss="http://docs.oasis-open.org/wss/oasis-wss-wssecurity-secext-1.0.xsd"
                  root="2.16.840.1.113883.2.4.3.11.60.66.10.16"/>
      <code xmlns="urn:hl7-org:v3"
            xmlns:SOAP-ENV="http://schemas.xmlsoap.org/soap/envelope/"
            xmlns:xsd="http://www.w3.org/2001/XMLSchema"
            xmlns:s="http://www.w3.org/2001/XMLSchema"
            xmlns:wss="http://docs.oasis-open.org/wss/oasis-wss-wssecurity-secext-1.0.xsd"
            code="75310-3"
            displayName="Health concerns"
            codeSystem="2.16.840.1.113883.6.1"
            codeSystemName="LOINC"/>
      <statusCode xmlns="urn:hl7-org:v3"
                  xmlns:SOAP-ENV="http://schemas.xmlsoap.org/soap/envelope/"
                  xmlns:xsd="http://www.w3.org/2001/XMLSchema"
                  xmlns:s="http://www.w3.org/2001/XMLSchema"
                  xmlns:wss="http://docs.oasis-open.org/wss/oasis-wss-wssecurity-secext-1.0.xsd"
                  code="completed"/>
      <recordTarget xmlns="urn:hl7-org:v3"
                    xmlns:SOAP-ENV="http://schemas.xmlsoap.org/soap/envelope/"
                    xmlns:xsd="http://www.w3.org/2001/XMLSchema"
                    xmlns:s="http://www.w3.org/2001/XMLSchema"
                    xmlns:wss="http://docs.oasis-open.org/wss/oasis-wss-wssecurity-secext-1.0.xsd"
                    typeCode="RCT"
                    contextControlCode="OP">
         <value root="2.16.840.1.113883.2.4.6.3" extension="900154858"/>
      </recordTarget>
      <component xmlns="urn:hl7-org:v3"
                 xmlns:SOAP-ENV="http://schemas.xmlsoap.org/soap/envelope/"
                 xmlns:xsd="http://www.w3.org/2001/XMLSchema"
                 xmlns:s="http://www.w3.org/2001/XMLSchema"
                 xmlns:wss="http://docs.oasis-open.org/wss/oasis-wss-wssecurity-secext-1.0.xsd"
                 typeCode="COMP"
                 contextControlCode="OP">
         <act classCode="ACT" moodCode="EVN">
            <templateId root="2.16.840.1.113883.2.4.3.11.60.66.10.212"/>
            <id extension="hc657498ft562.9895" root="2.16.528.1.1007.3.3.765332.1.12"/>
            <code code="CONC"
                  codeSystem="2.16.840.1.113883.5.6"
                  displayName="Concern"/>
            <text/>
            <statusCode code="active"/>
            <effectiveTime>
               <low value="20070402"/>
            </effectiveTime>
            <entryRelationship typeCode="SUBJ">
               <observation classCode="OBS" moodCode="EVN">
                  <templateId root="2.16.840.1.113883.2.4.3.11.60.66.10.213"/>
                  <id extension="po3564b7c0-2111" root="2.16.528.1.1007.3.3.765332.1.12"/>
                  <code code="282291009"
                        codeSystem="2.16.840.1.113883.6.96"
                        displayName="Diagnosis"/>
                  <statusCode code="completed"/>
                  <effectiveTime>
                     <low value="20070402"/>
                  </effectiveTime>
                  <value xsi:type="CD"
                         code="T90.02"
                         codeSystem="2.16.840.1.113883.2.4.4.31.1"
                         displayName="Diabetes Mellitus type II"
                         codeSystemName="ICPC-1-NL"/>
               </observation>
            </entryRelationship>
         </act>
      </component>-->
</data>
</adaxml>
