<!--Generated from HL7v3 POOB_IN990003NL instance with: <id extension="XIS-20190301-1227-8d67e0cb-0872-4552-b736-f32bb544a650" root="2.16.840.1.113883.2.4.6.6.90000258.1"/>-->
<adaxml xmlns:xsi="http://www.w3.org/2001/XMLSchema-instance"
        xsi:noNamespaceSchemaLocation="../ada_schemas/ada_general_measurements_response.xsd">
   <meta status="new"
         created-by="generated"
         last-update-by="generated"
         creation-date="2019-07-10T13:44:01.186+02:00"
         last-update-date="2019-07-10T13:44:01.186+02:00"/>
   <data>
      <general_measurements_response app="ketenzorg3.0"
                                     shortName="general_measurements_response"
                                     formName="general_measurements_response"
                                     transactionRef="2.16.840.1.113883.2.4.3.11.60.66.4.517"
                                     transactionEffectiveDate="2018-04-13T00:00:00"
                                     versionDate=""
                                     prefix="kz-"
                                     language="en-US"
                                     title="Generated Through Conversion"
                                     id="02b2fa77-a308-11e9-5144-020000000000">
         <bundle>
            <type code="27899-4"
                  codeSystem="2.16.840.1.113883.6.1"
                  codeSystemName="LOINC"
                  displayName="Diagnostic studies non lab"/>
            <status code="completed"
                    codeSystem="2.16.840.1.113883.5.14"
                    displayName="completed"/>
            <custodian>
               <healthcare_provider>
                  <healthcare_provider_identification_number value="90000381" root="2.16.528.1.1007.3.3"/>
                  <organization_name value="Tést Zorginstelling 04"/>
               </healthcare_provider>
            </custodian>
            <subject>
               <patient>
                  <name_information>
                     <initials value="E."/>
                     <name_usage value="1"
                                 code="NL1"
                                 codeSystem="2.16.840.1.113883.2.4.3.11.60.101.5.4"
                                 displayName="Eigen geslachtsnaam"/>
                     <last_name>
                        <last_name value="XXX_Zegers"/>
                     </last_name>
                  </name_information>
                  <patient_identification_number value="999911624" root="2.16.840.1.113883.2.4.6.3"/>
                  <date_of_birth value="1964-08-02"/>
                  <gender code="F" codeSystem="2.16.840.1.113883.5.1"/>
               </patient>
            </subject>
         </bundle>
         <general_measurement>
            <measurement_result>
               <hcimroot>
                  <identification_number value="21103" root="2.16.840.1.113883.2.4.6.6.90000258.4.7"/>
                  <author>
                     <health_professional>
                        <health_professional_identification_number value="900014718" root="2.16.528.1.1007.3.1"/>
                        <health_professional_role code="RESP"
                                                  codeSystem="2.16.840.1.113883.5.90"
                                                  displayName="Responsible Party"/>
                     </health_professional>
                  </author>
               </hcimroot>
               <measurement_name code="1744"
                                 codeSystem="2.16.840.1.113883.2.4.4.30.45"
                                 codeSystemName="Codes diagnostische bepalingen"
                                 codeSystemVersion="v29"
                                 displayName="systolische bloeddruk"/>
               <result_value value="184" unit="mm[Hg]"/>
               <result_date_time value="2017-07-09"/>
               <result_flags code="H"
                             codeSystem="2.16.840.1.113883.5.83"
                             codeSystemName="HL7 ObservationInterpretation"
                             displayName="High"/>
            </measurement_result>
         </general_measurement>
         <general_measurement>
            <measurement_result>
               <hcimroot>
                  <identification_number value="21104" root="2.16.840.1.113883.2.4.6.6.90000258.4.7"/>
                  <author>
                     <health_professional>
                        <health_professional_identification_number value="900014718" root="2.16.528.1.1007.3.1"/>
                        <health_professional_role code="RESP"
                                                  codeSystem="2.16.840.1.113883.5.90"
                                                  displayName="Responsible Party"/>
                     </health_professional>
                  </author>
               </hcimroot>
               <measurement_name code="1740"
                                 codeSystem="2.16.840.1.113883.2.4.4.30.45"
                                 codeSystemName="Codes diagnostische bepalingen"
                                 codeSystemVersion="v29"
                                 displayName="diastolische bloeddruk"/>
               <result_value value="93" unit="mm[Hg]"/>
               <result_date_time value="2017-07-09"/>
               <result_flags code="H"
                             codeSystem="2.16.840.1.113883.5.83"
                             codeSystemName="HL7 ObservationInterpretation"
                             displayName="High"/>
            </measurement_result>
         </general_measurement>
         <general_measurement>
            <measurement_result>
               <hcimroot>
                  <identification_number value="21105" root="2.16.840.1.113883.2.4.6.6.90000258.4.7"/>
                  <author>
                     <health_professional>
                        <health_professional_identification_number value="900014718" root="2.16.528.1.1007.3.1"/>
                        <health_professional_role code="RESP"
                                                  codeSystem="2.16.840.1.113883.5.90"
                                                  displayName="Responsible Party"/>
                     </health_professional>
                  </author>
               </hcimroot>
               <measurement_name code="1875"
                                 codeSystem="2.16.840.1.113883.2.4.4.30.45"
                                 codeSystemName="Codes diagnostische bepalingen"
                                 codeSystemVersion="v29"
                                 displayName="polsfrequentie"/>
               <result_value value="120" unit="/min"/>
               <result_date_time value="2017-07-09"/>
               <result_flags code="H"
                             codeSystem="2.16.840.1.113883.5.83"
                             codeSystemName="HL7 ObservationInterpretation"
                             displayName="High"/>
            </measurement_result>
         </general_measurement>
         <general_measurement>
            <measurement_result>
               <hcimroot>
                  <identification_number value="21106" root="2.16.840.1.113883.2.4.6.6.90000258.4.7"/>
                  <author>
                     <health_professional>
                        <health_professional_identification_number value="900014718" root="2.16.528.1.1007.3.1"/>
                        <health_professional_role code="RESP"
                                                  codeSystem="2.16.840.1.113883.5.90"
                                                  displayName="Responsible Party"/>
                     </health_professional>
                  </author>
               </hcimroot>
               <measurement_name code="2102"
                                 codeSystem="2.16.840.1.113883.2.4.4.30.45"
                                 codeSystemName="Codes diagnostische bepalingen"
                                 codeSystemVersion="v29"
                                 displayName="polsritme"/>
               <result_value code="202"
                             codeSystem="2.16.840.1.113883.2.4.4.30.1045"
                             displayName="irregulair"/>
               <result_date_time value="2017-07-09"/>
            </measurement_result>
         </general_measurement>
         <general_measurement>
            <measurement_result>
               <hcimroot>
                  <identification_number value="21107" root="2.16.840.1.113883.2.4.6.6.90000258.4.7"/>
                  <author>
                     <health_professional>
                        <health_professional_identification_number value="900014718" root="2.16.528.1.1007.3.1"/>
                        <health_professional_role code="RESP"
                                                  codeSystem="2.16.840.1.113883.5.90"
                                                  displayName="Responsible Party"/>
                     </health_professional>
                  </author>
               </hcimroot>
               <measurement_name code="2126"
                                 codeSystem="2.16.840.1.113883.2.4.4.30.45"
                                 codeSystemName="Codes diagnostische bepalingen"
                                 codeSystemVersion="v29"
                                 displayName="pols opmerkingen"/>
               <result_value value="linker pols C01@ST-600@"/>
               <result_date_time value="2017-07-09"/>
            </measurement_result>
         </general_measurement>
         <general_measurement>
            <measurement_result>
               <hcimroot>
                  <identification_number value="21108" root="2.16.840.1.113883.2.4.6.6.90000258.4.7"/>
                  <author>
                     <health_professional>
                        <health_professional_identification_number value="900014718" root="2.16.528.1.1007.3.1"/>
                        <health_professional_role code="RESP"
                                                  codeSystem="2.16.840.1.113883.5.90"
                                                  displayName="Responsible Party"/>
                     </health_professional>
                  </author>
               </hcimroot>
               <measurement_name code="1744"
                                 codeSystem="2.16.840.1.113883.2.4.4.30.45"
                                 codeSystemName="Codes diagnostische bepalingen"
                                 codeSystemVersion="v29"
                                 displayName="systolische bloeddruk"/>
               <result_value value="180" unit="mm[Hg]"/>
               <result_date_time value="2019-01-30"/>
               <result_flags code="H"
                             codeSystem="2.16.840.1.113883.5.83"
                             codeSystemName="HL7 ObservationInterpretation"
                             displayName="High"/>
            </measurement_result>
         </general_measurement>
         <general_measurement>
            <measurement_result>
               <hcimroot>
                  <identification_number value="21109" root="2.16.840.1.113883.2.4.6.6.90000258.4.7"/>
                  <author>
                     <health_professional>
                        <health_professional_identification_number value="900014718" root="2.16.528.1.1007.3.1"/>
                        <health_professional_role code="RESP"
                                                  codeSystem="2.16.840.1.113883.5.90"
                                                  displayName="Responsible Party"/>
                     </health_professional>
                  </author>
               </hcimroot>
               <measurement_name code="1740"
                                 codeSystem="2.16.840.1.113883.2.4.4.30.45"
                                 codeSystemName="Codes diagnostische bepalingen"
                                 codeSystemVersion="v29"
                                 displayName="diastolische bloeddruk"/>
               <result_value value="89" unit="mm[Hg]"/>
               <result_date_time value="2019-01-30"/>
               <result_flags code="N"
                             codeSystem="2.16.840.1.113883.5.83"
                             codeSystemName="HL7 ObservationInterpretation"
                             displayName="Normal"/>
            </measurement_result>
         </general_measurement>
         <general_measurement>
            <measurement_result>
               <hcimroot>
                  <identification_number value="21110" root="2.16.840.1.113883.2.4.6.6.90000258.4.7"/>
                  <author>
                     <health_professional>
                        <health_professional_identification_number value="900014718" root="2.16.528.1.1007.3.1"/>
                        <health_professional_role code="RESP"
                                                  codeSystem="2.16.840.1.113883.5.90"
                                                  displayName="Responsible Party"/>
                     </health_professional>
                  </author>
               </hcimroot>
               <measurement_name code="2102"
                                 codeSystem="2.16.840.1.113883.2.4.4.30.45"
                                 codeSystemName="Codes diagnostische bepalingen"
                                 codeSystemVersion="v29"
                                 displayName="polsritme"/>
               <result_value code="201"
                             codeSystem="2.16.840.1.113883.2.4.4.30.1045"
                             displayName="regulair"/>
               <result_date_time value="2019-01-30"/>
            </measurement_result>
         </general_measurement>
         <general_measurement>
            <measurement_result>
               <hcimroot>
                  <identification_number value="21111" root="2.16.840.1.113883.2.4.6.6.90000258.4.7"/>
                  <author>
                     <health_professional>
                        <health_professional_identification_number value="900014718" root="2.16.528.1.1007.3.1"/>
                        <health_professional_role code="RESP"
                                                  codeSystem="2.16.840.1.113883.5.90"
                                                  displayName="Responsible Party"/>
                     </health_professional>
                  </author>
               </hcimroot>
               <measurement_name code="560"
                                 codeSystem="2.16.840.1.113883.2.4.4.30.45"
                                 codeSystemName="Codes diagnostische bepalingen"
                                 codeSystemVersion="v29"
                                 displayName="lengte patiënt"/>
               <result_value value="1.72" unit="m"/>
               <result_date_time value="2019-01-30"/>
            </measurement_result>
         </general_measurement>
         <general_measurement>
            <measurement_result>
               <hcimroot>
                  <identification_number value="21112" root="2.16.840.1.113883.2.4.6.6.90000258.4.7"/>
                  <author>
                     <health_professional>
                        <health_professional_identification_number value="900014718" root="2.16.528.1.1007.3.1"/>
                        <health_professional_role code="RESP"
                                                  codeSystem="2.16.840.1.113883.5.90"
                                                  displayName="Responsible Party"/>
                     </health_professional>
                  </author>
               </hcimroot>
               <measurement_name code="357"
                                 codeSystem="2.16.840.1.113883.2.4.4.30.45"
                                 codeSystemName="Codes diagnostische bepalingen"
                                 codeSystemVersion="v29"
                                 displayName="gewicht patiënt"/>
               <result_value value="80" unit="kg"/>
               <result_date_time value="2019-01-30"/>
            </measurement_result>
         </general_measurement>
         <general_measurement>
            <measurement_result>
               <hcimroot>
                  <identification_number value="21113" root="2.16.840.1.113883.2.4.6.6.90000258.4.7"/>
                  <author>
                     <health_professional>
                        <health_professional_identification_number value="900014718" root="2.16.528.1.1007.3.1"/>
                        <health_professional_role code="RESP"
                                                  codeSystem="2.16.840.1.113883.5.90"
                                                  displayName="Responsible Party"/>
                     </health_professional>
                  </author>
               </hcimroot>
               <measurement_name code="1589"
                                 codeSystem="2.16.840.1.113883.2.4.4.30.45"
                                 codeSystemName="Codes diagnostische bepalingen"
                                 codeSystemVersion="v29"
                                 displayName="ademhalingsfrequentie"/>
               <result_value value="19" unit="/min"/>
               <result_date_time value="2019-01-30"/>
               <result_flags code="N"
                             codeSystem="2.16.840.1.113883.5.83"
                             codeSystemName="HL7 ObservationInterpretation"
                             displayName="Normal"/>
            </measurement_result>
         </general_measurement>
         <general_measurement>
            <measurement_result>
               <hcimroot>
                  <identification_number value="21114" root="2.16.840.1.113883.2.4.6.6.90000258.4.7"/>
                  <author>
                     <health_professional>
                        <health_professional_identification_number value="900014718" root="2.16.528.1.1007.3.1"/>
                        <health_professional_role code="RESP"
                                                  codeSystem="2.16.840.1.113883.5.90"
                                                  displayName="Responsible Party"/>
                     </health_professional>
                  </author>
               </hcimroot>
               <measurement_name code="1675"
                                 codeSystem="2.16.840.1.113883.2.4.4.30.45"
                                 codeSystemName="Codes diagnostische bepalingen"
                                 codeSystemVersion="v29"
                                 displayName="FEV1/FVC ratio pré-BD"/>
               <result_value value="66" unit="%"/>
               <result_date_time value="2019-01-30"/>
               <result_flags code="L"
                             codeSystem="2.16.840.1.113883.5.83"
                             codeSystemName="HL7 ObservationInterpretation"
                             displayName="Low"/>
            </measurement_result>
         </general_measurement>
         <general_measurement>
            <measurement_result>
               <hcimroot>
                  <identification_number value="21115" root="2.16.840.1.113883.2.4.6.6.90000258.4.7"/>
                  <author>
                     <health_professional>
                        <health_professional_identification_number value="900014718" root="2.16.528.1.1007.3.1"/>
                        <health_professional_role code="RESP"
                                                  codeSystem="2.16.840.1.113883.5.90"
                                                  displayName="Responsible Party"/>
                     </health_professional>
                  </author>
               </hcimroot>
               <measurement_name code="1704"
                                 codeSystem="2.16.840.1.113883.2.4.4.30.45"
                                 codeSystemName="Codes diagnostische bepalingen"
                                 codeSystemVersion="v29"
                                 displayName="conclusie longfunctieonderzoek"/>
               <result_value value="CPOD C03@ST-30@"/>
               <result_date_time value="2019-01-30"/>
            </measurement_result>
         </general_measurement>
         <general_measurement>
            <measurement_result>
               <hcimroot>
                  <identification_number value="21116" root="2.16.840.1.113883.2.4.6.6.90000258.4.7"/>
                  <author>
                     <health_professional>
                        <health_professional_identification_number value="900014718" root="2.16.528.1.1007.3.1"/>
                        <health_professional_role code="RESP"
                                                  codeSystem="2.16.840.1.113883.5.90"
                                                  displayName="Responsible Party"/>
                     </health_professional>
                  </author>
               </hcimroot>
               <measurement_name code="1739"
                                 codeSystem="2.16.840.1.113883.2.4.4.30.45"
                                 codeSystemName="Codes diagnostische bepalingen"
                                 codeSystemVersion="v29"
                                 displayName="roken"/>
               <result_value code="4"
                             codeSystem="2.16.840.1.113883.2.4.4.30.1045"
                             displayName="voorheen"/>
               <result_date_time value="2019-01-30"/>
            </measurement_result>
         </general_measurement>
         <general_measurement>
            <measurement_result>
               <hcimroot>
                  <identification_number value="21117" root="2.16.840.1.113883.2.4.6.6.90000258.4.7"/>
                  <author>
                     <health_professional>
                        <health_professional_identification_number value="900014718" root="2.16.528.1.1007.3.1"/>
                        <health_professional_role code="RESP"
                                                  codeSystem="2.16.840.1.113883.5.90"
                                                  displayName="Responsible Party"/>
                     </health_professional>
                  </author>
               </hcimroot>
               <measurement_name code="1991"
                                 codeSystem="2.16.840.1.113883.2.4.4.30.45"
                                 codeSystemName="Codes diagnostische bepalingen"
                                 codeSystemVersion="v29"
                                 displayName="aantal jaren gerookt"/>
               <result_value value="10" unit="a"/>
               <result_date_time value="2019-01-30"/>
            </measurement_result>
         </general_measurement>
         <general_measurement>
            <measurement_result>
               <hcimroot>
                  <identification_number value="21118.0.97" root="2.16.840.1.113883.2.4.6.6.90000258.4.7"/>
                  <author>
                     <health_professional>
                        <health_professional_identification_number value="900014718" root="2.16.528.1.1007.3.1"/>
                        <health_professional_role code="RESP"
                                                  codeSystem="2.16.840.1.113883.5.90"
                                                  displayName="Responsible Party"/>
                     </health_professional>
                  </author>
               </hcimroot>
               <measurement_name code="2025"
                                 codeSystem="2.16.840.1.113883.2.4.4.30.45"
                                 codeSystemName="Codes diagnostische bepalingen"
                                 codeSystemVersion="v29"
                                 displayName="specificatie longaandoeningen in familie"/>
               <result_value code="97"
                             codeSystem="2.16.840.1.113883.2.4.4.30.1045"
                             displayName="astma"/>
               <result_date_time value="2019-01-30"/>
            </measurement_result>
         </general_measurement>
         <general_measurement>
            <measurement_result>
               <hcimroot>
                  <identification_number value="21122" root="2.16.840.1.113883.2.4.6.6.90000258.4.7"/>
                  <author>
                     <health_professional>
                        <health_professional_identification_number value="900014718" root="2.16.528.1.1007.3.1"/>
                        <health_professional_role code="RESP"
                                                  codeSystem="2.16.840.1.113883.5.90"
                                                  displayName="Responsible Party"/>
                     </health_professional>
                  </author>
               </hcimroot>
               <measurement_name code="1272"
                                 codeSystem="2.16.840.1.113883.2.4.4.30.45"
                                 codeSystemName="Codes diagnostische bepalingen"
                                 codeSystemVersion="v29"
                                 displayName="Quetelet-index (BMI) patiënt"/>
               <result_value value="27" unit="kg/m2"/>
               <result_date_time value="2019-02-03"/>
               <result_flags code="N"
                             codeSystem="2.16.840.1.113883.5.83"
                             codeSystemName="HL7 ObservationInterpretation"
                             displayName="Normal"/>
            </measurement_result>
         </general_measurement>
         <general_measurement>
            <measurement_result>
               <hcimroot>
                  <identification_number value="21125" root="2.16.840.1.113883.2.4.6.6.90000258.4.7"/>
                  <author>
                     <health_professional>
                        <health_professional_identification_number value="900014718" root="2.16.528.1.1007.3.1"/>
                        <health_professional_role code="RESP"
                                                  codeSystem="2.16.840.1.113883.5.90"
                                                  displayName="Responsible Party"/>
                     </health_professional>
                  </author>
               </hcimroot>
               <measurement_name code="1744"
                                 codeSystem="2.16.840.1.113883.2.4.4.30.45"
                                 codeSystemName="Codes diagnostische bepalingen"
                                 codeSystemVersion="v29"
                                 displayName="systolische bloeddruk"/>
               <result_value value="160" unit="mm[Hg]"/>
               <result_date_time value="2019-02-02"/>
               <result_flags code="H"
                             codeSystem="2.16.840.1.113883.5.83"
                             codeSystemName="HL7 ObservationInterpretation"
                             displayName="High"/>
            </measurement_result>
         </general_measurement>
         <general_measurement>
            <measurement_result>
               <hcimroot>
                  <identification_number value="21126" root="2.16.840.1.113883.2.4.6.6.90000258.4.7"/>
                  <author>
                     <health_professional>
                        <health_professional_identification_number value="900014718" root="2.16.528.1.1007.3.1"/>
                        <health_professional_role code="RESP"
                                                  codeSystem="2.16.840.1.113883.5.90"
                                                  displayName="Responsible Party"/>
                     </health_professional>
                  </author>
               </hcimroot>
               <measurement_name code="1740"
                                 codeSystem="2.16.840.1.113883.2.4.4.30.45"
                                 codeSystemName="Codes diagnostische bepalingen"
                                 codeSystemVersion="v29"
                                 displayName="diastolische bloeddruk"/>
               <result_value value="80" unit="mm[Hg]"/>
               <result_date_time value="2019-02-02"/>
               <result_flags code="N"
                             codeSystem="2.16.840.1.113883.5.83"
                             codeSystemName="HL7 ObservationInterpretation"
                             displayName="Normal"/>
            </measurement_result>
         </general_measurement>
         <general_measurement>
            <measurement_result>
               <hcimroot>
                  <identification_number value="21127" root="2.16.840.1.113883.2.4.6.6.90000258.4.7"/>
                  <author>
                     <health_professional>
                        <health_professional_identification_number value="900014718" root="2.16.528.1.1007.3.1"/>
                        <health_professional_role code="RESP"
                                                  codeSystem="2.16.840.1.113883.5.90"
                                                  displayName="Responsible Party"/>
                     </health_professional>
                  </author>
               </hcimroot>
               <measurement_name code="1875"
                                 codeSystem="2.16.840.1.113883.2.4.4.30.45"
                                 codeSystemName="Codes diagnostische bepalingen"
                                 codeSystemVersion="v29"
                                 displayName="polsfrequentie"/>
               <result_value value="72" unit="/min"/>
               <result_date_time value="2019-02-02"/>
               <result_flags code="N"
                             codeSystem="2.16.840.1.113883.5.83"
                             codeSystemName="HL7 ObservationInterpretation"
                             displayName="Normal"/>
            </measurement_result>
         </general_measurement>
         <general_measurement>
            <measurement_result>
               <hcimroot>
                  <identification_number value="21128" root="2.16.840.1.113883.2.4.6.6.90000258.4.7"/>
                  <author>
                     <health_professional>
                        <health_professional_identification_number value="900014718" root="2.16.528.1.1007.3.1"/>
                        <health_professional_role code="RESP"
                                                  codeSystem="2.16.840.1.113883.5.90"
                                                  displayName="Responsible Party"/>
                     </health_professional>
                  </author>
               </hcimroot>
               <measurement_name code="2209"
                                 codeSystem="2.16.840.1.113883.2.4.4.30.45"
                                 codeSystemName="Codes diagnostische bepalingen"
                                 codeSystemVersion="v29"
                                 displayName="ernst/stadium COPD (GOLD classificatie)"/>
               <result_value code="255"
                             codeSystem="2.16.840.1.113883.2.4.4.30.1045"
                             displayName="1: mild COPD"/>
               <result_date_time value="2019-02-02"/>
            </measurement_result>
         </general_measurement>
         <general_measurement>
            <measurement_result>
               <hcimroot>
                  <identification_number value="21129" root="2.16.840.1.113883.2.4.6.6.90000258.4.7"/>
                  <author>
                     <health_professional>
                        <health_professional_identification_number value="900014718" root="2.16.528.1.1007.3.1"/>
                        <health_professional_role code="RESP"
                                                  codeSystem="2.16.840.1.113883.5.90"
                                                  displayName="Responsible Party"/>
                     </health_professional>
                  </author>
               </hcimroot>
               <measurement_name code="1913"
                                 codeSystem="2.16.840.1.113883.2.4.4.30.45"
                                 codeSystemName="Codes diagnostische bepalingen"
                                 codeSystemVersion="v29"
                                 displayName="temperatuur patiënt (in oor gemeten)"/>
               <result_value value="37.5" unit="Cel"/>
               <result_date_time value="2019-02-02"/>
            </measurement_result>
         </general_measurement>
         <general_measurement>
            <measurement_result>
               <hcimroot>
                  <identification_number value="21130" root="2.16.840.1.113883.2.4.6.6.90000258.4.7"/>
                  <author>
                     <health_professional>
                        <health_professional_identification_number value="900014718" root="2.16.528.1.1007.3.1"/>
                        <health_professional_role code="RESP"
                                                  codeSystem="2.16.840.1.113883.5.90"
                                                  displayName="Responsible Party"/>
                     </health_professional>
                  </author>
               </hcimroot>
               <measurement_name code="1659"
                                 codeSystem="2.16.840.1.113883.2.4.4.30.45"
                                 codeSystemName="Codes diagnostische bepalingen"
                                 codeSystemVersion="v29"
                                 displayName="kortademigheid (anamnese)"/>
               <result_value code="1"
                             codeSystem="2.16.840.1.113883.2.4.4.30.1045"
                             displayName="ja"/>
               <result_date_time value="2019-02-02"/>
            </measurement_result>
         </general_measurement>
         <general_measurement>
            <measurement_result>
               <hcimroot>
                  <identification_number value="21131" root="2.16.840.1.113883.2.4.6.6.90000258.4.7"/>
                  <author>
                     <health_professional>
                        <health_professional_identification_number value="900014718" root="2.16.528.1.1007.3.1"/>
                        <health_professional_role code="RESP"
                                                  codeSystem="2.16.840.1.113883.5.90"
                                                  displayName="Responsible Party"/>
                     </health_professional>
                  </author>
               </hcimroot>
               <measurement_name code="3258"
                                 codeSystem="2.16.840.1.113883.2.4.4.30.45"
                                 codeSystemName="Codes diagnostische bepalingen"
                                 codeSystemVersion="v29"
                                 displayName="hartkloppingen (anamnese)"/>
               <result_value code="8"
                             codeSystem="2.16.840.1.113883.2.4.4.30.1045"
                             displayName="onduidelijk"/>
               <result_date_time value="2019-02-02"/>
            </measurement_result>
         </general_measurement>
      </general_measurements_response>
      <!--Input HL7 xml below-->
                       <!--<templateId xmlns="urn:hl7-org:v3"
                  xmlns:sd="urn:hl7-org:sdtc"
                  xmlns:ph="urn:ihe:pharm:medication"
                  xmlns:nl="urn:hl7-nl:v3"
                  xmlns:SOAP-ENV="http://schemas.xmlsoap.org/soap/envelope/"
                  xmlns:soap="http://schemas.xmlsoap.org/soap/envelope/"
                  xmlns:httpclient="http://exist-db.org/xquery/httpclient"
                  root="2.16.840.1.113883.2.4.3.11.60.66.10.8"/>
      <code xmlns="urn:hl7-org:v3"
            xmlns:sd="urn:hl7-org:sdtc"
            xmlns:ph="urn:ihe:pharm:medication"
            xmlns:nl="urn:hl7-nl:v3"
            xmlns:SOAP-ENV="http://schemas.xmlsoap.org/soap/envelope/"
            xmlns:soap="http://schemas.xmlsoap.org/soap/envelope/"
            xmlns:httpclient="http://exist-db.org/xquery/httpclient"
            code="27899-4"
            codeSystem="2.16.840.1.113883.6.1"
            codeSystemName="LOINC"
            displayName="Diagnostic studies non lab"/>
      <statusCode xmlns="urn:hl7-org:v3"
                  xmlns:sd="urn:hl7-org:sdtc"
                  xmlns:ph="urn:ihe:pharm:medication"
                  xmlns:nl="urn:hl7-nl:v3"
                  xmlns:SOAP-ENV="http://schemas.xmlsoap.org/soap/envelope/"
                  xmlns:soap="http://schemas.xmlsoap.org/soap/envelope/"
                  xmlns:httpclient="http://exist-db.org/xquery/httpclient"
                  code="completed"/>
      <recordTarget xmlns="urn:hl7-org:v3"
                    xmlns:sd="urn:hl7-org:sdtc"
                    xmlns:ph="urn:ihe:pharm:medication"
                    xmlns:nl="urn:hl7-nl:v3"
                    xmlns:SOAP-ENV="http://schemas.xmlsoap.org/soap/envelope/"
                    xmlns:soap="http://schemas.xmlsoap.org/soap/envelope/"
                    xmlns:httpclient="http://exist-db.org/xquery/httpclient">
         <patientRole>
            <id extension="999911624" root="2.16.840.1.113883.2.4.6.3"/>
            <addr use="HP">
               <streetName/>
               <houseNumber/>
               <postalCode/>
               <city/>
               <country/>
            </addr>
            <patient>
               <name>
                  <given qualifier="IN"/>
                  <family qualifier="BR"/>
               </name>
               <administrativeGenderCode code="F" codeSystem="2.16.840.1.113883.5.1"/>
               <birthTime value="19640802"/>
            </patient>
         </patientRole>
      </recordTarget>
      <participant xmlns="urn:hl7-org:v3"
                   xmlns:sd="urn:hl7-org:sdtc"
                   xmlns:ph="urn:ihe:pharm:medication"
                   xmlns:nl="urn:hl7-nl:v3"
                   xmlns:SOAP-ENV="http://schemas.xmlsoap.org/soap/envelope/"
                   xmlns:soap="http://schemas.xmlsoap.org/soap/envelope/"
                   xmlns:httpclient="http://exist-db.org/xquery/httpclient"
                   typeCode="CST">
         <participantRole classCode="ASSIGNED">
            <id extension="900013866" root="2.16.528.1.1007.3.1"/>
         </participantRole>
      </participant>
      <component xmlns="urn:hl7-org:v3"
                 xmlns:sd="urn:hl7-org:sdtc"
                 xmlns:ph="urn:ihe:pharm:medication"
                 xmlns:nl="urn:hl7-nl:v3"
                 xmlns:SOAP-ENV="http://schemas.xmlsoap.org/soap/envelope/"
                 xmlns:soap="http://schemas.xmlsoap.org/soap/envelope/"
                 xmlns:httpclient="http://exist-db.org/xquery/httpclient"
                 contextControlCode="OP"
                 typeCode="COMP">
         <observation classCode="OBS" moodCode="EVN">
            <templateId root="2.16.840.1.113883.2.4.3.11.60.66.10.202"/>
            <id extension="21103" root="2.16.840.1.113883.2.4.6.6.90000258.4.7"/>
            <code code="1744"
                  codeSystem="2.16.840.1.113883.2.4.4.30.45"
                  codeSystemName="Codes diagnostische bepalingen"
                  codeSystemVersion="v29"
                  displayName="systolische bloeddruk"/>
            <statusCode code="completed"/>
            <effectiveTime value="20170709"/>
            <value unit="mm[Hg]" value="184" xsi:type="PQ"/>
            <interpretationCode code="H"
                                codeSystem="2.16.840.1.113883.5.83"
                                codeSystemName="HL7 ObservationInterpretation"
                                displayName="High"/>
            <participant typeCode="RESP">
               <participantRole classCode="ASSIGNED">
                  <id extension="900014718" root="2.16.528.1.1007.3.1"/>
               </participantRole>
            </participant>
            <referenceRange typeCode="REFV">
               <observationRange classCode="OBS" moodCode="EVN.CRT">
                  <value xsi:type="IVL_PQ">
                     <low nullFlavor="NINF"/>
                     <high unit="mm[Hg]" value="140"/>
                  </value>
                  <interpretationCode code="N"
                                      codeSystem="2.16.840.1.113883.5.83"
                                      codeSystemName="HL7 ObservationInterpretation"
                                      displayName="Normal"/>
               </observationRange>
            </referenceRange>
         </observation>
      </component>
      <component xmlns="urn:hl7-org:v3"
                 xmlns:sd="urn:hl7-org:sdtc"
                 xmlns:ph="urn:ihe:pharm:medication"
                 xmlns:nl="urn:hl7-nl:v3"
                 xmlns:SOAP-ENV="http://schemas.xmlsoap.org/soap/envelope/"
                 xmlns:soap="http://schemas.xmlsoap.org/soap/envelope/"
                 xmlns:httpclient="http://exist-db.org/xquery/httpclient"
                 contextControlCode="OP"
                 typeCode="COMP">
         <observation classCode="OBS" moodCode="EVN">
            <templateId root="2.16.840.1.113883.2.4.3.11.60.66.10.202"/>
            <id extension="21104" root="2.16.840.1.113883.2.4.6.6.90000258.4.7"/>
            <code code="1740"
                  codeSystem="2.16.840.1.113883.2.4.4.30.45"
                  codeSystemName="Codes diagnostische bepalingen"
                  codeSystemVersion="v29"
                  displayName="diastolische bloeddruk"/>
            <statusCode code="completed"/>
            <effectiveTime value="20170709"/>
            <value unit="mm[Hg]" value="93" xsi:type="PQ"/>
            <interpretationCode code="H"
                                codeSystem="2.16.840.1.113883.5.83"
                                codeSystemName="HL7 ObservationInterpretation"
                                displayName="High"/>
            <participant typeCode="RESP">
               <participantRole classCode="ASSIGNED">
                  <id extension="900014718" root="2.16.528.1.1007.3.1"/>
               </participantRole>
            </participant>
            <referenceRange typeCode="REFV">
               <observationRange classCode="OBS" moodCode="EVN.CRT">
                  <value xsi:type="IVL_PQ">
                     <low nullFlavor="NINF"/>
                     <high unit="mm[Hg]" value="89"/>
                  </value>
                  <interpretationCode code="N"
                                      codeSystem="2.16.840.1.113883.5.83"
                                      codeSystemName="HL7 ObservationInterpretation"
                                      displayName="Normal"/>
               </observationRange>
            </referenceRange>
         </observation>
      </component>
      <component xmlns="urn:hl7-org:v3"
                 xmlns:sd="urn:hl7-org:sdtc"
                 xmlns:ph="urn:ihe:pharm:medication"
                 xmlns:nl="urn:hl7-nl:v3"
                 xmlns:SOAP-ENV="http://schemas.xmlsoap.org/soap/envelope/"
                 xmlns:soap="http://schemas.xmlsoap.org/soap/envelope/"
                 xmlns:httpclient="http://exist-db.org/xquery/httpclient"
                 contextControlCode="OP"
                 typeCode="COMP">
         <observation classCode="OBS" moodCode="EVN">
            <templateId root="2.16.840.1.113883.2.4.3.11.60.66.10.202"/>
            <id extension="21105" root="2.16.840.1.113883.2.4.6.6.90000258.4.7"/>
            <code code="1875"
                  codeSystem="2.16.840.1.113883.2.4.4.30.45"
                  codeSystemName="Codes diagnostische bepalingen"
                  codeSystemVersion="v29"
                  displayName="polsfrequentie"/>
            <statusCode code="completed"/>
            <effectiveTime value="20170709"/>
            <value unit="/min" value="120" xsi:type="PQ"/>
            <interpretationCode code="H"
                                codeSystem="2.16.840.1.113883.5.83"
                                codeSystemName="HL7 ObservationInterpretation"
                                displayName="High"/>
            <participant typeCode="RESP">
               <participantRole classCode="ASSIGNED">
                  <id extension="900014718" root="2.16.528.1.1007.3.1"/>
               </participantRole>
            </participant>
            <referenceRange typeCode="REFV">
               <observationRange classCode="OBS" moodCode="EVN.CRT">
                  <value xsi:type="IVL_PQ">
                     <low unit="/min" value="60"/>
                     <high unit="/min" value="100"/>
                  </value>
                  <interpretationCode code="N"
                                      codeSystem="2.16.840.1.113883.5.83"
                                      codeSystemName="HL7 ObservationInterpretation"
                                      displayName="Normal"/>
               </observationRange>
            </referenceRange>
         </observation>
      </component>
      <component xmlns="urn:hl7-org:v3"
                 xmlns:sd="urn:hl7-org:sdtc"
                 xmlns:ph="urn:ihe:pharm:medication"
                 xmlns:nl="urn:hl7-nl:v3"
                 xmlns:SOAP-ENV="http://schemas.xmlsoap.org/soap/envelope/"
                 xmlns:soap="http://schemas.xmlsoap.org/soap/envelope/"
                 xmlns:httpclient="http://exist-db.org/xquery/httpclient"
                 contextControlCode="OP"
                 typeCode="COMP">
         <observation classCode="OBS" moodCode="EVN">
            <templateId root="2.16.840.1.113883.2.4.3.11.60.66.10.202"/>
            <id extension="21106" root="2.16.840.1.113883.2.4.6.6.90000258.4.7"/>
            <code code="2102"
                  codeSystem="2.16.840.1.113883.2.4.4.30.45"
                  codeSystemName="Codes diagnostische bepalingen"
                  codeSystemVersion="v29"
                  displayName="polsritme"/>
            <statusCode code="completed"/>
            <effectiveTime value="20170709"/>
            <value code="202"
                   codeSystem="2.16.840.1.113883.2.4.4.30.1045"
                   displayName="irregulair"
                   xsi:type="CE"/>
            <participant typeCode="RESP">
               <participantRole classCode="ASSIGNED">
                  <id extension="900014718" root="2.16.528.1.1007.3.1"/>
               </participantRole>
            </participant>
         </observation>
      </component>
      <component xmlns="urn:hl7-org:v3"
                 xmlns:sd="urn:hl7-org:sdtc"
                 xmlns:ph="urn:ihe:pharm:medication"
                 xmlns:nl="urn:hl7-nl:v3"
                 xmlns:SOAP-ENV="http://schemas.xmlsoap.org/soap/envelope/"
                 xmlns:soap="http://schemas.xmlsoap.org/soap/envelope/"
                 xmlns:httpclient="http://exist-db.org/xquery/httpclient"
                 contextControlCode="OP"
                 typeCode="COMP">
         <observation classCode="OBS" moodCode="EVN">
            <templateId root="2.16.840.1.113883.2.4.3.11.60.66.10.202"/>
            <id extension="21107" root="2.16.840.1.113883.2.4.6.6.90000258.4.7"/>
            <code code="2126"
                  codeSystem="2.16.840.1.113883.2.4.4.30.45"
                  codeSystemName="Codes diagnostische bepalingen"
                  codeSystemVersion="v29"
                  displayName="pols opmerkingen"/>
            <statusCode code="completed"/>
            <effectiveTime value="20170709"/>
            <value xsi:type="ST"/>
            <participant typeCode="RESP">
               <participantRole classCode="ASSIGNED">
                  <id extension="900014718" root="2.16.528.1.1007.3.1"/>
               </participantRole>
            </participant>
         </observation>
      </component>
      <component xmlns="urn:hl7-org:v3"
                 xmlns:sd="urn:hl7-org:sdtc"
                 xmlns:ph="urn:ihe:pharm:medication"
                 xmlns:nl="urn:hl7-nl:v3"
                 xmlns:SOAP-ENV="http://schemas.xmlsoap.org/soap/envelope/"
                 xmlns:soap="http://schemas.xmlsoap.org/soap/envelope/"
                 xmlns:httpclient="http://exist-db.org/xquery/httpclient"
                 contextControlCode="OP"
                 typeCode="COMP">
         <observation classCode="OBS" moodCode="EVN">
            <templateId root="2.16.840.1.113883.2.4.3.11.60.66.10.202"/>
            <id extension="21108" root="2.16.840.1.113883.2.4.6.6.90000258.4.7"/>
            <code code="1744"
                  codeSystem="2.16.840.1.113883.2.4.4.30.45"
                  codeSystemName="Codes diagnostische bepalingen"
                  codeSystemVersion="v29"
                  displayName="systolische bloeddruk"/>
            <statusCode code="completed"/>
            <effectiveTime value="20190130"/>
            <value unit="mm[Hg]" value="180" xsi:type="PQ"/>
            <interpretationCode code="H"
                                codeSystem="2.16.840.1.113883.5.83"
                                codeSystemName="HL7 ObservationInterpretation"
                                displayName="High"/>
            <participant typeCode="RESP">
               <participantRole classCode="ASSIGNED">
                  <id extension="900014718" root="2.16.528.1.1007.3.1"/>
               </participantRole>
            </participant>
            <referenceRange typeCode="REFV">
               <observationRange classCode="OBS" moodCode="EVN.CRT">
                  <value xsi:type="IVL_PQ">
                     <low nullFlavor="NINF"/>
                     <high unit="mm[Hg]" value="140"/>
                  </value>
                  <interpretationCode code="N"
                                      codeSystem="2.16.840.1.113883.5.83"
                                      codeSystemName="HL7 ObservationInterpretation"
                                      displayName="Normal"/>
               </observationRange>
            </referenceRange>
         </observation>
      </component>
      <component xmlns="urn:hl7-org:v3"
                 xmlns:sd="urn:hl7-org:sdtc"
                 xmlns:ph="urn:ihe:pharm:medication"
                 xmlns:nl="urn:hl7-nl:v3"
                 xmlns:SOAP-ENV="http://schemas.xmlsoap.org/soap/envelope/"
                 xmlns:soap="http://schemas.xmlsoap.org/soap/envelope/"
                 xmlns:httpclient="http://exist-db.org/xquery/httpclient"
                 contextControlCode="OP"
                 typeCode="COMP">
         <observation classCode="OBS" moodCode="EVN">
            <templateId root="2.16.840.1.113883.2.4.3.11.60.66.10.202"/>
            <id extension="21109" root="2.16.840.1.113883.2.4.6.6.90000258.4.7"/>
            <code code="1740"
                  codeSystem="2.16.840.1.113883.2.4.4.30.45"
                  codeSystemName="Codes diagnostische bepalingen"
                  codeSystemVersion="v29"
                  displayName="diastolische bloeddruk"/>
            <statusCode code="completed"/>
            <effectiveTime value="20190130"/>
            <value unit="mm[Hg]" value="89" xsi:type="PQ"/>
            <interpretationCode code="N"
                                codeSystem="2.16.840.1.113883.5.83"
                                codeSystemName="HL7 ObservationInterpretation"
                                displayName="Normal"/>
            <participant typeCode="RESP">
               <participantRole classCode="ASSIGNED">
                  <id extension="900014718" root="2.16.528.1.1007.3.1"/>
               </participantRole>
            </participant>
            <referenceRange typeCode="REFV">
               <observationRange classCode="OBS" moodCode="EVN.CRT">
                  <value xsi:type="IVL_PQ">
                     <low nullFlavor="NINF"/>
                     <high unit="mm[Hg]" value="89"/>
                  </value>
                  <interpretationCode code="N"
                                      codeSystem="2.16.840.1.113883.5.83"
                                      codeSystemName="HL7 ObservationInterpretation"
                                      displayName="Normal"/>
               </observationRange>
            </referenceRange>
         </observation>
      </component>
      <component xmlns="urn:hl7-org:v3"
                 xmlns:sd="urn:hl7-org:sdtc"
                 xmlns:ph="urn:ihe:pharm:medication"
                 xmlns:nl="urn:hl7-nl:v3"
                 xmlns:SOAP-ENV="http://schemas.xmlsoap.org/soap/envelope/"
                 xmlns:soap="http://schemas.xmlsoap.org/soap/envelope/"
                 xmlns:httpclient="http://exist-db.org/xquery/httpclient"
                 contextControlCode="OP"
                 typeCode="COMP">
         <observation classCode="OBS" moodCode="EVN">
            <templateId root="2.16.840.1.113883.2.4.3.11.60.66.10.202"/>
            <id extension="21110" root="2.16.840.1.113883.2.4.6.6.90000258.4.7"/>
            <code code="2102"
                  codeSystem="2.16.840.1.113883.2.4.4.30.45"
                  codeSystemName="Codes diagnostische bepalingen"
                  codeSystemVersion="v29"
                  displayName="polsritme"/>
            <statusCode code="completed"/>
            <effectiveTime value="20190130"/>
            <value code="201"
                   codeSystem="2.16.840.1.113883.2.4.4.30.1045"
                   displayName="regulair"
                   xsi:type="CE"/>
            <participant typeCode="RESP">
               <participantRole classCode="ASSIGNED">
                  <id extension="900014718" root="2.16.528.1.1007.3.1"/>
               </participantRole>
            </participant>
         </observation>
      </component>
      <component xmlns="urn:hl7-org:v3"
                 xmlns:sd="urn:hl7-org:sdtc"
                 xmlns:ph="urn:ihe:pharm:medication"
                 xmlns:nl="urn:hl7-nl:v3"
                 xmlns:SOAP-ENV="http://schemas.xmlsoap.org/soap/envelope/"
                 xmlns:soap="http://schemas.xmlsoap.org/soap/envelope/"
                 xmlns:httpclient="http://exist-db.org/xquery/httpclient"
                 contextControlCode="OP"
                 typeCode="COMP">
         <observation classCode="OBS" moodCode="EVN">
            <templateId root="2.16.840.1.113883.2.4.3.11.60.66.10.202"/>
            <id extension="21111" root="2.16.840.1.113883.2.4.6.6.90000258.4.7"/>
            <code code="560"
                  codeSystem="2.16.840.1.113883.2.4.4.30.45"
                  codeSystemName="Codes diagnostische bepalingen"
                  codeSystemVersion="v29"
                  displayName="lengte patiënt"/>
            <statusCode code="completed"/>
            <effectiveTime value="20190130"/>
            <value unit="m" value="1.72" xsi:type="PQ"/>
            <participant typeCode="RESP">
               <participantRole classCode="ASSIGNED">
                  <id extension="900014718" root="2.16.528.1.1007.3.1"/>
               </participantRole>
            </participant>
         </observation>
      </component>
      <component xmlns="urn:hl7-org:v3"
                 xmlns:sd="urn:hl7-org:sdtc"
                 xmlns:ph="urn:ihe:pharm:medication"
                 xmlns:nl="urn:hl7-nl:v3"
                 xmlns:SOAP-ENV="http://schemas.xmlsoap.org/soap/envelope/"
                 xmlns:soap="http://schemas.xmlsoap.org/soap/envelope/"
                 xmlns:httpclient="http://exist-db.org/xquery/httpclient"
                 contextControlCode="OP"
                 typeCode="COMP">
         <observation classCode="OBS" moodCode="EVN">
            <templateId root="2.16.840.1.113883.2.4.3.11.60.66.10.202"/>
            <id extension="21112" root="2.16.840.1.113883.2.4.6.6.90000258.4.7"/>
            <code code="357"
                  codeSystem="2.16.840.1.113883.2.4.4.30.45"
                  codeSystemName="Codes diagnostische bepalingen"
                  codeSystemVersion="v29"
                  displayName="gewicht patiënt"/>
            <statusCode code="completed"/>
            <effectiveTime value="20190130"/>
            <value unit="kg" value="80" xsi:type="PQ"/>
            <participant typeCode="RESP">
               <participantRole classCode="ASSIGNED">
                  <id extension="900014718" root="2.16.528.1.1007.3.1"/>
               </participantRole>
            </participant>
         </observation>
      </component>
      <component xmlns="urn:hl7-org:v3"
                 xmlns:sd="urn:hl7-org:sdtc"
                 xmlns:ph="urn:ihe:pharm:medication"
                 xmlns:nl="urn:hl7-nl:v3"
                 xmlns:SOAP-ENV="http://schemas.xmlsoap.org/soap/envelope/"
                 xmlns:soap="http://schemas.xmlsoap.org/soap/envelope/"
                 xmlns:httpclient="http://exist-db.org/xquery/httpclient"
                 contextControlCode="OP"
                 typeCode="COMP">
         <observation classCode="OBS" moodCode="EVN">
            <templateId root="2.16.840.1.113883.2.4.3.11.60.66.10.202"/>
            <id extension="21113" root="2.16.840.1.113883.2.4.6.6.90000258.4.7"/>
            <code code="1589"
                  codeSystem="2.16.840.1.113883.2.4.4.30.45"
                  codeSystemName="Codes diagnostische bepalingen"
                  codeSystemVersion="v29"
                  displayName="ademhalingsfrequentie"/>
            <statusCode code="completed"/>
            <effectiveTime value="20190130"/>
            <value unit="/min" value="19" xsi:type="PQ"/>
            <interpretationCode code="N"
                                codeSystem="2.16.840.1.113883.5.83"
                                codeSystemName="HL7 ObservationInterpretation"
                                displayName="Normal"/>
            <participant typeCode="RESP">
               <participantRole classCode="ASSIGNED">
                  <id extension="900014718" root="2.16.528.1.1007.3.1"/>
               </participantRole>
            </participant>
            <referenceRange typeCode="REFV">
               <observationRange classCode="OBS" moodCode="EVN.CRT">
                  <value xsi:type="IVL_PQ">
                     <low nullFlavor="NINF"/>
                     <high unit="/min" value="20"/>
                  </value>
                  <interpretationCode code="N"
                                      codeSystem="2.16.840.1.113883.5.83"
                                      codeSystemName="HL7 ObservationInterpretation"
                                      displayName="Normal"/>
               </observationRange>
            </referenceRange>
         </observation>
      </component>
      <component xmlns="urn:hl7-org:v3"
                 xmlns:sd="urn:hl7-org:sdtc"
                 xmlns:ph="urn:ihe:pharm:medication"
                 xmlns:nl="urn:hl7-nl:v3"
                 xmlns:SOAP-ENV="http://schemas.xmlsoap.org/soap/envelope/"
                 xmlns:soap="http://schemas.xmlsoap.org/soap/envelope/"
                 xmlns:httpclient="http://exist-db.org/xquery/httpclient"
                 contextControlCode="OP"
                 typeCode="COMP">
         <observation classCode="OBS" moodCode="EVN">
            <templateId root="2.16.840.1.113883.2.4.3.11.60.66.10.202"/>
            <id extension="21114" root="2.16.840.1.113883.2.4.6.6.90000258.4.7"/>
            <code code="1675"
                  codeSystem="2.16.840.1.113883.2.4.4.30.45"
                  codeSystemName="Codes diagnostische bepalingen"
                  codeSystemVersion="v29"
                  displayName="FEV1/FVC ratio pré-BD"/>
            <statusCode code="completed"/>
            <effectiveTime value="20190130"/>
            <value unit="%" value="66" xsi:type="PQ"/>
            <interpretationCode code="L"
                                codeSystem="2.16.840.1.113883.5.83"
                                codeSystemName="HL7 ObservationInterpretation"
                                displayName="Low"/>
            <participant typeCode="RESP">
               <participantRole classCode="ASSIGNED">
                  <id extension="900014718" root="2.16.528.1.1007.3.1"/>
               </participantRole>
            </participant>
            <referenceRange typeCode="REFV">
               <observationRange classCode="OBS" moodCode="EVN.CRT">
                  <value xsi:type="IVL_PQ">
                     <low unit="%" value="70"/>
                     <high nullFlavor="PINF"/>
                  </value>
                  <interpretationCode code="N"
                                      codeSystem="2.16.840.1.113883.5.83"
                                      codeSystemName="HL7 ObservationInterpretation"
                                      displayName="Normal"/>
               </observationRange>
            </referenceRange>
         </observation>
      </component>
      <component xmlns="urn:hl7-org:v3"
                 xmlns:sd="urn:hl7-org:sdtc"
                 xmlns:ph="urn:ihe:pharm:medication"
                 xmlns:nl="urn:hl7-nl:v3"
                 xmlns:SOAP-ENV="http://schemas.xmlsoap.org/soap/envelope/"
                 xmlns:soap="http://schemas.xmlsoap.org/soap/envelope/"
                 xmlns:httpclient="http://exist-db.org/xquery/httpclient"
                 contextControlCode="OP"
                 typeCode="COMP">
         <observation classCode="OBS" moodCode="EVN">
            <templateId root="2.16.840.1.113883.2.4.3.11.60.66.10.202"/>
            <id extension="21115" root="2.16.840.1.113883.2.4.6.6.90000258.4.7"/>
            <code code="1704"
                  codeSystem="2.16.840.1.113883.2.4.4.30.45"
                  codeSystemName="Codes diagnostische bepalingen"
                  codeSystemVersion="v29"
                  displayName="conclusie longfunctieonderzoek"/>
            <statusCode code="completed"/>
            <effectiveTime value="20190130"/>
            <value xsi:type="ST"/>
            <participant typeCode="RESP">
               <participantRole classCode="ASSIGNED">
                  <id extension="900014718" root="2.16.528.1.1007.3.1"/>
               </participantRole>
            </participant>
         </observation>
      </component>
      <component xmlns="urn:hl7-org:v3"
                 xmlns:sd="urn:hl7-org:sdtc"
                 xmlns:ph="urn:ihe:pharm:medication"
                 xmlns:nl="urn:hl7-nl:v3"
                 xmlns:SOAP-ENV="http://schemas.xmlsoap.org/soap/envelope/"
                 xmlns:soap="http://schemas.xmlsoap.org/soap/envelope/"
                 xmlns:httpclient="http://exist-db.org/xquery/httpclient"
                 contextControlCode="OP"
                 typeCode="COMP">
         <observation classCode="OBS" moodCode="EVN">
            <templateId root="2.16.840.1.113883.2.4.3.11.60.66.10.202"/>
            <id extension="21116" root="2.16.840.1.113883.2.4.6.6.90000258.4.7"/>
            <code code="1739"
                  codeSystem="2.16.840.1.113883.2.4.4.30.45"
                  codeSystemName="Codes diagnostische bepalingen"
                  codeSystemVersion="v29"
                  displayName="roken"/>
            <statusCode code="completed"/>
            <effectiveTime value="20190130"/>
            <value code="4"
                   codeSystem="2.16.840.1.113883.2.4.4.30.1045"
                   displayName="voorheen"
                   xsi:type="CE"/>
            <participant typeCode="RESP">
               <participantRole classCode="ASSIGNED">
                  <id extension="900014718" root="2.16.528.1.1007.3.1"/>
               </participantRole>
            </participant>
         </observation>
      </component>
      <component xmlns="urn:hl7-org:v3"
                 xmlns:sd="urn:hl7-org:sdtc"
                 xmlns:ph="urn:ihe:pharm:medication"
                 xmlns:nl="urn:hl7-nl:v3"
                 xmlns:SOAP-ENV="http://schemas.xmlsoap.org/soap/envelope/"
                 xmlns:soap="http://schemas.xmlsoap.org/soap/envelope/"
                 xmlns:httpclient="http://exist-db.org/xquery/httpclient"
                 contextControlCode="OP"
                 typeCode="COMP">
         <observation classCode="OBS" moodCode="EVN">
            <templateId root="2.16.840.1.113883.2.4.3.11.60.66.10.202"/>
            <id extension="21117" root="2.16.840.1.113883.2.4.6.6.90000258.4.7"/>
            <code code="1991"
                  codeSystem="2.16.840.1.113883.2.4.4.30.45"
                  codeSystemName="Codes diagnostische bepalingen"
                  codeSystemVersion="v29"
                  displayName="aantal jaren gerookt"/>
            <statusCode code="completed"/>
            <effectiveTime value="20190130"/>
            <value unit="a" value="10" xsi:type="PQ"/>
            <participant typeCode="RESP">
               <participantRole classCode="ASSIGNED">
                  <id extension="900014718" root="2.16.528.1.1007.3.1"/>
               </participantRole>
            </participant>
         </observation>
      </component>
      <component xmlns="urn:hl7-org:v3"
                 xmlns:sd="urn:hl7-org:sdtc"
                 xmlns:ph="urn:ihe:pharm:medication"
                 xmlns:nl="urn:hl7-nl:v3"
                 xmlns:SOAP-ENV="http://schemas.xmlsoap.org/soap/envelope/"
                 xmlns:soap="http://schemas.xmlsoap.org/soap/envelope/"
                 xmlns:httpclient="http://exist-db.org/xquery/httpclient"
                 contextControlCode="OP"
                 typeCode="COMP">
         <observation classCode="OBS" moodCode="EVN">
            <templateId root="2.16.840.1.113883.2.4.3.11.60.66.10.202"/>
            <id extension="21118.0.97" root="2.16.840.1.113883.2.4.6.6.90000258.4.7"/>
            <code code="2025"
                  codeSystem="2.16.840.1.113883.2.4.4.30.45"
                  codeSystemName="Codes diagnostische bepalingen"
                  codeSystemVersion="v29"
                  displayName="specificatie longaandoeningen in familie"/>
            <statusCode code="completed"/>
            <effectiveTime value="20190130"/>
            <value code="97"
                   codeSystem="2.16.840.1.113883.2.4.4.30.1045"
                   displayName="astma"
                   xsi:type="CE"/>
            <participant typeCode="RESP">
               <participantRole classCode="ASSIGNED">
                  <id extension="900014718" root="2.16.528.1.1007.3.1"/>
               </participantRole>
            </participant>
         </observation>
      </component>
      <component xmlns="urn:hl7-org:v3"
                 xmlns:sd="urn:hl7-org:sdtc"
                 xmlns:ph="urn:ihe:pharm:medication"
                 xmlns:nl="urn:hl7-nl:v3"
                 xmlns:SOAP-ENV="http://schemas.xmlsoap.org/soap/envelope/"
                 xmlns:soap="http://schemas.xmlsoap.org/soap/envelope/"
                 xmlns:httpclient="http://exist-db.org/xquery/httpclient"
                 contextControlCode="OP"
                 typeCode="COMP">
         <observation classCode="OBS" moodCode="EVN">
            <templateId root="2.16.840.1.113883.2.4.3.11.60.66.10.202"/>
            <id extension="21122" root="2.16.840.1.113883.2.4.6.6.90000258.4.7"/>
            <code code="1272"
                  codeSystem="2.16.840.1.113883.2.4.4.30.45"
                  codeSystemName="Codes diagnostische bepalingen"
                  codeSystemVersion="v29"
                  displayName="Quetelet-index (BMI) patiënt"/>
            <statusCode code="completed"/>
            <effectiveTime value="20190203"/>
            <value unit="kg/m2" value="27" xsi:type="PQ"/>
            <interpretationCode code="N"
                                codeSystem="2.16.840.1.113883.5.83"
                                codeSystemName="HL7 ObservationInterpretation"
                                displayName="Normal"/>
            <participant typeCode="RESP">
               <participantRole classCode="ASSIGNED">
                  <id extension="900014718" root="2.16.528.1.1007.3.1"/>
               </participantRole>
            </participant>
            <referenceRange typeCode="REFV">
               <observationRange classCode="OBS" moodCode="EVN.CRT">
                  <value xsi:type="IVL_PQ">
                     <low nullFlavor="NINF"/>
                     <high unit="kg/m2" value="27"/>
                  </value>
                  <interpretationCode code="N"
                                      codeSystem="2.16.840.1.113883.5.83"
                                      codeSystemName="HL7 ObservationInterpretation"
                                      displayName="Normal"/>
               </observationRange>
            </referenceRange>
         </observation>
      </component>
      <component xmlns="urn:hl7-org:v3"
                 xmlns:sd="urn:hl7-org:sdtc"
                 xmlns:ph="urn:ihe:pharm:medication"
                 xmlns:nl="urn:hl7-nl:v3"
                 xmlns:SOAP-ENV="http://schemas.xmlsoap.org/soap/envelope/"
                 xmlns:soap="http://schemas.xmlsoap.org/soap/envelope/"
                 xmlns:httpclient="http://exist-db.org/xquery/httpclient"
                 contextControlCode="OP"
                 typeCode="COMP">
         <observation classCode="OBS" moodCode="EVN">
            <templateId root="2.16.840.1.113883.2.4.3.11.60.66.10.202"/>
            <id extension="21125" root="2.16.840.1.113883.2.4.6.6.90000258.4.7"/>
            <code code="1744"
                  codeSystem="2.16.840.1.113883.2.4.4.30.45"
                  codeSystemName="Codes diagnostische bepalingen"
                  codeSystemVersion="v29"
                  displayName="systolische bloeddruk"/>
            <statusCode code="completed"/>
            <effectiveTime value="20190202"/>
            <value unit="mm[Hg]" value="160" xsi:type="PQ"/>
            <interpretationCode code="H"
                                codeSystem="2.16.840.1.113883.5.83"
                                codeSystemName="HL7 ObservationInterpretation"
                                displayName="High"/>
            <participant typeCode="RESP">
               <participantRole classCode="ASSIGNED">
                  <id extension="900014718" root="2.16.528.1.1007.3.1"/>
               </participantRole>
            </participant>
            <referenceRange typeCode="REFV">
               <observationRange classCode="OBS" moodCode="EVN.CRT">
                  <value xsi:type="IVL_PQ">
                     <low nullFlavor="NINF"/>
                     <high unit="mm[Hg]" value="140"/>
                  </value>
                  <interpretationCode code="N"
                                      codeSystem="2.16.840.1.113883.5.83"
                                      codeSystemName="HL7 ObservationInterpretation"
                                      displayName="Normal"/>
               </observationRange>
            </referenceRange>
         </observation>
      </component>
      <component xmlns="urn:hl7-org:v3"
                 xmlns:sd="urn:hl7-org:sdtc"
                 xmlns:ph="urn:ihe:pharm:medication"
                 xmlns:nl="urn:hl7-nl:v3"
                 xmlns:SOAP-ENV="http://schemas.xmlsoap.org/soap/envelope/"
                 xmlns:soap="http://schemas.xmlsoap.org/soap/envelope/"
                 xmlns:httpclient="http://exist-db.org/xquery/httpclient"
                 contextControlCode="OP"
                 typeCode="COMP">
         <observation classCode="OBS" moodCode="EVN">
            <templateId root="2.16.840.1.113883.2.4.3.11.60.66.10.202"/>
            <id extension="21126" root="2.16.840.1.113883.2.4.6.6.90000258.4.7"/>
            <code code="1740"
                  codeSystem="2.16.840.1.113883.2.4.4.30.45"
                  codeSystemName="Codes diagnostische bepalingen"
                  codeSystemVersion="v29"
                  displayName="diastolische bloeddruk"/>
            <statusCode code="completed"/>
            <effectiveTime value="20190202"/>
            <value unit="mm[Hg]" value="80" xsi:type="PQ"/>
            <interpretationCode code="N"
                                codeSystem="2.16.840.1.113883.5.83"
                                codeSystemName="HL7 ObservationInterpretation"
                                displayName="Normal"/>
            <participant typeCode="RESP">
               <participantRole classCode="ASSIGNED">
                  <id extension="900014718" root="2.16.528.1.1007.3.1"/>
               </participantRole>
            </participant>
            <referenceRange typeCode="REFV">
               <observationRange classCode="OBS" moodCode="EVN.CRT">
                  <value xsi:type="IVL_PQ">
                     <low nullFlavor="NINF"/>
                     <high unit="mm[Hg]" value="89"/>
                  </value>
                  <interpretationCode code="N"
                                      codeSystem="2.16.840.1.113883.5.83"
                                      codeSystemName="HL7 ObservationInterpretation"
                                      displayName="Normal"/>
               </observationRange>
            </referenceRange>
         </observation>
      </component>
      <component xmlns="urn:hl7-org:v3"
                 xmlns:sd="urn:hl7-org:sdtc"
                 xmlns:ph="urn:ihe:pharm:medication"
                 xmlns:nl="urn:hl7-nl:v3"
                 xmlns:SOAP-ENV="http://schemas.xmlsoap.org/soap/envelope/"
                 xmlns:soap="http://schemas.xmlsoap.org/soap/envelope/"
                 xmlns:httpclient="http://exist-db.org/xquery/httpclient"
                 contextControlCode="OP"
                 typeCode="COMP">
         <observation classCode="OBS" moodCode="EVN">
            <templateId root="2.16.840.1.113883.2.4.3.11.60.66.10.202"/>
            <id extension="21127" root="2.16.840.1.113883.2.4.6.6.90000258.4.7"/>
            <code code="1875"
                  codeSystem="2.16.840.1.113883.2.4.4.30.45"
                  codeSystemName="Codes diagnostische bepalingen"
                  codeSystemVersion="v29"
                  displayName="polsfrequentie"/>
            <statusCode code="completed"/>
            <effectiveTime value="20190202"/>
            <value unit="/min" value="72" xsi:type="PQ"/>
            <interpretationCode code="N"
                                codeSystem="2.16.840.1.113883.5.83"
                                codeSystemName="HL7 ObservationInterpretation"
                                displayName="Normal"/>
            <participant typeCode="RESP">
               <participantRole classCode="ASSIGNED">
                  <id extension="900014718" root="2.16.528.1.1007.3.1"/>
               </participantRole>
            </participant>
            <referenceRange typeCode="REFV">
               <observationRange classCode="OBS" moodCode="EVN.CRT">
                  <value xsi:type="IVL_PQ">
                     <low unit="/min" value="60"/>
                     <high unit="/min" value="100"/>
                  </value>
                  <interpretationCode code="N"
                                      codeSystem="2.16.840.1.113883.5.83"
                                      codeSystemName="HL7 ObservationInterpretation"
                                      displayName="Normal"/>
               </observationRange>
            </referenceRange>
         </observation>
      </component>
      <component xmlns="urn:hl7-org:v3"
                 xmlns:sd="urn:hl7-org:sdtc"
                 xmlns:ph="urn:ihe:pharm:medication"
                 xmlns:nl="urn:hl7-nl:v3"
                 xmlns:SOAP-ENV="http://schemas.xmlsoap.org/soap/envelope/"
                 xmlns:soap="http://schemas.xmlsoap.org/soap/envelope/"
                 xmlns:httpclient="http://exist-db.org/xquery/httpclient"
                 contextControlCode="OP"
                 typeCode="COMP">
         <observation classCode="OBS" moodCode="EVN">
            <templateId root="2.16.840.1.113883.2.4.3.11.60.66.10.202"/>
            <id extension="21128" root="2.16.840.1.113883.2.4.6.6.90000258.4.7"/>
            <code code="2209"
                  codeSystem="2.16.840.1.113883.2.4.4.30.45"
                  codeSystemName="Codes diagnostische bepalingen"
                  codeSystemVersion="v29"
                  displayName="ernst/stadium COPD (GOLD classificatie)"/>
            <statusCode code="completed"/>
            <effectiveTime value="20190202"/>
            <value code="255"
                   codeSystem="2.16.840.1.113883.2.4.4.30.1045"
                   displayName="1: mild COPD"
                   xsi:type="CE"/>
            <participant typeCode="RESP">
               <participantRole classCode="ASSIGNED">
                  <id extension="900014718" root="2.16.528.1.1007.3.1"/>
               </participantRole>
            </participant>
         </observation>
      </component>
      <component xmlns="urn:hl7-org:v3"
                 xmlns:sd="urn:hl7-org:sdtc"
                 xmlns:ph="urn:ihe:pharm:medication"
                 xmlns:nl="urn:hl7-nl:v3"
                 xmlns:SOAP-ENV="http://schemas.xmlsoap.org/soap/envelope/"
                 xmlns:soap="http://schemas.xmlsoap.org/soap/envelope/"
                 xmlns:httpclient="http://exist-db.org/xquery/httpclient"
                 contextControlCode="OP"
                 typeCode="COMP">
         <observation classCode="OBS" moodCode="EVN">
            <templateId root="2.16.840.1.113883.2.4.3.11.60.66.10.202"/>
            <id extension="21129" root="2.16.840.1.113883.2.4.6.6.90000258.4.7"/>
            <code code="1913"
                  codeSystem="2.16.840.1.113883.2.4.4.30.45"
                  codeSystemName="Codes diagnostische bepalingen"
                  codeSystemVersion="v29"
                  displayName="temperatuur patiënt (in oor gemeten)"/>
            <statusCode code="completed"/>
            <effectiveTime value="20190202"/>
            <value unit="Cel" value="37.5" xsi:type="PQ"/>
            <participant typeCode="RESP">
               <participantRole classCode="ASSIGNED">
                  <id extension="900014718" root="2.16.528.1.1007.3.1"/>
               </participantRole>
            </participant>
         </observation>
      </component>
      <component xmlns="urn:hl7-org:v3"
                 xmlns:sd="urn:hl7-org:sdtc"
                 xmlns:ph="urn:ihe:pharm:medication"
                 xmlns:nl="urn:hl7-nl:v3"
                 xmlns:SOAP-ENV="http://schemas.xmlsoap.org/soap/envelope/"
                 xmlns:soap="http://schemas.xmlsoap.org/soap/envelope/"
                 xmlns:httpclient="http://exist-db.org/xquery/httpclient"
                 contextControlCode="OP"
                 typeCode="COMP">
         <observation classCode="OBS" moodCode="EVN">
            <templateId root="2.16.840.1.113883.2.4.3.11.60.66.10.202"/>
            <id extension="21130" root="2.16.840.1.113883.2.4.6.6.90000258.4.7"/>
            <code code="1659"
                  codeSystem="2.16.840.1.113883.2.4.4.30.45"
                  codeSystemName="Codes diagnostische bepalingen"
                  codeSystemVersion="v29"
                  displayName="kortademigheid (anamnese)"/>
            <statusCode code="completed"/>
            <effectiveTime value="20190202"/>
            <value code="1"
                   codeSystem="2.16.840.1.113883.2.4.4.30.1045"
                   displayName="ja"
                   xsi:type="CE"/>
            <participant typeCode="RESP">
               <participantRole classCode="ASSIGNED">
                  <id extension="900014718" root="2.16.528.1.1007.3.1"/>
               </participantRole>
            </participant>
         </observation>
      </component>
      <component xmlns="urn:hl7-org:v3"
                 xmlns:sd="urn:hl7-org:sdtc"
                 xmlns:ph="urn:ihe:pharm:medication"
                 xmlns:nl="urn:hl7-nl:v3"
                 xmlns:SOAP-ENV="http://schemas.xmlsoap.org/soap/envelope/"
                 xmlns:soap="http://schemas.xmlsoap.org/soap/envelope/"
                 xmlns:httpclient="http://exist-db.org/xquery/httpclient"
                 contextControlCode="OP"
                 typeCode="COMP">
         <observation classCode="OBS" moodCode="EVN">
            <templateId root="2.16.840.1.113883.2.4.3.11.60.66.10.202"/>
            <id extension="21131" root="2.16.840.1.113883.2.4.6.6.90000258.4.7"/>
            <code code="3258"
                  codeSystem="2.16.840.1.113883.2.4.4.30.45"
                  codeSystemName="Codes diagnostische bepalingen"
                  codeSystemVersion="v29"
                  displayName="hartkloppingen (anamnese)"/>
            <statusCode code="completed"/>
            <effectiveTime value="20190202"/>
            <value code="8"
                   codeSystem="2.16.840.1.113883.2.4.4.30.1045"
                   displayName="onduidelijk"
                   xsi:type="CE"/>
            <participant typeCode="RESP">
               <participantRole classCode="ASSIGNED">
                  <id extension="900014718" root="2.16.528.1.1007.3.1"/>
               </participantRole>
            </participant>
         </observation>
      </component>-->
</data>
</adaxml>
