<?xml version="1.0" encoding="UTF-8"?>
<EpisodeOfCare xmlns="http://hl7.org/fhir">
   <id value="a490614b-2291-11ec-8669-020000000000"/>
   <meta>
      <profile value="http://fhir.nl/fhir/StructureDefinition/nl-core-episodeofcare"/>
      <profile value="http://nictiz.nl/fhir/StructureDefinition/bc-MaternalRecord"/>
   </meta>
   <status value="active"/>
   <type>
      <coding>
         <system value="http://snomed.info/sct"/>
         <code value="364320009"/>
         <display value="Pregnancy observable (observable entity)"/>
      </coding>
   </type>
   <diagnosis>
      <condition>
         <reference value="Condition/a49075a7-2291-11ec-8669-020000000000"/>
         <display value="Zwangerschap 1 Vrouw2"/>
      </condition>
   </diagnosis>
   <patient>
      <reference value="Patient/JAMILAJXXX-KWEE"/>
      <display value="Jamila J XXX_Kwee"/>
   </patient>
   <managingOrganization>
      <reference value="Organization/2-16-840-1-113883-2-4-6-106020806"/>
      <display value="Erasmus MC, Sophia kinderziekenhuis"/>
   </managingOrganization>
   <period>
      <start value="${DATE, T, D, -193}"/>
   </period>
   <careManager>
      <reference value="Practitioner/2-16-528-1-1007-3-198765432"/>
      <display value="Eduard XXX_Egelinks XXX_Gras"/>
   </careManager>
</EpisodeOfCare>
