<?xml version="1.0" encoding="UTF-8"?>
<Procedure xmlns="http://hl7.org/fhir">
   <id value="a4907b39-2291-11ec-8669-020000000000"/>
   <meta>
      <profile value="http://nictiz.nl/fhir/StructureDefinition/zib-Procedure"/>
      <profile value="http://nictiz.nl/fhir/StructureDefinition/bc-ObstetricProcedure"/>
   </meta>
   <partOf>
      <reference value="Procedure/a4907b0f-2291-11ec-8669-020000000000"/>
      <display value="bevalling zwangerschap 1 Vrouw2"/>
   </partOf>
   <partOf>
      <reference value="Procedure/a4907b2b-2291-11ec-8669-020000000000"/>
      <display value="uitdrijvingsfase zwangerschap 1 Vrouw2"/>
   </partOf>
   <status value="completed"/>
   <category>
      <coding>
         <system value="http://snomed.info/sct"/>
         <code value="386637004"/>
         <display value="Obstetric procedure (procedure)"/>
      </coding>
   </category>
   <code>
      <coding>
         <system value="2.16.840.1.113883.6.96"/>
         <code value="80771000146107"/>
         <display value="primaire sectio caesarea (verrichting)"/>
      </coding>
   </code>
   <subject>
      <reference value="Patient/JAMILAJXXX-KWEE"/>
      <display value="Jamila J XXX_Kwee"/>
   </subject>
   <context>
      <reference value="EpisodeOfCare/a490614b-2291-11ec-8669-020000000000"/>
      <display value="Zwangerschap 1 Vrouw2"/>
   </context>
   <performedPeriod>
      <start value="${DATE, T, D, -5}T14:03:00+02:00"/>
   </performedPeriod>
   <reasonReference>
      <reference value="Condition/a4907b03-2291-11ec-8669-020000000000"/>
      <display value="probleem zwangerschapVrouw2"/>
   </reasonReference>
</Procedure>
