<?xml version="1.0" encoding="UTF-8"?>
<Observation xmlns="http://hl7.org/fhir">
   <id value="a4907bb1-2291-11ec-8669-020000000000"/>
   <meta>
      <profile value="http://fhir.nl/fhir/StructureDefinition/nl-core-observation"/>
      <profile value="http://nictiz.nl/fhir/StructureDefinition/zib-BloodPressure"/>
   </meta>
   <status value="final"/>
   <code>
      <coding>
         <system value="2.16.840.1.113883.6.1"/>
         <code value="85354-9"/>
         <display value="Blood pressure panel with all children optional"/>
      </coding>
   </code>
   <subject>
      <reference value="Patient/JAMILAJXXX-KWEE"/>
      <display value="Jamila J XXX_Kwee"/>
   </subject>
   <context>
      <reference value="Encounter/a4907afa-2291-11ec-8669-020000000000"/>
      <display value="prenatale controle T-76D Vrouw2"/>
   </context>
   <effectiveDateTime value="${DATE, T, D, -76}"/>
   <component>
      <code>
         <coding>
            <system value="2.16.840.1.113883.6.1"/>
            <code value="8480-6"/>
            <display value="Systolic blood pressure"/>
         </coding>
      </code>
      <valueQuantity>
         <value value="108"/>
      </valueQuantity>
   </component>
   <component>
      <code>
         <coding>
            <system value="2.16.840.1.113883.6.1"/>
            <code value="8462-4"/>
            <display value="Diastolic blood pressure"/>
         </coding>
      </code>
      <valueQuantity>
         <value value="79"/>
      </valueQuantity>
   </component>
</Observation>
