<?xml version="1.0" encoding="UTF-8"?>
<Observation xmlns="http://hl7.org/fhir">
   <id value="a49075a8-2291-11ec-8669-020000000000"/>
   <meta>
      <profile value="http://fhir.nl/fhir/StructureDefinition/nl-core-observation"/>
      <profile value="http://nictiz.nl/fhir/StructureDefinition/zib-Pregnancy-Parity"/>
   </meta>
   <extension url="http://nictiz.nl/fhir/StructureDefinition/Observation-focusSTU3">
      <valueReference>
         <reference value="Condition/a49075a7-2291-11ec-8669-020000000000"/>
         <display value="Zwangerschap 1 Vrouw2"/>
      </valueReference>
   </extension>
   <status value="final"/>
   <code>
      <coding>
         <system value="2.16.840.1.113883.6.96"/>
         <code value="364325004"/>
         <display value="pariteit (waarneembare entiteit)"/>
      </coding>
   </code>
   <subject>
      <reference value="Patient/JAMILAJXXX-KWEE"/>
      <display value="Jamila J XXX_Kwee"/>
   </subject>
   <context>
      <reference value="EpisodeOfCare/a490614b-2291-11ec-8669-020000000000"/>
      <display value="Zwangerschap 1 Vrouw2"/>
   </context>
   <valueQuantity>
      <value value="1"/>
   </valueQuantity>
</Observation>
