<?xml version="1.0" encoding="UTF-8"?>
<Observation xmlns="http://hl7.org/fhir">
   <id value="a4907b72-2291-11ec-8669-020000000000"/>
   <meta>
      <profile value="http://fhir.nl/fhir/StructureDefinition/nl-core-observation"/>
      <profile value="http://nictiz.nl/fhir/StructureDefinition/bc-ChildObservation"/>
   </meta>
   <status value="final"/>
   <code>
      <coding>
         <system value="2.16.840.1.113883.6.1"/>
         <code value="8339-4"/>
         <display value="Birth weight Measured"/>
      </coding>
   </code>
   <subject>
      <reference value="Patient/a4907575-2291-11ec-8669-020000000000"/>
      <display value="Jamal J XXX_Kwee"/>
   </subject>
   <context>
      <reference value="EpisodeOfCare/a490614b-2291-11ec-8669-020000000000"/>
      <display value="Zwangerschap 1 Vrouw2"/>
   </context>
   <effectiveDateTime value="${DATE, T, D, -5}T15:05:00+02:00"/>
   <valueQuantity>
      <value value="2089"/>
      <unit value="gram"/>
      <system value="http://unitsofmeasure.org"/>
      <code value="g"/>
   </valueQuantity>
   <component>
      <code>
         <coding>
            <system value=""/>
            <code value=""/>
            <display value=""/>
         </coding>
      </code>
      <valueCodeableConcept>
         <coding>
            <system value="urn:oid:2.16.840.1.113883.2.4.3.11.60.40.4.8.1"/>
            <code value="UNDRESSED"/>
            <display value="Zonder kleding."/>
         </coding>
      </valueCodeableConcept>
   </component>
</Observation>
