<?xml version="1.0" encoding="UTF-8"?>
<Practitioner xmlns="http://hl7.org/fhir">
   <id value="2-16-528-1-1007-3-198765432"/>
   <meta>
      <profile value="http://fhir.nl/fhir/StructureDefinition/nl-core-practitioner"/>
   </meta>
   <text>
      <status value="generated"/>
      <div xmlns="http://www.w3.org/1999/xhtml">
         <div>Id 98765432 (UZI-NR-PERS), XXX_Egelinks-XXX_Gras (Eduard)</div>
      </div>
   </text>
   <identifier>
      <system value="http://fhir.nl/fhir/NamingSystem/uzi-nr-pers"/>
      <value value="98765432"/>
   </identifier>
   <name>
      <extension url="http://hl7.org/fhir/StructureDefinition/humanname-assembly-order">
         <valueCode value="NL4"/>
      </extension>
      <family value="XXX_Egelinks-XXX_Gras">
         <extension url="http://hl7.org/fhir/StructureDefinition/humanname-own-name">
            <valueString value="XXX_Egelinks"/>
         </extension>
         <extension url="http://hl7.org/fhir/StructureDefinition/humanname-partner-name">
            <valueString value="XXX_Gras"/>
         </extension>
      </family>
      <given value="Eduard">
         <extension url="http://hl7.org/fhir/StructureDefinition/iso21090-EN-qualifier">
            <valueCode value="CL"/>
         </extension>
      </given>
   </name>
</Practitioner>
