<?xml version="1.0" encoding="UTF-8"?>
<Observation xmlns="http://hl7.org/fhir">
   <id value="a4907b76-2291-11ec-8669-020000000000"/>
   <meta>
      <profile value="http://fhir.nl/fhir/StructureDefinition/nl-core-observation"/>
      <profile value="http://nictiz.nl/fhir/StructureDefinition/zib-BodyHeight"/>
   </meta>
   <status value="final"/>
   <code>
      <coding>
         <system value="2.16.840.1.113883.6.1"/>
         <code value="89269-5"/>
         <display value="Body height Measured --at birth"/>
      </coding>
   </code>
   <subject>
      <reference value="Patient/a4907575-2291-11ec-8669-020000000000"/>
      <display value="Jamal J XXX_Kwee"/>
   </subject>
   <context>
      <reference value="EpisodeOfCare/a490614b-2291-11ec-8669-020000000000"/>
      <display value="Zwangerschap 1 Vrouw2"/>
   </context>
   <valueQuantity>
      <value value="46"/>
   </valueQuantity>
</Observation>
