<?xml version="1.0" encoding="UTF-8"?>
<Observation xmlns="http://hl7.org/fhir">
   <id value="a4907ae9-2291-11ec-8669-020000000000"/>
   <meta>
      <profile value="http://fhir.nl/fhir/StructureDefinition/nl-core-observation"/>
      <profile value="http://nictiz.nl/fhir/StructureDefinition/zib-TobaccoUse"/>
   </meta>
   <extension url="http://nictiz.nl/fhir/StructureDefinition/Observation-focusSTU3">
      <valueReference>
         <reference value="Condition/a49075a7-2291-11ec-8669-020000000000"/>
         <display value="Zwangerschap 1 Vrouw2"/>
      </valueReference>
   </extension>
   <status value="final"/>
   <code>
      <coding>
         <system value="2.16.840.1.113883.6.96"/>
         <code value="365980008"/>
         <display value="bevinding betreffende tabakgebruik en blootstelling aan tabaksrook (bevinding)"/>
      </coding>
   </code>
   <subject>
      <reference value="Patient/JAMILAJXXX-KWEE"/>
      <display value="Jamila J XXX_Kwee"/>
   </subject>
   <context>
      <reference value="Encounter/a4907ad7-2291-11ec-8669-020000000000"/>
      <display value="prenatale controle T-193D Vrouw2"/>
   </context>
   <valueCodeableConcept>
      <coding>
         <system value="http://snomed.info/sct"/>
         <code value="8517006"/>
         <display value="rookte vroeger"/>
      </coding>
   </valueCodeableConcept>
   <comment value="gestopt op advies verloskundige"/>
</Observation>
