<?xml version="1.0" encoding="UTF-8"?>
<Observation xmlns="http://hl7.org/fhir">
   <id value="a4906adc-2291-11ec-8669-020000000000"/>
   <meta>
      <profile value="http://nictiz.nl/fhir/StructureDefinition/zib-LaboratoryTestResult-Observation"/>
   </meta>
   <text>
      <status value="generated"/>
      <div xmlns="http://www.w3.org/1999/xhtml">
         <table>
            <caption>Observatie/bepaling. Subject: <a href="Patient/JAMILAJXXX-KWEE">Jamila J XXX_Kwee</a>. Categorie: 49581000146104 (SNOMED CT), Status: definitief</caption>
            <tbody>
               <tr>
                  <th>Bepalingdatum/tijd</th>
                  <td>2021-03-22</td>
               </tr>
               <tr>
                  <th>Code</th>
                  <th>Waarde</th>
               </tr>
               <tr>
                  <td>
                     <span title="ABO group [Type] in Blood (883-9 - LOINC)">ABO group [Type] in Blood</span>
                  </td>
                  <td>
                     <span title="bloedgroep O (bevinding) (58460004 - SNOMED CT)">bloedgroep O (bevinding)</span>
                  </td>
               </tr>
            </tbody>
         </table>
      </div>
   </text>
   <status value="final">
      <extension url="http://nictiz.nl/fhir/StructureDefinition/code-specification">
         <valueCodeableConcept>
            <coding>
               <system value="urn:oid:2.16.840.1.113883.2.4.3.11.60.40.4.16.1"/>
               <code value="final"/>
               <display value="Final"/>
            </coding>
         </valueCodeableConcept>
      </extension>
   </status>
   <category>
      <coding>
         <system value="http://snomed.info/sct"/>
         <code value="49581000146104"/>
         <display value="Laboratory test finding (finding)"/>
      </coding>
   </category>
   <code>
      <coding>
         <system value="http://loinc.org"/>
         <code value="883-9"/>
         <display value="ABO group [Type] in Blood"/>
      </coding>
   </code>
   <subject>
      <reference value="Patient/JAMILAJXXX-KWEE"/>
      <display value="Jamila J XXX_Kwee"/>
   </subject>
   <context>
      <reference value="EpisodeOfCare/a490614b-2291-11ec-8669-020000000000"/>
      <display value="Zwangerschap 1 Vrouw2"/>
   </context>
   <effectiveDateTime value="2021-03-22"/>
   <valueCodeableConcept>
      <coding>
         <system value="http://snomed.info/sct"/>
         <code value="58460004"/>
         <display value="bloedgroep O (bevinding)"/>
      </coding>
   </valueCodeableConcept>
</Observation>
