<?xml version="1.0" encoding="UTF-8"?>
<Condition xmlns="http://hl7.org/fhir">
   <id value="a49075a7-2291-11ec-8669-020000000000"/>
   <meta>
      <profile value="http://nictiz.nl/fhir/StructureDefinition/zib-Pregnancy"/>
   </meta>
   <clinicalStatus value="active"/>
   <code>
      <coding>
         <system value="http://snomed.info/sct"/>
         <code value="364320009"/>
         <display value="Pregnancy observable (observable entity)"/>
      </coding>
   </code>
   <subject>
      <reference value="Patient/JAMILAJXXX-KWEE"/>
      <display value="Jamila J XXX_Kwee"/>
   </subject>
   <context>
      <reference value="EpisodeOfCare/a490614b-2291-11ec-8669-020000000000"/>
      <display value="Zwangerschap 1 Vrouw2"/>
   </context>
</Condition>
