<?xml version="1.0" encoding="UTF-8"?>
<Observation xmlns="http://hl7.org/fhir">
   <id value="a4907b60-2291-11ec-8669-020000000000"/>
   <meta>
      <profile value="http://fhir.nl/fhir/StructureDefinition/nl-core-observation"/>
      <profile value="http://nictiz.nl/fhir/StructureDefinition/zib-ApgarScore"/>
   </meta>
   <status value="final"/>
   <code>
      <coding>
         <system value="2.16.840.1.113883.6.1"/>
         <code value="9274-2"/>
         <display value="5 minute Apgar Score"/>
      </coding>
   </code>
   <subject>
      <reference value="Patient/a4907566-2291-11ec-8669-020000000000"/>
      <display value="Jusef J XXX_Kwee"/>
   </subject>
   <context>
      <reference value="EpisodeOfCare/a490614b-2291-11ec-8669-020000000000"/>
      <display value="Zwangerschap 1 Vrouw2"/>
   </context>
   <valueQuantity>
      <value value="10"/>
   </valueQuantity>
</Observation>
