<?xml version="1.0" encoding="UTF-8"?>
<Procedure xmlns="http://hl7.org/fhir">
   <id value="a4907b2b-2291-11ec-8669-020000000000"/>
   <meta>
      <profile value="http://nictiz.nl/fhir/StructureDefinition/zib-Procedure"/>
      <profile value="http://nictiz.nl/fhir/StructureDefinition/bc-BirthProcedure"/>
   </meta>
   <partOf>
      <reference value="Procedure/a4907b0f-2291-11ec-8669-020000000000"/>
      <display value="bevalling zwangerschap 1 Vrouw2"/>
   </partOf>
   <status value="completed"/>
   <category>
      <coding>
         <system value="http://snomed.info/sct"/>
         <code value="386637004"/>
         <display value="Obstetric procedure (procedure)"/>
      </coding>
   </category>
   <code>
      <coding>
         <system value="2.16.840.1.113883.6.96"/>
         <code value="42857002"/>
         <display value="tweede fase van partus (bevinding)"/>
      </coding>
   </code>
   <subject>
      <reference value="Patient/a4907575-2291-11ec-8669-020000000000"/>
      <display value="Jamal J XXX_Kwee"/>
   </subject>
   <context>
      <reference value="EpisodeOfCare/a490614b-2291-11ec-8669-020000000000"/>
      <display value="Zwangerschap 1 Vrouw2"/>
   </context>
   <reasonReference>
      <reference value="Condition/a49075a7-2291-11ec-8669-020000000000"/>
      <display value="Zwangerschap 1 Vrouw2"/>
   </reasonReference>
</Procedure>
