<?xml version="1.0" encoding="UTF-8"?>
<Procedure xmlns="http://hl7.org/fhir">
   <id value="4b82db5a-372d-11ec-6858-020000000000"/>
   <meta>
      <profile value="http://nictiz.nl/fhir/StructureDefinition/zib-Procedure"/>
      <profile value="http://nictiz.nl/fhir/StructureDefinition/bc-ObstetricProcedure"/>
   </meta>
   <partOf>
      <reference value="Procedure/4b82db51-372d-11ec-6858-020000000000"/>
      <display value="bevalling zwangerschap 1 Vrouw1"/>
   </partOf>
   <status value="completed"/>
   <category>
      <coding>
         <system value="http://snomed.info/sct"/>
         <code value="386637004"/>
         <display value="Obstetric procedure (procedure)"/>
      </coding>
   </category>
   <code>
      <coding>
         <system value="2.16.840.1.113883.6.96"/>
         <code value="236992007"/>
         <display value="episiotomie mediolateraal rechts (verrichting)"/>
      </coding>
   </code>
   <subject>
      <reference value="Patient/HANNAHXXX-KOOIJ"/>
      <display value="Hanna H XXX_Kooij"/>
   </subject>
   <context>
      <reference value="EpisodeOfCare/4b82c6fb-372d-11ec-6858-020000000000"/>
      <display value="Zwangerschap 1 Vrouw1"/>
   </context>
   <performedPeriod>
      <start value="${DATE, T, D, -587}T12:04:00+02:00"/>
   </performedPeriod>
   <reasonReference>
      <reference value="Condition/4b82db46-372d-11ec-6858-020000000000"/>
      <display value="Zwangerschap 1 Vrouw1"/>
   </reasonReference>
</Procedure>
