<?xml version="1.0" encoding="UTF-8"?>
<Observation xmlns="http://hl7.org/fhir">
   <id value="4b82db62-372d-11ec-6858-020000000000"/>
   <meta>
      <profile value="http://fhir.nl/fhir/StructureDefinition/nl-core-observation"/>
      <profile value="http://nictiz.nl/fhir/StructureDefinition/bc-DeliveryObservation"/>
   </meta>
   <extension url="http://nictiz.nl/fhir/StructureDefinition/Observation-focusSTU3">
      <valueReference>
         <reference value="Procedure/4b82db51-372d-11ec-6858-020000000000"/>
         <display value="bevalling zwangerschap 1 Vrouw1"/>
      </valueReference>
   </extension>
   <status value="final"/>
   <code>
      <coding>
         <system value="2.16.840.1.113883.6.96"/>
         <code value="249120008"/>
         <display value="begin van eerste fase van partus (waarneembare entiteit)"/>
      </coding>
   </code>
   <subject>
      <reference value="Patient/HANNAHXXX-KOOIJ"/>
      <display value="Hanna H XXX_Kooij"/>
   </subject>
   <context>
      <reference value="EpisodeOfCare/4b82c6fb-372d-11ec-6858-020000000000"/>
      <display value="Zwangerschap 1 Vrouw1"/>
   </context>
   <effectiveDateTime value="${DATE, T, D, -587}T02:19:00+02:00"/>
   <valueDateTime value="${DATE, T, D, -587}T02:19:00+02:00"/>
   <comment value="5 cm ontsluiting"/>
   <method>
      <coding>
         <system value="2.16.840.1.113883.6.96"/>
         <code value="113011001"/>
         <display value="palpatie (verrichting)"/>
      </coding>
   </method>
</Observation>
