<?xml version="1.0" encoding="UTF-8"?>
<Condition xmlns="http://hl7.org/fhir">
   <id value="4b82e087-372d-11ec-6858-020000000000"/>
   <meta>
      <profile value="http://nictiz.nl/fhir/StructureDefinition/zib-problem"/>
      <profile value="http://nictiz.nl/fhir/StructureDefinition/bc-DisorderOfLaborAndDelivery"/>
   </meta>
   <extension url="http://hl7.org/fhir/StructureDefinition/condition-partOf">
      <valueReference>
         <reference value="Procedure/4b82e07d-372d-11ec-6858-020000000000"/>
         <display value="uitdrijvingsfase zwangerschap 1 Vrouw1"/>
      </valueReference>
   </extension>
   <clinicalStatus value="active"/>
   <category>
      <coding>
         <system value="http://snomed.info/sct"/>
         <code value="362972006"/>
         <display value="Disorder of labor / delivery (disorder)"/>
      </coding>
   </category>
   <code>
      <coding>
         <system value="2.16.840.1.113883.6.96"/>
         <code value="288274003"/>
         <display value="foetale nood durante partu (bevinding)"/>
      </coding>
   </code>
   <subject>
      <reference value="Patient/HANNAHXXX-KOOIJ"/>
      <display value="Hanna H XXX_Kooij"/>
   </subject>
   <context>
      <reference value="EpisodeOfCare/4b82c6fb-372d-11ec-6858-020000000000"/>
      <display value="Zwangerschap 1 Vrouw1"/>
   </context>
   <onsetDateTime value="${DATE, T, D, -587}T12:02:00+02:00"/>
</Condition>
