<?xml version="1.0" encoding="UTF-8"?>
<Observation xmlns="http://hl7.org/fhir">
   <id value="4b82e09a-372d-11ec-6858-020000000000"/>
   <meta>
      <profile value="http://fhir.nl/fhir/StructureDefinition/nl-core-observation"/>
      <profile value="http://nictiz.nl/fhir/StructureDefinition/zib-HeadCircumference"/>
   </meta>
   <status value="final"/>
   <code>
      <coding>
         <system value="2.16.840.1.113883.6.96"/>
         <code value="169876006"/>
         <display value=" hoofdomtrek bij geboorte (waarneembare entiteit)"/>
      </coding>
   </code>
   <subject>
      <reference value="Patient/4b82db17-372d-11ec-6858-020000000000"/>
      <display value="Helen H.I. XXX_Kooij"/>
   </subject>
   <context>
      <reference value="EpisodeOfCare/4b82c6fb-372d-11ec-6858-020000000000"/>
      <display value="Zwangerschap 1 Vrouw1"/>
   </context>
   <valueQuantity>
      <value value="33.6"/>
      <unit value="cm"/>
      <system value="http://unitsofmeasure.org"/>
      <code value="cm"/>
   </valueQuantity>
</Observation>
