<?xml version="1.0" encoding="UTF-8"?>
<!--Generated from HL7v3 QUMA_IN991203NL02 instance with: <id extension="OMNIHIS-20190305-1614-329e88c9-d231-416e-bdcf-7b3dcc0788ba" root="2.16.840.1.113883.2.4.6.6.90000258.1"/>-->
<adaxml xmlns:xsi="http://www.w3.org/2001/XMLSchema-instance"
        xsi:noNamespaceSchemaLocation="../ada_schemas/ada_beschikbaarstellen_medicatieafspraken.xsd">
   <meta status="new"
         created-by="generated"
         last-update-by="generated"
         creation-date="2021-01-12T10:26:38.701+01:00"
         last-update-date="2021-01-12T10:26:38.701+01:00"/>
   <data>
      <beschikbaarstellen_medicatieafspraken app="ketenzorg3.0"
                                             shortName="beschikbaarstellen_medicatieafspraken"
                                             formName="beschikbaarstellen_medicatieafspraken"
                                             transactionRef="2.16.840.1.113883.2.4.3.11.60.66.4.523"
                                             transactionEffectiveDate="2018-04-13T00:00:00"
                                             versionDate=""
                                             prefix="kz-"
                                             language="nl-NL"
                                             title="Generated Through Conversion"
                                             id="45d19704-54b8-11eb-1956-020000000000">
         <patient>
            <naamgegevens>
               <initialen value="E."/>
               <naamgebruik code="NL1"
                            codeSystem="2.16.840.1.113883.2.4.3.11.60.101.5.4"
                            displayName="Eigen geslachtsnaam"/>
               <geslachtsnaam>
                  <achternaam value="XXX_Zegers"/>
               </geslachtsnaam>
            </naamgegevens>
            <adresgegevens>
               <straat value="Knolweg"/>
               <huisnummer value="1001"/>
               <postcode value="9999 XX"/>
               <woonplaats value="STITSWERD"/>
               <land value="Nederland"/>
               <adres_soort code="HP"
                            codeSystem="2.16.840.1.113883.5.1119"
                            displayName="Primary Home"/>
            </adresgegevens>
            <contactgegevens>
               <telefoonnummers>
                  <telefoonnummer value="+31190531770"/>
                  <telecom_type code="UNK"
                                codeSystem="2.16.840.1.113883.5.1008"
                                displayName="unknown"/>
                  <nummer_soort code="HP"
                                codeSystem="2.16.840.1.113883.5.1119"
                                displayName="Primary Home"/>
               </telefoonnummers>
            </contactgegevens>
            <identificatienummer value="999911624" root="2.16.840.1.113883.2.4.6.3"/>
            <geboortedatum value="1964-08-02"/>
            <geslacht code="F" codeSystem="2.16.840.1.113883.5.1"/>
         </patient>
         <medicamenteuze_behandeling>
            <identificatie value="OH-MBH-1551446587306-100008363"
                           root="2.16.840.1.113883.2.4.6.6.90000258.1.100008363"/>
            <medicatieafspraak>
               <gebruiksperiode_start value="2018-01-29T00:00:00"/>
               <gebruiksperiode_eind value="2018-02-12T23:59:59"/>
               <identificatie value="14996" root="2.16.840.1.113883.2.4.6.6.90000258.4.4"/>
               <afspraakdatum value="2018-01-29"/>
               <relaties_ketenzorg>
                  <identificatie_contactmoment value="996624" root="2.16.840.1.113883.2.4.6.6.90000258.4.1"/>
               </relaties_ketenzorg>
               <voorschrijver>
                  <zorgverlener>
                     <zorgverlener_identificatienummer value="900013866" root="2.16.528.1.1007.3.1"/>
                     <naamgegevens>
                        <naamgegevens>
                           <naamgebruik code="UNK"
                                        codeSystem="2.16.840.1.113883.5.1008"
                                        displayName="Unknown"/>
                           <geslachtsnaam>
                              <achternaam value="Huisarts 1"/>
                           </geslachtsnaam>
                        </naamgegevens>
                     </naamgegevens>
                     <specialisme code="01.015"
                                  codeSystem="2.16.840.1.113883.2.4.15.111"
                                  displayName="Huisarts"/>
                     <zorgaanbieder>
                        <zorgaanbieder_identificatienummer value="90000381" root="2.16.528.1.1007.3.3"/>
                        <organisatie_naam value="Tést Zorginstelling 04"/>
                        <adresgegevens>
                           <straat value="Valkendael 45"/>
                           <postcode value="6245 HK"/>
                           <woonplaats value="Maastricht"/>
                           <land value="Nederland"/>
                           <adres_soort code="WP"
                                        codeSystem="2.16.840.1.113883.5.1119"
                                        displayName="Werkadres"/>
                        </adresgegevens>
                     </zorgaanbieder>
                  </zorgverlener>
               </voorschrijver>
               <reden_wijzigen_of_staken code="OTH"
                                         codeSystem="2.16.840.1.113883.5.1008"
                                         displayName="overig"
                                         originalText="Volgens afspraak"/>
               <reden_van_voorschrijven>
                  <probleem>
                     <probleem_naam code="D02"
                                    codeSystem="2.16.840.1.113883.2.4.4.31.1"
                                    codeSystemName="ICPC-1-NL"
                                    displayName="Maagpijn"/>
                  </probleem>
               </reden_van_voorschrijven>
               <afgesproken_geneesmiddel>
                  <product>
                     <product_code code="43044"
                                   codeSystem="2.16.840.1.113883.2.4.4.10"
                                   codeSystemName="PRK"
                                   displayName="PANTOPRAZOL TABLET MSR 40MG"/>
                     <product_code code="96938"
                                   codeSystem="2.16.840.1.113883.2.4.4.1"
                                   codeSystemName="GPK"
                                   displayName="PANTOPRAZOL TABLET MSR 40MG"/>
                  </product>
               </afgesproken_geneesmiddel>
               <gebruiksinstructie>
                  <omschrijving value="1 keer per dag 1 tablet"/>
                  <toedieningsweg code="9" codeSystem="2.16.840.1.113883.2.4.4.9" displayName="ORAAL"/>
                  <doseerinstructie>
                     <volgnummer value="1"/>
                     <doseerduur value="14" unit="dag"/>
                     <dosering>
                        <keerdosis>u                                        
                                        <aantal>
                              <vaste_waarde value="1"/>
                           </aantal>
                           <eenheid code="245"
                                    codeSystem="2.16.840.1.113883.2.4.4.1.900.2"
                                    displayName="STUK"/>
                        </keerdosis>
                        <toedieningsschema>
                           <interval value="1" unit="dag"/>
                        </toedieningsschema>
                     </dosering>
                  </doseerinstructie>
               </gebruiksinstructie>
               <kopie_indicator value="false"/>
            </medicatieafspraak>
         </medicamenteuze_behandeling>
         <medicamenteuze_behandeling>
            <identificatie value="OH-MBH-1551446587416-100008364"
                           root="2.16.840.1.113883.2.4.6.6.90000258.1.100008364"/>
            <medicatieafspraak>
               <gebruiksperiode_start value="2019-02-03T00:00:00"/>
               <gebruiksperiode_eind value="2019-02-07T23:59:59"/>
               <identificatie value="14997" root="2.16.840.1.113883.2.4.6.6.90000258.4.4"/>
               <afspraakdatum value="2019-02-03"/>
               <relaties_ketenzorg>
                  <identificatie_contactmoment value="996625" root="2.16.840.1.113883.2.4.6.6.90000258.4.1"/>
               </relaties_ketenzorg>
               <voorschrijver>
                  <zorgverlener>
                     <zorgverlener_identificatienummer value="900013866" root="2.16.528.1.1007.3.1"/>
                     <naamgegevens>
                        <naamgegevens>
                           <naamgebruik code="UNK"
                                        codeSystem="2.16.840.1.113883.5.1008"
                                        displayName="Unknown"/>
                           <geslachtsnaam>
                              <achternaam value="Huisarts 1"/>
                           </geslachtsnaam>
                        </naamgegevens>
                     </naamgegevens>
                     <specialisme code="01.015"
                                  codeSystem="2.16.840.1.113883.2.4.15.111"
                                  displayName="Huisarts"/>
                     <zorgaanbieder>
                        <zorgaanbieder_identificatienummer value="90000381" root="2.16.528.1.1007.3.3"/>
                        <organisatie_naam value="Tést Zorginstelling 04"/>
                        <adresgegevens>
                           <straat value="Valkendael 45"/>
                           <postcode value="6245 HK"/>
                           <woonplaats value="Maastricht"/>
                           <land value="Nederland"/>
                           <adres_soort code="WP"
                                        codeSystem="2.16.840.1.113883.5.1119"
                                        displayName="Werkadres"/>
                        </adresgegevens>
                     </zorgaanbieder>
                  </zorgverlener>
               </voorschrijver>
               <reden_wijzigen_of_staken code="OTH"
                                         codeSystem="2.16.840.1.113883.5.1008"
                                         displayName="overig"
                                         originalText="Volgens afspraak"/>
               <reden_van_voorschrijven>
                  <probleem>
                     <probleem_naam code="R95"
                                    codeSystem="2.16.840.1.113883.2.4.4.31.1"
                                    codeSystemName="ICPC-1-NL"
                                    displayName="Emfyseem/COPD"/>
                  </probleem>
               </reden_van_voorschrijven>
               <afgesproken_geneesmiddel>
                  <product>
                     <product_code code="67903"
                                   codeSystem="2.16.840.1.113883.2.4.4.10"
                                   codeSystemName="PRK"
                                   displayName="PARACETAMOL TABLET  500MG"/>
                     <product_code code="2194"
                                   codeSystem="2.16.840.1.113883.2.4.4.1"
                                   codeSystemName="GPK"
                                   displayName="PARACETAMOL TABLET  500MG"/>
                  </product>
               </afgesproken_geneesmiddel>
               <gebruiksinstructie>
                  <omschrijving value="6 keer per dag 1 tablet, Zo nodig"/>
                  <toedieningsweg code="9" codeSystem="2.16.840.1.113883.2.4.4.9" displayName="ORAAL"/>
                  <aanvullende_instructie code="1137"
                                          codeSystem="2.16.840.1.113883.2.4.4.5"
                                          displayName="Zo nodig"/>
                  <doseerinstructie>
                     <volgnummer value="1"/>
                     <doseerduur value="4" unit="dag"/>
                     <dosering>
                        <keerdosis>u                                        
                                        <aantal>
                              <vaste_waarde value="1"/>
                           </aantal>
                           <eenheid code="245"
                                    codeSystem="2.16.840.1.113883.2.4.4.1.900.2"
                                    displayName="STUK"/>
                        </keerdosis>
                        <toedieningsschema>
                           <interval value="0.1667" unit="dag"/>
                        </toedieningsschema>
                        <zo_nodig>
                           <criterium>
                              <code code="1137"
                                    codeSystem="2.16.840.1.113883.2.4.4.5"
                                    displayName="zo nodig"/>
                           </criterium>
                        </zo_nodig>
                     </dosering>
                  </doseerinstructie>
               </gebruiksinstructie>
               <kopie_indicator value="false"/>
            </medicatieafspraak>
         </medicamenteuze_behandeling>
         <medicamenteuze_behandeling>
            <identificatie value="OH-MBH-1551446587464-100008365"
                           root="2.16.840.1.113883.2.4.6.6.90000258.1.100008365"/>
            <medicatieafspraak>
               <gebruiksperiode_start value="2019-02-03T00:00:00"/>
               <gebruiksperiode_eind value="2019-03-04T23:59:59"/>
               <identificatie value="14998" root="2.16.840.1.113883.2.4.6.6.90000258.4.4"/>
               <afspraakdatum value="2019-02-03"/>
               <relaties_ketenzorg>
                  <identificatie_contactmoment value="996625" root="2.16.840.1.113883.2.4.6.6.90000258.4.1"/>
               </relaties_ketenzorg>
               <voorschrijver>
                  <zorgverlener>
                     <zorgverlener_identificatienummer value="900013866" root="2.16.528.1.1007.3.1"/>
                     <naamgegevens>
                        <naamgegevens>
                           <naamgebruik code="UNK"
                                        codeSystem="2.16.840.1.113883.5.1008"
                                        displayName="Unknown"/>
                           <geslachtsnaam>
                              <achternaam value="Huisarts 1"/>
                           </geslachtsnaam>
                        </naamgegevens>
                     </naamgegevens>
                     <specialisme code="01.015"
                                  codeSystem="2.16.840.1.113883.2.4.15.111"
                                  displayName="Huisarts"/>
                     <zorgaanbieder>
                        <zorgaanbieder_identificatienummer value="90000381" root="2.16.528.1.1007.3.3"/>
                        <organisatie_naam value="Tést Zorginstelling 04"/>
                        <adresgegevens>
                           <straat value="Valkendael 45"/>
                           <postcode value="6245 HK"/>
                           <woonplaats value="Maastricht"/>
                           <land value="Nederland"/>
                           <adres_soort code="WP"
                                        codeSystem="2.16.840.1.113883.5.1119"
                                        displayName="Werkadres"/>
                        </adresgegevens>
                     </zorgaanbieder>
                  </zorgverlener>
               </voorschrijver>
               <reden_wijzigen_of_staken code="OTH"
                                         codeSystem="2.16.840.1.113883.5.1008"
                                         displayName="overig"
                                         originalText="Volgens afspraak"/>
               <reden_van_voorschrijven>
                  <probleem>
                     <probleem_naam code="R95"
                                    codeSystem="2.16.840.1.113883.2.4.4.31.1"
                                    codeSystemName="ICPC-1-NL"
                                    displayName="Emfyseem/COPD"/>
                  </probleem>
               </reden_van_voorschrijven>
               <afgesproken_geneesmiddel>
                  <product>
                     <product_code code="45632"
                                   codeSystem="2.16.840.1.113883.2.4.4.10"
                                   codeSystemName="PRK"
                                   displayName="FLUTICASON INHALATIEPOEDER 250UG/DO 60DO DISKUS"/>
                     <product_code code="92495"
                                   codeSystem="2.16.840.1.113883.2.4.4.1"
                                   codeSystemName="GPK"
                                   displayName="FLUTICASON INHALATIEPOEDER 250UG/DO"/>
                  </product>
               </afgesproken_geneesmiddel>
               <gebruiksinstructie>
                  <omschrijving value="2 keer per dag 1 inhalatie"/>
                  <toedieningsweg code="62"
                                  codeSystem="2.16.840.1.113883.2.4.4.9"
                                  displayName="INHALATIE"/>
                  <doseerinstructie>
                     <volgnummer value="1"/>
                     <doseerduur value="29" unit="dag"/>
                     <dosering>
                        <keerdosis>u                                        
                                        <aantal>
                              <vaste_waarde value="1"/>
                           </aantal>
                           <eenheid code="208"
                                    codeSystem="2.16.840.1.113883.2.4.4.1.900.2"
                                    displayName="DOSIS"/>
                        </keerdosis>
                        <toedieningsschema>
                           <interval value="0.5" unit="dag"/>
                        </toedieningsschema>
                     </dosering>
                  </doseerinstructie>
               </gebruiksinstructie>
               <kopie_indicator value="false"/>
            </medicatieafspraak>
         </medicamenteuze_behandeling>
         <medicamenteuze_behandeling>
            <identificatie value="OH-MBH-1551446587502-100008366"
                           root="2.16.840.1.113883.2.4.6.6.90000258.1.100008366"/>
            <medicatieafspraak>
               <gebruiksperiode_start value="2019-02-06T00:00:00"/>
               <gebruiksperiode_eind value="2019-02-12T23:59:59"/>
               <identificatie value="14999" root="2.16.840.1.113883.2.4.6.6.90000258.4.4"/>
               <afspraakdatum value="2019-02-06"/>
               <relaties_ketenzorg>
                  <identificatie_contactmoment value="996626" root="2.16.840.1.113883.2.4.6.6.90000258.4.1"/>
               </relaties_ketenzorg>
               <voorschrijver>
                  <zorgverlener>
                     <zorgverlener_identificatienummer value="900013866" root="2.16.528.1.1007.3.1"/>
                     <naamgegevens>
                        <naamgegevens>
                           <naamgebruik code="UNK"
                                        codeSystem="2.16.840.1.113883.5.1008"
                                        displayName="Unknown"/>
                           <geslachtsnaam>
                              <achternaam value="Huisarts 1"/>
                           </geslachtsnaam>
                        </naamgegevens>
                     </naamgegevens>
                     <specialisme code="01.015"
                                  codeSystem="2.16.840.1.113883.2.4.15.111"
                                  displayName="Huisarts"/>
                     <zorgaanbieder>
                        <zorgaanbieder_identificatienummer value="90000381" root="2.16.528.1.1007.3.3"/>
                        <organisatie_naam value="Tést Zorginstelling 04"/>
                        <adresgegevens>
                           <straat value="Valkendael 45"/>
                           <postcode value="6245 HK"/>
                           <woonplaats value="Maastricht"/>
                           <land value="Nederland"/>
                           <adres_soort code="WP"
                                        codeSystem="2.16.840.1.113883.5.1119"
                                        displayName="Werkadres"/>
                        </adresgegevens>
                     </zorgaanbieder>
                  </zorgverlener>
               </voorschrijver>
               <reden_wijzigen_of_staken code="OTH"
                                         codeSystem="2.16.840.1.113883.5.1008"
                                         displayName="overig"
                                         originalText="Volgens afspraak"/>
               <reden_van_voorschrijven>
                  <probleem>
                     <probleem_naam code="R95"
                                    codeSystem="2.16.840.1.113883.2.4.4.31.1"
                                    codeSystemName="ICPC-1-NL"
                                    displayName="Emfyseem/COPD"/>
                  </probleem>
               </reden_van_voorschrijven>
               <afgesproken_geneesmiddel>
                  <product>
                     <product_code code="17809"
                                   codeSystem="2.16.840.1.113883.2.4.4.10"
                                   codeSystemName="PRK"
                                   displayName="AMOXICILLINE/CLAVULAANZUUR TABLET 500/125MG"/>
                     <product_code code="43079"
                                   codeSystem="2.16.840.1.113883.2.4.4.1"
                                   codeSystemName="GPK"
                                   displayName="AMOXICILLINE/CLAVULAANZUUR TABLET 500/125MG"/>
                  </product>
               </afgesproken_geneesmiddel>
               <gebruiksinstructie>
                  <omschrijving value="3 keer per dag 1 tablet"/>
                  <toedieningsweg code="9" codeSystem="2.16.840.1.113883.2.4.4.9" displayName="ORAAL"/>
                  <doseerinstructie>
                     <volgnummer value="1"/>
                     <doseerduur value="6" unit="dag"/>
                     <dosering>
                        <keerdosis>u                                        
                                        <aantal>
                              <vaste_waarde value="1"/>
                           </aantal>
                           <eenheid code="245"
                                    codeSystem="2.16.840.1.113883.2.4.4.1.900.2"
                                    displayName="STUK"/>
                        </keerdosis>
                        <toedieningsschema>
                           <interval value="0.3333" unit="dag"/>
                        </toedieningsschema>
                     </dosering>
                  </doseerinstructie>
               </gebruiksinstructie>
               <kopie_indicator value="false"/>
            </medicatieafspraak>
         </medicamenteuze_behandeling>
         <medicamenteuze_behandeling>
            <identificatie value="OH-MBH-1551446587544-100008367"
                           root="2.16.840.1.113883.2.4.6.6.90000258.1.100008367"/>
            <medicatieafspraak>
               <gebruiksperiode_start value="2019-02-06T00:00:00"/>
               <identificatie value="15000" root="2.16.840.1.113883.2.4.6.6.90000258.4.4"/>
               <afspraakdatum value="2019-02-06"/>
               <relaties_ketenzorg>
                  <identificatie_contactmoment value="996626" root="2.16.840.1.113883.2.4.6.6.90000258.4.1"/>
               </relaties_ketenzorg>
               <voorschrijver>
                  <zorgverlener>
                     <zorgverlener_identificatienummer value="900013866" root="2.16.528.1.1007.3.1"/>
                     <naamgegevens>
                        <naamgegevens>
                           <naamgebruik code="UNK"
                                        codeSystem="2.16.840.1.113883.5.1008"
                                        displayName="Unknown"/>
                           <geslachtsnaam>
                              <achternaam value="Huisarts 1"/>
                           </geslachtsnaam>
                        </naamgegevens>
                     </naamgegevens>
                     <specialisme code="01.015"
                                  codeSystem="2.16.840.1.113883.2.4.15.111"
                                  displayName="Huisarts"/>
                     <zorgaanbieder>
                        <zorgaanbieder_identificatienummer value="90000381" root="2.16.528.1.1007.3.3"/>
                        <organisatie_naam value="Tést Zorginstelling 04"/>
                        <adresgegevens>
                           <straat value="Valkendael 45"/>
                           <postcode value="6245 HK"/>
                           <woonplaats value="Maastricht"/>
                           <land value="Nederland"/>
                           <adres_soort code="WP"
                                        codeSystem="2.16.840.1.113883.5.1119"
                                        displayName="Werkadres"/>
                        </adresgegevens>
                     </zorgaanbieder>
                  </zorgverlener>
               </voorschrijver>
               <reden_wijzigen_of_staken code="OTH"
                                         codeSystem="2.16.840.1.113883.5.1008"
                                         displayName="overig"
                                         originalText="Volgens afspraak"/>
               <reden_van_voorschrijven>
                  <probleem>
                     <probleem_naam code="R95"
                                    codeSystem="2.16.840.1.113883.2.4.4.31.1"
                                    codeSystemName="ICPC-1-NL"
                                    displayName="Emfyseem/COPD"/>
                  </probleem>
               </reden_van_voorschrijven>
               <afgesproken_geneesmiddel>
                  <product>
                     <product_code code="73040"
                                   codeSystem="2.16.840.1.113883.2.4.4.10"
                                   codeSystemName="PRK"
                                   displayName="SALBUTAMOL INHALATIEPOEDER 100UG/DO PATR 200DO"/>
                     <product_code code="99473"
                                   codeSystem="2.16.840.1.113883.2.4.4.1"
                                   codeSystemName="GPK"
                                   displayName="SALBUTAMOL INHALATIEPOEDER 100UG/DO"/>
                  </product>
               </afgesproken_geneesmiddel>
               <gebruiksinstructie>
                  <omschrijving value="3 tot 4 keer per dag 1 inhalatie"/>
                  <toedieningsweg code="62"
                                  codeSystem="2.16.840.1.113883.2.4.4.9"
                                  displayName="INHALATIE"/>
                  <doseerinstructie>
                     <volgnummer value="1"/>
                     <dosering>
                        <keerdosis>u                                        
                                        <aantal>
                              <vaste_waarde value="1"/>
                           </aantal>
                           <eenheid code="208"
                                    codeSystem="2.16.840.1.113883.2.4.4.1.900.2"
                                    displayName="DOSIS"/>
                        </keerdosis>
                        <toedieningsschema>
                           <frequentie>
                              <aantal>
                                 <min value="3"/>
                                 <max value="4"/>
                              </aantal>
                              <tijdseenheid value="1.0" unit="dag"/>
                           </frequentie>
                        </toedieningsschema>
                     </dosering>
                  </doseerinstructie>
               </gebruiksinstructie>
               <kopie_indicator value="false"/>
            </medicatieafspraak>
         </medicamenteuze_behandeling>
         <medicamenteuze_behandeling>
            <identificatie value="OH-MBH-1551446587634-100008369"
                           root="2.16.840.1.113883.2.4.6.6.90000258.1.100008369"/>
            <medicatieafspraak>
               <gebruiksperiode_start value="2019-02-08T00:00:00"/>
               <gebruiksperiode_eind value="2019-05-08T23:59:59"/>
               <identificatie value="15002" root="2.16.840.1.113883.2.4.6.6.90000258.4.4"/>
               <afspraakdatum value="2019-02-08"/>
               <relaties_ketenzorg>
                  <identificatie_contactmoment value="996627" root="2.16.840.1.113883.2.4.6.6.90000258.4.1"/>
               </relaties_ketenzorg>
               <voorschrijver>
                  <zorgverlener>
                     <zorgverlener_identificatienummer value="900013866" root="2.16.528.1.1007.3.1"/>
                     <naamgegevens>
                        <naamgegevens>
                           <naamgebruik code="UNK"
                                        codeSystem="2.16.840.1.113883.5.1008"
                                        displayName="Unknown"/>
                           <geslachtsnaam>
                              <achternaam value="Huisarts 1"/>
                           </geslachtsnaam>
                        </naamgegevens>
                     </naamgegevens>
                     <specialisme code="01.015"
                                  codeSystem="2.16.840.1.113883.2.4.15.111"
                                  displayName="Huisarts"/>
                     <zorgaanbieder>
                        <zorgaanbieder_identificatienummer value="90000381" root="2.16.528.1.1007.3.3"/>
                        <organisatie_naam value="Tést Zorginstelling 04"/>
                        <adresgegevens>
                           <straat value="Valkendael 45"/>
                           <postcode value="6245 HK"/>
                           <woonplaats value="Maastricht"/>
                           <land value="Nederland"/>
                           <adres_soort code="WP"
                                        codeSystem="2.16.840.1.113883.5.1119"
                                        displayName="Werkadres"/>
                        </adresgegevens>
                     </zorgaanbieder>
                  </zorgverlener>
               </voorschrijver>
               <reden_wijzigen_of_staken code="OTH"
                                         codeSystem="2.16.840.1.113883.5.1008"
                                         displayName="overig"
                                         originalText="Volgens afspraak"/>
               <reden_van_voorschrijven>
                  <probleem>
                     <probleem_naam code="R97"
                                    codeSystem="2.16.840.1.113883.2.4.4.31.1"
                                    codeSystemName="ICPC-1-NL"
                                    displayName="Hooikoorts/allergische rhinitis"/>
                  </probleem>
               </reden_van_voorschrijven>
               <afgesproken_geneesmiddel>
                  <product>
                     <product_code code="59021"
                                   codeSystem="2.16.840.1.113883.2.4.4.10"
                                   codeSystemName="PRK"
                                   displayName="DESLORATADINE TABLET 5MG"/>
                     <product_code code="113026"
                                   codeSystem="2.16.840.1.113883.2.4.4.1"
                                   codeSystemName="GPK"
                                   displayName="DESLORATADINE TABLET 5MG"/>
                  </product>
               </afgesproken_geneesmiddel>
               <gebruiksinstructie>
                  <omschrijving value="1 keer per dag 1 tablet"/>
                  <toedieningsweg code="9" codeSystem="2.16.840.1.113883.2.4.4.9" displayName="ORAAL"/>
                  <doseerinstructie>
                     <volgnummer value="1"/>
                     <doseerduur value="88" unit="dag"/>
                     <dosering>
                        <keerdosis>u                                        
                                        <aantal>
                              <vaste_waarde value="1"/>
                           </aantal>
                           <eenheid code="245"
                                    codeSystem="2.16.840.1.113883.2.4.4.1.900.2"
                                    displayName="STUK"/>
                        </keerdosis>
                        <toedieningsschema>
                           <interval value="1" unit="dag"/>
                        </toedieningsschema>
                     </dosering>
                  </doseerinstructie>
               </gebruiksinstructie>
               <kopie_indicator value="false"/>
            </medicatieafspraak>
         </medicamenteuze_behandeling>
         <medicamenteuze_behandeling>
            <identificatie value="OH-MBH-1551446587591-100008368"
                           root="2.16.840.1.113883.2.4.6.6.90000258.1.100008368"/>
            <medicatieafspraak>
               <gebruiksperiode_start value="2019-02-08T00:00:00"/>
               <gebruiksperiode_eind value="2019-05-08T23:59:59"/>
               <identificatie value="15001" root="2.16.840.1.113883.2.4.6.6.90000258.4.4"/>
               <afspraakdatum value="2019-02-08"/>
               <relaties_ketenzorg>
                  <identificatie_contactmoment value="996628" root="2.16.840.1.113883.2.4.6.6.90000258.4.1"/>
               </relaties_ketenzorg>
               <voorschrijver>
                  <zorgverlener>
                     <zorgverlener_identificatienummer value="900013866" root="2.16.528.1.1007.3.1"/>
                     <naamgegevens>
                        <naamgegevens>
                           <naamgebruik code="UNK"
                                        codeSystem="2.16.840.1.113883.5.1008"
                                        displayName="Unknown"/>
                           <geslachtsnaam>
                              <achternaam value="Huisarts 1"/>
                           </geslachtsnaam>
                        </naamgegevens>
                     </naamgegevens>
                     <specialisme code="01.015"
                                  codeSystem="2.16.840.1.113883.2.4.15.111"
                                  displayName="Huisarts"/>
                     <zorgaanbieder>
                        <zorgaanbieder_identificatienummer value="90000381" root="2.16.528.1.1007.3.3"/>
                        <organisatie_naam value="Tést Zorginstelling 04"/>
                        <adresgegevens>
                           <straat value="Valkendael 45"/>
                           <postcode value="6245 HK"/>
                           <woonplaats value="Maastricht"/>
                           <land value="Nederland"/>
                           <adres_soort code="WP"
                                        codeSystem="2.16.840.1.113883.5.1119"
                                        displayName="Werkadres"/>
                        </adresgegevens>
                     </zorgaanbieder>
                  </zorgverlener>
               </voorschrijver>
               <reden_wijzigen_of_staken code="OTH"
                                         codeSystem="2.16.840.1.113883.5.1008"
                                         displayName="overig"
                                         originalText="Volgens afspraak"/>
               <reden_van_voorschrijven>
                  <probleem>
                     <probleem_naam code="K78"
                                    codeSystem="2.16.840.1.113883.2.4.4.31.1"
                                    codeSystemName="ICPC-1-NL"
                                    displayName="Boezemfibrilleren/-fladderen"/>
                  </probleem>
               </reden_van_voorschrijven>
               <afgesproken_geneesmiddel>
                  <product>
                     <product_code code="52191"
                                   codeSystem="2.16.840.1.113883.2.4.4.10"
                                   codeSystemName="PRK"
                                   displayName="CARBASALAATCALCIUM BRUISTABLET 100MG"/>
                     <product_code code="106526"
                                   codeSystem="2.16.840.1.113883.2.4.4.1"
                                   codeSystemName="GPK"
                                   displayName="CARBASALAATCALCIUM BRUISTABLET 100MG"/>
                  </product>
               </afgesproken_geneesmiddel>
               <gebruiksinstructie>
                  <omschrijving value="1 keer per dag 1 tablet"/>
                  <toedieningsweg code="9" codeSystem="2.16.840.1.113883.2.4.4.9" displayName="ORAAL"/>
                  <doseerinstructie>
                     <volgnummer value="1"/>
                     <doseerduur value="88" unit="dag"/>
                     <dosering>
                        <keerdosis>u                                        
                                        <aantal>
                              <vaste_waarde value="1"/>
                           </aantal>
                           <eenheid code="245"
                                    codeSystem="2.16.840.1.113883.2.4.4.1.900.2"
                                    displayName="STUK"/>
                        </keerdosis>
                        <toedieningsschema>
                           <interval value="1" unit="dag"/>
                        </toedieningsschema>
                     </dosering>
                  </doseerinstructie>
               </gebruiksinstructie>
               <kopie_indicator value="false"/>
            </medicatieafspraak>
         </medicamenteuze_behandeling>
      </beschikbaarstellen_medicatieafspraken>
   </data>
</adaxml>
