<?xml version="1.0" encoding="UTF-8"?>
<!--Generated from HL7v3 organizer instance with: <code code="419891008" displayName="Medicatiegegevens" codeSystem="2.16.840.1.113883.6.96" codeSystemName="ART DECOR transacties"/>-->
<adaxml xmlns:xsi="http://www.w3.org/2001/XMLSchema-instance"
        xsi:noNamespaceSchemaLocation="../ada_schemas/ada_beschikbaarstellen_medicatieafspraken.xsd">
   <meta status="new"
         created-by="generated"
         last-update-by="generated"
         creation-date="2021-01-12T10:01:15.398+01:00"
         last-update-date="2021-01-12T10:01:15.398+01:00"/>
   <data>
      <beschikbaarstellen_medicatieafspraken app="ketenzorg3.0"
                                             shortName="beschikbaarstellen_medicatieafspraken"
                                             formName="beschikbaarstellen_medicatieafspraken"
                                             transactionRef="2.16.840.1.113883.2.4.3.11.60.66.4.523"
                                             transactionEffectiveDate="2018-04-13T00:00:00"
                                             versionDate=""
                                             prefix="kz-"
                                             language="nl-NL"
                                             title="Generated Through Conversion"
                                             id="b9dbfd1e-54b4-11eb-1798-020000000000">
         <patient>
            <naamgegevens>
               <initialen value="J."/>
               <naamgebruik code="NL1"
                            codeSystem="2.16.840.1.113883.2.4.3.11.60.101.5.4"
                            displayName="Eigen geslachtsnaam"/>
               <geslachtsnaam>
                  <achternaam value="XXX_Amaya"/>
               </geslachtsnaam>
            </naamgegevens>
            <identificatienummer value="999911764" root="2.16.840.1.113883.2.4.6.3"/>
            <geboortedatum value="1964-08-06"/>
            <geslacht code="M" codeSystem="2.16.840.1.113883.5.1" displayName="Man"/>
         </patient>
         <medicamenteuze_behandeling>
            <identificatie value="MBH_513_1" root="2.16.840.1.113883.2.4.3.11.999.77.1.1"/>
            <medicatieafspraak>
               <gebruiksperiode_start value="2018-09-02T00:00:00"/>
               <identificatie value="MBH_513_1_MA_1"
                              root="2.16.840.1.113883.2.4.3.11.999.77.16076005.1"/>
               <afspraakdatum value="2018-09-02T11:25:00"/>
               <gebruiksperiode value="1" unit="jaar"/>
               <geannuleerd_indicator value="true"/>
               <voorschrijver>
                  <zorgverlener>
                     <zorgverlener_identificatienummer value="000001111" root="2.16.528.1.1007.3.1"/>
                     <naamgegevens>
                        <naamgegevens>
                           <voornamen value="Peter"/>
                           <naamgebruik code="NL1"
                                        codeSystem="2.16.840.1.113883.2.4.3.11.60.101.5.4"
                                        displayName="Eigen geslachtsnaam"/>
                           <geslachtsnaam>
                              <voorvoegsels value="van "/>
                              <achternaam value="Pulver"/>
                           </geslachtsnaam>
                        </naamgegevens>
                     </naamgegevens>
                     <specialisme code="0100"
                                  codeSystem="2.16.840.1.113883.2.4.6.7"
                                  codeSystemName="COD016-VEKT (Vektis Zorgverlenersspecificatie (subberoepsgroep))"
                                  displayName="Huisartsen, niet nader gespecificeerd"/>
                     <zorgaanbieder>
                        <zorgaanbieder_identificatienummer value="00001111" root="2.16.528.1.1007.3.3"/>
                        <organisatie_naam value="Huisartsenpraktijk Pulver &amp; Partners"/>
                        <adresgegevens>
                           <straat value="Dorpsstraat"/>
                           <huisnummer value="1"/>
                           <postcode value="1234 AA"/>
                           <woonplaats value="Ons Dorp"/>
                           <adres_soort code="WP"
                                        codeSystem="2.16.840.1.113883.5.1119"
                                        displayName="Werkadres"/>
                        </adresgegevens>
                     </zorgaanbieder>
                  </zorgverlener>
               </voorschrijver>
               <afgesproken_geneesmiddel>
                  <product>
                     <product_code code="49484"
                                   codeSystem="2.16.840.1.113883.2.4.4.10"
                                   codeSystemName="G-Standaard PRK"
                                   displayName="ACETYLSALICYLZUUR TABLETMSR 100MG"/>
                     <product_code code="103039"
                                   codeSystem="2.16.840.1.113883.2.4.4.1"
                                   codeSystemName="G-Standaard GPK"
                                   displayName="ACETYLSALICYLZUUR TABLETMSR 100MG"/>
                  </product>
               </afgesproken_geneesmiddel>
               <gebruiksinstructie>
                  <omschrijving value="Vanaf 2 sep 2018, gedurende 1 jaar, 10 maal per dag 1 stuk, oraal"/>
                  <toedieningsweg code="9"
                                  codeSystem="2.16.840.1.113883.2.4.4.9"
                                  codeSystemName="G-Standaard Toedieningswegen"
                                  displayName="Oraal"/>
                  <doseerinstructie>
                     <volgnummer value="1"/>
                     <dosering>
                        <keerdosis>u                                        
                                        <aantal>
                              <vaste_waarde value="1"/>
                           </aantal>
                           <eenheid code="245"
                                    codeSystem="2.16.840.1.113883.2.4.4.1.900.2"
                                    displayName="stuk"/>
                        </keerdosis>
                        <toedieningsschema>
                           <frequentie>
                              <aantal>
                                 <vaste_waarde value="10"/>
                              </aantal>
                              <tijdseenheid value="1" unit="dag"/>
                           </frequentie>
                        </toedieningsschema>
                     </dosering>
                  </doseerinstructie>
               </gebruiksinstructie>
            </medicatieafspraak>
         </medicamenteuze_behandeling>
         <medicamenteuze_behandeling>
            <identificatie value="MBH_513_1" root="2.16.840.1.113883.2.4.3.11.999.77.1.1"/>
            <medicatieafspraak>
               <gebruiksperiode_start value="2018-09-03T00:00:00"/>
               <identificatie value="MBH_513_1_MA_2"
                              root="2.16.840.1.113883.2.4.3.11.999.77.16076005.1"/>
               <afspraakdatum value="2018-09-03T09:00:00"/>
               <gebruiksperiode value="1" unit="jaar"/>
               <voorschrijver>
                  <zorgverlener>
                     <zorgverlener_identificatienummer value="000001112" root="2.16.528.1.1007.3.1"/>
                     <naamgegevens>
                        <naamgegevens>
                           <voornamen value="Bertine"/>
                           <naamgebruik code="NL1"
                                        codeSystem="2.16.840.1.113883.2.4.3.11.60.101.5.4"
                                        displayName="Eigen geslachtsnaam"/>
                           <geslachtsnaam>
                              <voorvoegsels value="van "/>
                              <achternaam value="Doorn"/>
                           </geslachtsnaam>
                        </naamgegevens>
                     </naamgegevens>
                     <specialisme code="0100"
                                  codeSystem="2.16.840.1.113883.2.4.6.7"
                                  codeSystemName="COD016-VEKT (Vektis Zorgverlenersspecificatie (subberoepsgroep))"
                                  displayName="Huisartsen, niet nader gespecificeerd"/>
                     <zorgaanbieder>
                        <zorgaanbieder_identificatienummer value="00001111" root="2.16.528.1.1007.3.3"/>
                        <organisatie_naam value="Huisartsenpraktijk Pulver &amp; Partners"/>
                        <adresgegevens>
                           <straat value="Dorpsstraat"/>
                           <huisnummer value="1"/>
                           <postcode value="1234 AA"/>
                           <woonplaats value="Ons Dorp"/>
                           <adres_soort code="WP"
                                        codeSystem="2.16.840.1.113883.5.1119"
                                        displayName="Werkadres"/>
                        </adresgegevens>
                     </zorgaanbieder>
                  </zorgverlener>
               </voorschrijver>
               <afgesproken_geneesmiddel>
                  <product>
                     <product_code code="49484"
                                   codeSystem="2.16.840.1.113883.2.4.4.10"
                                   codeSystemName="G-Standaard PRK"
                                   displayName="ACETYLSALICYLZUUR TABLETMSR 100MG"/>
                     <product_code code="103039"
                                   codeSystem="2.16.840.1.113883.2.4.4.1"
                                   codeSystemName="G-Standaard GPK"
                                   displayName="ACETYLSALICYLZUUR TABLETMSR 100MG"/>
                  </product>
               </afgesproken_geneesmiddel>
               <gebruiksinstructie>
                  <omschrijving value="Vanaf 3 sep 2018, gedurende 1 jaar, 1 maal per dag 1 stuk, oraal"/>
                  <toedieningsweg code="9"
                                  codeSystem="2.16.840.1.113883.2.4.4.9"
                                  codeSystemName="G-Standaard Toedieningswegen"
                                  displayName="Oraal"/>
                  <doseerinstructie>
                     <volgnummer value="1"/>
                     <dosering>
                        <keerdosis>u                                        
                                        <aantal>
                              <vaste_waarde value="1"/>
                           </aantal>
                           <eenheid code="245"
                                    codeSystem="2.16.840.1.113883.2.4.4.1.900.2"
                                    displayName="stuk"/>
                        </keerdosis>
                        <toedieningsschema>
                           <frequentie>
                              <aantal>
                                 <vaste_waarde value="1"/>
                              </aantal>
                              <tijdseenheid value="1" unit="dag"/>
                           </frequentie>
                        </toedieningsschema>
                     </dosering>
                  </doseerinstructie>
               </gebruiksinstructie>
            </medicatieafspraak>
         </medicamenteuze_behandeling>
         <medicamenteuze_behandeling>
            <identificatie value="MBH_513_2" root="2.16.840.1.113883.2.4.3.11.999.77.1.1"/>
            <medicatieafspraak>
               <gebruiksperiode_start value="2018-09-03T00:00:00"/>
               <gebruiksperiode_eind nullFlavor="NI"/>
               <identificatie value="MBH_513_2_MA_2"
                              root="2.16.840.1.113883.2.4.3.11.999.77.16076005.1"/>
               <afspraakdatum value="2018-09-03T14:32:00"/>
               <relatie_naar_afspraak_of_gebruik>
                  <identificatie_23288 value="MBH_513_2_TA_1"
                                       root="2.16.840.1.113883.2.4.3.11.999.77.422037009.1"/>
               </relatie_naar_afspraak_of_gebruik>
               <voorschrijver>
                  <zorgverlener>
                     <zorgverlener_identificatienummer value="999001112" root="2.16.528.1.1007.3.1"/>
                     <naamgegevens>
                        <naamgegevens>
                           <voornamen value="Hans"/>
                           <naamgebruik code="NL1"
                                        codeSystem="2.16.840.1.113883.2.4.3.11.60.101.5.4"
                                        displayName="Eigen geslachtsnaam"/>
                           <geslachtsnaam>
                              <voorvoegsels value="van "/>
                              <achternaam value="Doorn"/>
                           </geslachtsnaam>
                        </naamgegevens>
                     </naamgegevens>
                     <specialisme code="0313"
                                  codeSystem="2.16.840.1.113883.2.4.6.7"
                                  codeSystemName="COD016-VEKT (Vektis Zorgverlenersspecificatie (subberoepsgroep))"
                                  displayName="Medisch specialisten, inwendige geneeskunde"/>
                     <zorgaanbieder>
                        <zorgaanbieder_identificatienummer value="99901111" root="2.16.528.1.1007.3.3"/>
                        <organisatie_naam value="Ziekenhuis Stitswerd"/>
                        <adresgegevens>
                           <straat value="Dorpsstraat"/>
                           <huisnummer value="1"/>
                           <postcode value="1234 AA"/>
                           <woonplaats value="Ons Dorp"/>
                           <adres_soort code="WP"
                                        codeSystem="2.16.840.1.113883.5.1119"
                                        displayName="Werkadres"/>
                        </adresgegevens>
                     </zorgaanbieder>
                  </zorgverlener>
               </voorschrijver>
               <reden_wijzigen_of_staken code="305335007"
                                         codeSystem="2.16.840.1.113883.6.96"
                                         codeSystemName="SNOMED CT"
                                         displayName="Opname"/>
               <afgesproken_geneesmiddel>
                  <product>
                     <product_code code="5967"
                                   codeSystem="2.16.840.1.113883.2.4.4.10"
                                   codeSystemName="G-Standaard PRK"
                                   displayName="FUROSEMIDE TABLET 40MG"/>
                     <product_code code="16810"
                                   codeSystem="2.16.840.1.113883.2.4.4.1"
                                   codeSystemName="G-Standaard GPK"
                                   displayName="FUROSEMIDE TABLET 40MG"/>
                  </product>
               </afgesproken_geneesmiddel>
               <gebruiksinstructie>
                  <omschrijving value="Vanaf 3 sep 2018, tot nader order, 1 maal daags 1 stuk, oraal"/>
                  <toedieningsweg code="9"
                                  codeSystem="2.16.840.1.113883.2.4.4.9"
                                  codeSystemName="G-Standaard Toedieningswegen"
                                  displayName="Oraal"/>
                  <doseerinstructie>
                     <volgnummer value="1"/>
                     <dosering>
                        <keerdosis>u                                        
                                        <aantal>
                              <vaste_waarde value="1"/>
                           </aantal>
                           <eenheid code="245"
                                    codeSystem="2.16.840.1.113883.2.4.4.1.900.2"
                                    displayName="stuk"/>
                        </keerdosis>
                        <toedieningsschema>
                           <frequentie>
                              <aantal>
                                 <vaste_waarde value="1"/>
                              </aantal>
                              <tijdseenheid value="1" unit="dag"/>
                           </frequentie>
                        </toedieningsschema>
                     </dosering>
                  </doseerinstructie>
               </gebruiksinstructie>
               <toelichting value="Toedieningsafspraak van apotheker ontvangen, geen medicatieafspraak van voorschrijver ontvangen. Deze nieuwe medicatieafspraak is gebaseerd op de toedieningsafspraak: MBH_513_2_TA_1"/>
            </medicatieafspraak>
         </medicamenteuze_behandeling>
         <medicamenteuze_behandeling>
            <identificatie value="MBH_513_3" root="2.16.840.1.113883.2.4.3.11.999.77.1.1"/>
            <medicatieafspraak>
               <gebruiksperiode_start value="2018-09-03T00:00:00"/>
               <identificatie value="MBH_513_3_MA_1"
                              root="2.16.840.1.113883.2.4.3.11.999.77.16076005.1"/>
               <afspraakdatum value="2018-09-03T14:32:00"/>
               <gebruiksperiode value="28" unit="dag"/>
               <relatie_naar_afspraak_of_gebruik>
                  <identificatie_23289 value="MBH_513_3_MGB_1" root="2.16.840.1.113883.2.4.3.11.999.77.6.1"/>
               </relatie_naar_afspraak_of_gebruik>
               <voorschrijver>
                  <zorgverlener>
                     <zorgverlener_identificatienummer value="999001112" root="2.16.528.1.1007.3.1"/>
                     <naamgegevens>
                        <naamgegevens>
                           <voornamen value="Hans"/>
                           <naamgebruik code="NL1"
                                        codeSystem="2.16.840.1.113883.2.4.3.11.60.101.5.4"
                                        displayName="Eigen geslachtsnaam"/>
                           <geslachtsnaam>
                              <voorvoegsels value="van "/>
                              <achternaam value="Doorn"/>
                           </geslachtsnaam>
                        </naamgegevens>
                     </naamgegevens>
                     <specialisme code="0313"
                                  codeSystem="2.16.840.1.113883.2.4.6.7"
                                  codeSystemName="COD016-VEKT (Vektis Zorgverlenersspecificatie (subberoepsgroep))"
                                  displayName="Medisch specialisten, inwendige geneeskunde"/>
                     <zorgaanbieder>
                        <zorgaanbieder_identificatienummer value="99901111" root="2.16.528.1.1007.3.3"/>
                        <organisatie_naam value="Ziekenhuis Stitswerd"/>
                        <adresgegevens>
                           <straat value="Dorpsstraat"/>
                           <huisnummer value="1"/>
                           <postcode value="1234 AA"/>
                           <woonplaats value="Ons Dorp"/>
                           <adres_soort code="WP"
                                        codeSystem="2.16.840.1.113883.5.1119"
                                        displayName="Werkadres"/>
                        </adresgegevens>
                     </zorgaanbieder>
                  </zorgverlener>
               </voorschrijver>
               <reden_wijzigen_of_staken code="305335007"
                                         codeSystem="2.16.840.1.113883.6.96"
                                         codeSystemName="SNOMED CT"
                                         displayName="Opname"/>
               <reden_van_voorschrijven>
                  <probleem>
                     <probleem_naam code="B74"
                                    codeSystem="2.16.840.1.113883.2.4.4.31.1"
                                    codeSystemName="De Nederlandse editie van International Classification of Primary Care ICPC-1-NL"
                                    displayName="Andere maligniteit bloed/lymfestelsel"/>
                  </probleem>
               </reden_van_voorschrijven>
               <afgesproken_geneesmiddel>
                  <product>
                     <product_code code="6009"
                                   codeSystem="2.16.840.1.113883.2.4.4.10"
                                   codeSystemName="G-Standaard PRK"
                                   displayName="METHOTREXAAT TABLET 2,5MG"/>
                     <product_code code="42609"
                                   codeSystem="2.16.840.1.113883.2.4.4.1"
                                   codeSystemName="G-Standaard GPK"
                                   displayName="METHOTREXAAT TABLET 2,5MG"/>
                  </product>
               </afgesproken_geneesmiddel>
               <gebruiksinstructie>
                  <omschrijving value="Vanaf 3 sep 2018, gedurende 28 dagen, 1 maal per week 5 stuks, oraal"/>
                  <toedieningsweg code="9"
                                  codeSystem="2.16.840.1.113883.2.4.4.9"
                                  codeSystemName="G-Standaard Toedieningswegen"
                                  displayName="Oraal"/>
                  <doseerinstructie>
                     <volgnummer value="1"/>
                     <dosering>
                        <keerdosis>u                                        
                                        <aantal>
                              <vaste_waarde value="5"/>
                           </aantal>
                           <eenheid code="245"
                                    codeSystem="2.16.840.1.113883.2.4.4.1.900.2"
                                    displayName="stuk"/>
                        </keerdosis>
                        <toedieningsschema>
                           <frequentie>
                              <aantal>
                                 <vaste_waarde value="1"/>
                              </aantal>
                              <tijdseenheid value="1" unit="week"/>
                           </frequentie>
                        </toedieningsschema>
                     </dosering>
                  </doseerinstructie>
               </gebruiksinstructie>
            </medicatieafspraak>
         </medicamenteuze_behandeling>
         <medicamenteuze_behandeling>
            <identificatie value="MBH_513_4" root="2.16.840.1.113883.2.4.3.11.999.77.1.1"/>
            <medicatieafspraak>
               <gebruiksperiode_start value="2018-08-29T00:00:00"/>
               <identificatie value="MBH_513_4_MA_1"
                              root="2.16.840.1.113883.2.4.3.11.999.77.16076005.1"/>
               <afspraakdatum value="2018-08-29T09:35:00"/>
               <gebruiksperiode value="10" unit="dag"/>
               <voorschrijver>
                  <zorgverlener>
                     <zorgverlener_identificatienummer value="000001111" root="2.16.528.1.1007.3.1"/>
                     <naamgegevens>
                        <naamgegevens>
                           <voornamen value="Peter"/>
                           <naamgebruik code="NL1"
                                        codeSystem="2.16.840.1.113883.2.4.3.11.60.101.5.4"
                                        displayName="Eigen geslachtsnaam"/>
                           <geslachtsnaam>
                              <voorvoegsels value="van "/>
                              <achternaam value="Pulver"/>
                           </geslachtsnaam>
                        </naamgegevens>
                     </naamgegevens>
                     <specialisme code="0100"
                                  codeSystem="2.16.840.1.113883.2.4.6.7"
                                  codeSystemName="COD016-VEKT (Vektis Zorgverlenersspecificatie (subberoepsgroep))"
                                  displayName="Huisartsen, niet nader gespecificeerd"/>
                     <zorgaanbieder>
                        <zorgaanbieder_identificatienummer value="00001111" root="2.16.528.1.1007.3.3"/>
                        <organisatie_naam value="Huisartsenpraktijk Pulver &amp; Partners"/>
                        <adresgegevens>
                           <straat value="Dorpsstraat"/>
                           <huisnummer value="1"/>
                           <postcode value="1234 AA"/>
                           <woonplaats value="Ons Dorp"/>
                           <adres_soort code="WP"
                                        codeSystem="2.16.840.1.113883.5.1119"
                                        displayName="Werkadres"/>
                        </adresgegevens>
                     </zorgaanbieder>
                  </zorgverlener>
               </voorschrijver>
               <afgesproken_geneesmiddel>
                  <product>
                     <product_code code="17205"
                                   codeSystem="2.16.840.1.113883.2.4.4.10"
                                   codeSystemName="G-Standaard PRK"
                                   displayName="FENETICILLINE CAPSULE 500MG"/>
                     <product_code code="41092"
                                   codeSystem="2.16.840.1.113883.2.4.4.1"
                                   codeSystemName="G-Standaard GPK"
                                   displayName="FENETICILLINE CAPSULE 500MG"/>
                  </product>
               </afgesproken_geneesmiddel>
               <gebruiksinstructie>
                  <omschrijving value="Vanaf 29 aug 2018, gedurende 10 dagen, 3 maal per dag 1 stuk, oraal"/>
                  <toedieningsweg code="9"
                                  codeSystem="2.16.840.1.113883.2.4.4.9"
                                  codeSystemName="G-Standaard Toedieningswegen"
                                  displayName="Oraal"/>
                  <doseerinstructie>
                     <volgnummer value="1"/>
                     <dosering>
                        <keerdosis>u                                        
                                        <aantal>
                              <vaste_waarde value="1"/>
                           </aantal>
                           <eenheid code="245"
                                    codeSystem="2.16.840.1.113883.2.4.4.1.900.2"
                                    displayName="stuk"/>
                        </keerdosis>
                        <toedieningsschema>
                           <frequentie>
                              <aantal>
                                 <vaste_waarde value="3"/>
                              </aantal>
                              <tijdseenheid value="1" unit="dag"/>
                           </frequentie>
                        </toedieningsschema>
                     </dosering>
                  </doseerinstructie>
               </gebruiksinstructie>
               <lichaamslengte>
                  <lengte_waarde value="155" unit="cm"/>
                  <lengte_datum_tijd value="2018-08-29T09:35:00"/>
               </lichaamslengte>
               <lichaamsgewicht>
                  <gewicht_waarde value="54" unit="kg"/>
                  <gewicht_datum_tijd value="2018-08-29T09:35:00"/>
               </lichaamsgewicht>
               <aanvullende_informatie code="1"
                                       codeSystem="2.16.840.1.113883.2.4.3.11.60.20.77.5.2.14.2050"
                                       displayName="Bewust hoge dosering"/>
               <toelichting value="In overleg met specialist"/>
            </medicatieafspraak>
         </medicamenteuze_behandeling>
      </beschikbaarstellen_medicatieafspraken>
   </data>
</adaxml>
