<?xml version="1.0" encoding="UTF-8"?>
<Observation xmlns="http://hl7.org/fhir">
   <id value="e1fe2df1-0192-11ec-1370-020000000000"/>
   <meta>
      <profile value="http://fhir.nl/fhir/StructureDefinition/nl-core-observation"/>
      <profile value="http://nictiz.nl/fhir/StructureDefinition/zib-ApgarScore"/>
   </meta>
   <status value="final"/>
   <code>
      <coding>
         <system value="2.16.840.1.113883.6.1"/>
         <code value="9272-6"/>
         <display value="1 minute Apgar Score"/>
      </coding>
   </code>
   <subject>
      <reference value="Patient/e1fe2805-0192-11ec-1370-020000000000"/>
      <display value="Jamal J XXX_Kwee"/>
   </subject>
   <valueQuantity>
      <value value="5"/>
   </valueQuantity>
</Observation>
