<?xml version="1.0" encoding="UTF-8"?>
<Organization xmlns="http://hl7.org/fhir">
   <id value="2-16-840-1-113883-2-4-6-106020806"/>
   <meta>
      <profile value="http://fhir.nl/fhir/StructureDefinition/nl-core-organization"/>
   </meta>
   <text>
      <status value="generated"/>
      <div xmlns="http://www.w3.org/1999/xhtml">
         <table>
            <caption>OrganisatieId: 06020806 (AGB-Z)</caption>
            <tbody>
               <tr>
                  <th>Naam</th>
                  <td>Erasmus MC, Sophia kinderziekenhuis</td>
               </tr>
               <tr>
                  <th>Type</th>
                  <td>
                     <span title="Universitair Medisch Centrum (V5 - RoleCodeNL Zorgaanbiedertype)">Universitair Medisch Centrum</span>
                  </td>
               </tr>
               <tr>
                  <th>Adres</th>
                  <td>Dr. Molewaterplein 60, 3015GJ ROTTERDAM (Werk)</td>
               </tr>
            </tbody>
         </table>
      </div>
   </text>
   <identifier>
      <system value="http://fhir.nl/fhir/NamingSystem/agb-z"/>
      <value value="06020806"/>
   </identifier>
   <type>
      <coding>
         <system value="urn:oid:2.16.840.1.113883.2.4.15.1060"/>
         <version value="2020-11-11T00:00:00"/>
         <code value="V5"/>
         <display value="Universitair Medisch Centrum"/>
      </coding>
   </type>
   <name value="Erasmus MC, Sophia kinderziekenhuis"/>
   <address>
      <use value="work"/>
      <line value="Dr. Molewaterplein 60">
         <extension url="http://hl7.org/fhir/StructureDefinition/iso21090-ADXP-streetName">
            <valueString value="Dr. Molewaterplein"/>
         </extension>
         <extension url="http://hl7.org/fhir/StructureDefinition/iso21090-ADXP-houseNumber">
            <valueString value="60"/>
         </extension>
      </line>
      <city value="ROTTERDAM"/>
      <postalCode value="3015GJ"/>
   </address>
</Organization>
