<?xml version="1.0" encoding="UTF-8"?>
<Patient xmlns="http://hl7.org/fhir">
   <id value="e1fe27f6-0192-11ec-1370-020000000000"/>
   <meta>
      <profile value="http://fhir.nl/fhir/StructureDefinition/nl-core-patient"/>
   </meta>
   <text>
      <status value="generated"/>
      <div xmlns="http://www.w3.org/1999/xhtml">
         <div>Jusef J XXX_Kwee, Man, ${DATE, T, D, -5}, Meerling</div>
         <div>Knolweg 1000, 9999XA STITSWERD ()</div>
      </div>
   </text>
   <name>
      <family value="XXX_Kwee">
         <extension url="http://hl7.org/fhir/StructureDefinition/humanname-own-name">
            <valueString value="XXX_Kwee"/>
         </extension>
      </family>
      <given value="Jusef">
         <extension url="http://hl7.org/fhir/StructureDefinition/iso21090-EN-qualifier">
            <valueCode value="BR"/>
         </extension>
      </given>
      <given value="J">
         <extension url="http://hl7.org/fhir/StructureDefinition/iso21090-EN-qualifier">
            <valueCode value="IN"/>
         </extension>
      </given>
   </name>
   <gender value="male"/>
   <birthDate value="${DATE, T, D, -5}"/>
   <address>
      <line value="Knolweg 1000">
         <extension url="http://hl7.org/fhir/StructureDefinition/iso21090-ADXP-streetName">
            <valueString value="Knolweg"/>
         </extension>
         <extension url="http://hl7.org/fhir/StructureDefinition/iso21090-ADXP-houseNumber">
            <valueString value="1000"/>
         </extension>
      </line>
      <city value="STITSWERD"/>
      <postalCode value="9999XA"/>
   </address>
   <multipleBirthInteger value="1"/>
</Patient>
