<?xml version="1.0" encoding="UTF-8"?>
<Observation xmlns="http://hl7.org/fhir">
   <id value="e1fe2e23-0192-11ec-1370-020000000000"/>
   <meta>
      <profile value="http://fhir.nl/fhir/StructureDefinition/nl-core-observation"/>
      <profile value="http://nictiz.nl/fhir/StructureDefinition/zib-BodyWeight"/>
   </meta>
   <extension url="http://nictiz.nl/fhir/StructureDefinition/Observation-focusSTU3">
      <valueReference/>
   </extension>
   <status value="final"/>
   <code>
      <coding>
         <system value="2.16.840.1.113883.6.1"/>
         <code value="29463-7"/>
         <display value="Body weight"/>
      </coding>
   </code>
   <subject>
      <reference value="Patient/JAMILAJXXX-KWEE"/>
      <display value="Jamila J XXX_Kwee"/>
   </subject>
   <context>
      <reference value="Encounter/e1fe2d67-0192-11ec-1370-020000000000"/>
      <display value="prenatale controle T-193D Vrouw2"/>
   </context>
   <effectiveDateTime value="${DATE, T, D, -193}"/>
   <valueQuantity>
      <value value="65"/>
      <unit value="kg"/>
      <system value="http://unitsofmeasure.org"/>
      <code value="kg"/>
   </valueQuantity>
</Observation>
