<?xml version="1.0" encoding="UTF-8"?>
<Condition xmlns="http://hl7.org/fhir">
   <id value="e1fe2dae-0192-11ec-1370-020000000000"/>
   <meta>
      <profile value="http://nictiz.nl/fhir/StructureDefinition/zib-problem"/>
      <profile value="http://nictiz.nl/fhir/StructureDefinition/bc-DisorderOfLaborAndDelivery"/>
   </meta>
   <extension url="http://hl7.org/fhir/StructureDefinition/condition-partOf">
      <valueReference>
         <reference value="Procedure/e1fe2d9f-0192-11ec-1370-020000000000"/>
         <display value="bevalling zwangerschap 1 Vrouw2"/>
      </valueReference>
   </extension>
   <clinicalStatus value="active"/>
   <category>
      <coding>
         <system value="http://snomed.info/sct"/>
         <code value="362972006"/>
         <display value="Disorder of labor / delivery (disorder)"/>
      </coding>
   </category>
   <code>
      <coding>
         <system value="2.16.840.1.113883.6.96"/>
         <code value="15028002"/>
         <display value="liggingsafwijking van foetus (bevinding)"/>
      </coding>
   </code>
   <subject>
      <reference value="Patient/JAMILAJXXX-KWEE"/>
      <display value="Jamila J XXX_Kwee"/>
   </subject>
   <onsetDateTime value="${DATE, T, D, -5}"/>
</Condition>
