<?xml version="1.0" encoding="UTF-8"?>
<Encounter xmlns="http://hl7.org/fhir">
   <id value="e1fe2d8a-0192-11ec-1370-020000000000"/>
   <meta>
      <profile value="http://nictiz.nl/fhir/StructureDefinition/bc-Encounter"/>
      <profile value="http://nictiz.nl/fhir/StructureDefinition/bc-Encounter"/>
   </meta>
   <status value="finished"/>
   <type>
      <coding>
         <system value="http://snomed.info/sct"/>
         <code value="18114009"/>
         <display value="prenataal onderzoek en zorg voor moeder (procedure)"/>
      </coding>
   </type>
   <subject>
      <reference value="Patient/JAMILAJXXX-KWEE"/>
      <display value="Jamila J XXX_Kwee"/>
   </subject>
   <episodeOfCare>
      <reference value="EpisodeOfCare/e1fe13db-0192-11ec-1370-020000000000"/>
      <display value="Zwangerschap 1 Vrouw2"/>
   </episodeOfCare>
   <participant>
      <individual>
         <reference value="Practitioner/2-16-528-1-1007-3-198765432"/>
         <display value="Eduard XXX_Egelinks XXX_Gras"/>
      </individual>
   </participant>
   <period>
      <start value="${DATE, T, D, -76}"/>
   </period>
   <diagnosis>
      <condition>
         <reference value="Condition/e1fe2837-0192-11ec-1370-020000000000"/>
         <display value="Zwangerschap 1 Vrouw2"/>
      </condition>
   </diagnosis>
</Encounter>
