<?xml version="1.0" encoding="UTF-8"?>
<Observation xmlns="http://hl7.org/fhir">
   <id value="e1fe2d80-0192-11ec-1370-020000000000"/>
   <meta>
      <profile value="http://fhir.nl/fhir/StructureDefinition/nl-core-observation"/>
      <profile value="http://nictiz.nl/fhir/StructureDefinition/bc-FetalHeartRate"/>
   </meta>
   <extension url="http://nictiz.nl/fhir/StructureDefinition/Observation-focusSTU3">
      <valueReference>
         <reference value="Condition/e1fe2837-0192-11ec-1370-020000000000"/>
         <display value="Zwangerschap 1 Vrouw2"/>
      </valueReference>
   </extension>
   <status value="final"/>
   <code>
      <coding>
         <system value="2.16.840.1.113883.6.1"/>
         <code value="55283-6"/>
         <display value="Fetal Heart rate"/>
      </coding>
   </code>
   <subject>
      <reference value="Patient/JAMILAJXXX-KWEE"/>
      <display value="Jamila J XXX_Kwee"/>
   </subject>
   <context>
      <reference value="Encounter/e1fe2d67-0192-11ec-1370-020000000000"/>
      <display value="prenatale controle T-193D Vrouw2"/>
   </context>
   <effectiveDateTime value="${DATE, T, D, -193}"/>
   <valueQuantity>
      <value value="181"/>
      <unit value="bpm"/>
      <system value="http://unitsofmeasure.org"/>
      <code value="{bpm}"/>
   </valueQuantity>
   <interpretation>
      <coding>
         <system value="2.16.840.1.113883.6.96"/>
         <code value="278084002"/>
         <display value="normale basishartfrequentie van foetus (bevinding)"/>
      </coding>
   </interpretation>
   <component>
      <code>
         <coding>
            <system value="2.16.840.1.113883.6.96"/>
            <code value="249044008"/>
            <display value="foetaal hartritme (waarneembare entiteit)"/>
         </coding>
      </code>
      <valueCodeableConcept>
         <coding>
            <system value="http://snomed.info/sct"/>
            <code value="289443009"/>
            <display value="regelmatig hartritme van foetus (bevinding)"/>
         </coding>
      </valueCodeableConcept>
   </component>
</Observation>
