<?xml version="1.0" encoding="UTF-8"?>
<Patient xmlns="http://hl7.org/fhir">
   <id value="JAMILAJXXX-KWEE"/>
   <meta>
      <profile value="http://fhir.nl/fhir/StructureDefinition/nl-core-patient"/>
   </meta>
   <text>
      <status value="generated"/>
      <div xmlns="http://www.w3.org/1999/xhtml">
         <div>Jamila J XXX_Kwee, Vrouw, 20 oktober 1985</div>
         <div>Knolweg 1000, 9999XA STITSWERD ()</div>
      </div>
   </text>
   <name>
      <extension url="http://hl7.org/fhir/StructureDefinition/humanname-assembly-order">
         <valueCode value="NL1"/>
      </extension>
      <family value="XXX_Kwee">
         <extension url="http://hl7.org/fhir/StructureDefinition/humanname-own-name">
            <valueString value="XXX_Kwee"/>
         </extension>
      </family>
      <given value="Jamila">
         <extension url="http://hl7.org/fhir/StructureDefinition/iso21090-EN-qualifier">
            <valueCode value="BR"/>
         </extension>
      </given>
      <given value="J">
         <extension url="http://hl7.org/fhir/StructureDefinition/iso21090-EN-qualifier">
            <valueCode value="IN"/>
         </extension>
      </given>
   </name>
   <gender value="female"/>
   <birthDate value="1985-10-20"/>
   <address>
      <line value="Knolweg 1000">
         <extension url="http://hl7.org/fhir/StructureDefinition/iso21090-ADXP-streetName">
            <valueString value="Knolweg"/>
         </extension>
         <extension url="http://hl7.org/fhir/StructureDefinition/iso21090-ADXP-houseNumber">
            <valueString value="1000"/>
         </extension>
      </line>
      <city value="STITSWERD"/>
      <postalCode value="9999XA"/>
   </address>
   <multipleBirthBoolean value="false"/>
</Patient>
