<?xml version="1.0" encoding="UTF-8"?>
<Observation xmlns="http://hl7.org/fhir">
   <id value="e1fe2e2b-0192-11ec-1370-020000000000"/>
   <meta>
      <profile value="http://fhir.nl/fhir/StructureDefinition/nl-core-observation"/>
      <profile value="http://nictiz.nl/fhir/StructureDefinition/zib-BloodPressure"/>
   </meta>
   <extension url="http://nictiz.nl/fhir/StructureDefinition/Observation-focusSTU3">
      <valueReference/>
   </extension>
   <status value="final"/>
   <code>
      <coding>
         <system value="2.16.840.1.113883.6.1"/>
         <code value="85354-9"/>
         <display value="Blood pressure panel with all children optional"/>
      </coding>
   </code>
   <subject>
      <reference value="Patient/JAMILAJXXX-KWEE"/>
      <display value="Jamila J XXX_Kwee"/>
   </subject>
   <effectiveDateTime value="${DATE, T, D, -5}"/>
   <component>
      <code>
         <coding>
            <system value="2.16.840.1.113883.6.1"/>
            <code value="8480-6"/>
            <display value="Systolic blood pressure"/>
         </coding>
      </code>
      <valueQuantity>
         <value value="91"/>
      </valueQuantity>
   </component>
   <component>
      <code>
         <coding>
            <system value="2.16.840.1.113883.6.1"/>
            <code value="8462-4"/>
            <display value="Diastolic blood pressure"/>
         </coding>
      </code>
      <valueQuantity>
         <value value="57"/>
      </valueQuantity>
   </component>
</Observation>
