<?xml version="1.0" encoding="UTF-8"?>
<Observation xmlns="http://hl7.org/fhir">
   <id value="e1fe2d6e-0192-11ec-1370-020000000000"/>
   <meta>
      <profile value="http://fhir.nl/fhir/StructureDefinition/nl-core-observation"/>
      <profile value="http://nictiz.nl/fhir/StructureDefinition/bc-PregnancyObservation"/>
   </meta>
   <extension url="http://nictiz.nl/fhir/StructureDefinition/Observation-focusSTU3">
      <valueReference>
         <reference value="Condition/e1fe2837-0192-11ec-1370-020000000000"/>
         <display value="Zwangerschap 1 Vrouw2"/>
      </valueReference>
   </extension>
   <status value="final"/>
   <code>
      <coding>
         <system value="2.16.840.1.113883.6.96"/>
         <code value="364618000"/>
         <display value="bewegingspatroon van foetus (waarneembare entiteit)"/>
      </coding>
   </code>
   <subject>
      <reference value="Patient/JAMILAJXXX-KWEE"/>
      <display value="Jamila J XXX_Kwee"/>
   </subject>
   <context>
      <reference value="Encounter/e1fe2d67-0192-11ec-1370-020000000000"/>
      <display value="prenatale controle T-193D Vrouw2"/>
   </context>
   <effectiveDateTime value="${DATE, T, D, -193}T13:40:00+02:00"/>
   <valueCodeableConcept>
      <coding>
         <system value="http://snomed.info/sct"/>
         <code value="289431008"/>
         <display value="foetale bewegingen aanwezig (bevinding)"/>
      </coding>
   </valueCodeableConcept>
   <method>
      <coding>
         <system value="2.16.840.1.113883.6.96"/>
         <code value="113011001"/>
         <display value="palpatie (verrichting)"/>
      </coding>
   </method>
</Observation>
