<?xml-stylesheet type="text/xsl" href="../QUPC_IN990002NL-2-BundleGeneralPractitioner.xsl"?>
<QUPC_IN990002NL xmlns:xsi="http://www.w3.org/2001/XMLSchema-instance" xsi:schemaLocation="urn:hl7-org:v3 ../../../../../../Documents/Nictiz/AORTA/branches/Onderhoud_Hwg_v610/XML/schemas/QUPC_IN990002NL.xsd" xmlns="urn:hl7-org:v3" xmlns:sd="urn:hl7-org:sdtc" xmlns:ph="urn:ihe:pharm:medication" xmlns:nl="urn:hl7-nl:v3">
    <id extension="557897dc-4d62-4dc2-bff8-1302c13f9ca2" root="2.16.840.1.113883.2.4.6.6.90000258.1"/>
    <creationTime value="20170621121735"/>
    <versionCode code="NICTIZEd2005-Okt"/>
    <interactionId extension="QUPC_IN990002NL" root="2.16.840.1.113883.1.6"/>
    <profileId extension="810" root="2.16.840.1.113883.2.4.3.11.1"/>
    <processingCode code="P"/>
    <processingModeCode code="T"/>
    <acceptAckCode code="NE"/>
    <acknowledgement typeCode="AA">
        <targetMessage>
            <id extension="7406638587027632" root="2.16.840.1.113883.2.4.6.6.1"/>
        </targetMessage>
    </acknowledgement>
    <receiver>
        <device>
            <id extension="1" root="2.16.840.1.113883.2.4.6.6"/>
        </device>
    </receiver>
    <sender>
        <device>
            <id extension="90000258" root="2.16.840.1.113883.2.4.6.6"/>
        </device>
    </sender>
    <ControlActProcess moodCode="EVN">
        <code code="QUPC_TE990002NL" codeSystem="2.16.840.1.113883.1.18" codeSystemName="Trigger Event Id"/>
        <effectiveTime value="20170621121735"/>
        <authorOrPerformer typeCode="AUT">
            <participant>
                <AssignedDevice>
                    <id extension="900012668" root="2.16.528.1.1007.3.2"/>
                    <id extension="90000258" root="2.16.840.1.113883.2.4.6.6"/>
                    <Organization>
                        <id extension="90000388" root="2.16.528.1.1007.3.3"/>
                        <name>Tést Zorginstelling 04</name>
                    </Organization>
                </AssignedDevice>
            </participant>
        </authorOrPerformer>
        <subject typeCode="SUBJ">
            <PrimaryCareProvision>
                <templateId root="2.16.840.1.113883.2.4.3.11.60.70.10.2"/>
                <id extension="555555914" root="2.16.840.1.113883.2.4.6.6.90000258.2.460320"/>
                <statusCode code="active"/>
                <effectiveTime>
                    <low value="19911230"/>
                </effectiveTime>
                <subject contextControlCode="AP">
                    <Patient>
                        <id extension="555555914" root="2.16.840.1.113883.2.4.6.3"/>
                        <addr use="HP">
                            <streetName>Fleurop</streetName>
                            <houseNumber>22</houseNumber>
                            <postalCode>1256 DC</postalCode>
                            <city>Venlo</city>
                            <country>Nederland</country>
                        </addr>
                        <telecom use="HP" value="tel:+31190531770"/>
                        <statusCode code="active"/>
                        <Person>
                            <name>
                                <given qualifier="IN">A.</given>
                                <family qualifier="BR">Direnç</family>
                            </name>
                            <administrativeGenderCode code="M" codeSystem="2.16.840.1.113883.5.1"/>
                            <birthTime value="19500520"/>
                            <birthplace>
                                <addr>
                                    <city>Venlo</city>
                                    <country>Nederland</country>
                                </addr>
                            </birthplace>
                        </Person>
                    </Patient>
                </subject>
                <author contextControlCode="AP">
                    <AssignedEntity>
                        <id extension="00098765" root="2.16.840.1.113883.2.4.6.1"/>
                        <id extension="900014719" root="2.16.528.1.1007.3.1"/>
                        <code code="01.015" codeSystem="2.16.840.1.113883.2.4.15.111" displayName="Huisarts"/>
                        <telecom use="WP" value="tel:+31434073576"/>
                        <assignedPerson>
                            <name>
                                <family>Huisarts 123</family>
                            </name>
                        </assignedPerson>
                        <Organization>
                            <id extension="90000388" root="2.16.528.1.1007.3.3"/>
                            <name>Tést Zorginstelling 09</name>
                            <telecom use="WP" value="tel:+31434073576"/>
                            <addr use="WP">
                                <streetName>Valkendael 45</streetName>
                                <postalCode>6245 HK</postalCode>
                                <city>Maastricht</city>
                                <country>Nederland</country>
                            </addr>
                        </Organization>
                    </AssignedEntity>
                </author>
                <component7 contextConductionInd="true">
                    <episodeOfCondition>
                        <id extension="525" root="2.16.840.1.113883.2.4.6.6.90000258.4.6"/>
                        <text>Hartkloppingen -paroxysmaal boezemfibrilleren</text>
                        <statusCode code="active"/>
                        <effectiveTime>
                            <low value="20160517"/>
                        </effectiveTime>
                        <component2 contextConductionInd="true">
                            <episodOfCare>
                                <effectiveTime>
                                    <low value="20160517000000"/>
                                    <high value="20160517235959"/>
                                </effectiveTime>
                            </episodOfCare>
                        </component2>
                        <reason contextConductionInd="true">
                            <ObservationDx>
                                <id extension="525" root="2.16.840.1.113883.2.4.6.6.90000258.4.6.1"/>
                                <code code="DISDX" codeSystem="2.16.840.1.113883.5.4"/>
                                <text>Hartkloppingen -paroxysmaal boezemfibrilleren</text>
                                <value code="K78" codeSystem="2.16.840.1.113883.2.4.4.31.1" codeSystemName="ICPC-1-NL" displayName="Boezemfibrilleren/-fladderen"/>
                            </ObservationDx>
                        </reason>
                    </episodeOfCondition>
                </component7>
                <component7 contextConductionInd="true">
                    <episodeOfCondition>
                        <id extension="528" root="2.16.840.1.113883.2.4.6.6.90000258.4.6"/>
                        <text>Tinea pedis</text>
                        <statusCode code="active"/>
                        <effectiveTime>
                            <low value="20161228"/>
                        </effectiveTime>
                        <component2 contextConductionInd="true">
                            <episodOfCare>
                                <effectiveTime>
                                    <low value="20161228000000"/>
                                    <high value="20161228235959"/>
                                </effectiveTime>
                            </episodOfCare>
                        </component2>
                        <reason contextConductionInd="true">
                            <ObservationDx>
                                <id extension="528" root="2.16.840.1.113883.2.4.6.6.90000258.4.6.1"/>
                                <code code="DISDX" codeSystem="2.16.840.1.113883.5.4"/>
                                <text>Tinea pedis</text>
                                <value code="S74.01" codeSystem="2.16.840.1.113883.2.4.4.31.1" codeSystemName="ICPC-1-NL" displayName="Tinea pedis"/>
                            </ObservationDx>
                        </reason>
                    </episodeOfCondition>
                </component7>
                <component7 contextConductionInd="true">
                    <episodeOfCondition>
                        <id extension="529" root="2.16.840.1.113883.2.4.6.6.90000258.4.6"/>
                        <text>Keelpijn</text>
                        <statusCode code="active"/>
                        <effectiveTime>
                            <low value="20170122"/>
                        </effectiveTime>
                        <component2 contextConductionInd="true">
                            <episodOfCare>
                                <effectiveTime>
                                    <low value="20170122"/>
                                    <high value="20170502"/>
                                </effectiveTime>
                                <component>
                                    <actReference moodCode="EVN">
                                        <id extension="5838" root="2.16.840.1.113883.2.4.6.6.90000258.4.2.1"/>
                                    </actReference>
                                </component>
                                <component>
                                    <actReference moodCode="EVN">
                                        <id extension="5838" root="2.16.840.1.113883.2.4.6.6.90000258.4.2.2"/>
                                    </actReference>
                                </component>
                                <component>
                                    <actReference moodCode="EVN">
                                        <id extension="5838" root="2.16.840.1.113883.2.4.6.6.90000258.4.2.3"/>
                                    </actReference>
                                </component>
                                <component>
                                    <actReference moodCode="EVN">
                                        <id extension="5838" root="2.16.840.1.113883.2.4.6.6.90000258.4.2.4"/>
                                    </actReference>
                                </component>
                                <component>
                                    <actReference moodCode="EVN">
                                        <id extension="5843" root="2.16.840.1.113883.2.4.6.6.90000258.4.2.1"/>
                                    </actReference>
                                </component>
                                <component>
                                    <actReference moodCode="EVN">
                                        <id extension="5843" root="2.16.840.1.113883.2.4.6.6.90000258.4.2.2"/>
                                    </actReference>
                                </component>
                                <component>
                                    <actReference moodCode="EVN">
                                        <id extension="5843" root="2.16.840.1.113883.2.4.6.6.90000258.4.2.3"/>
                                    </actReference>
                                </component>
                                <component>
                                    <actReference moodCode="EVN">
                                        <id extension="5843" root="2.16.840.1.113883.2.4.6.6.90000258.4.2.4"/>
                                    </actReference>
                                </component>
                                <component>
                                    <actReference moodCode="EVN">
                                        <id extension="5846" root="2.16.840.1.113883.2.4.6.6.90000258.4.2.1"/>
                                    </actReference>
                                </component>
                                <component>
                                    <actReference moodCode="EVN">
                                        <id extension="5846" root="2.16.840.1.113883.2.4.6.6.90000258.4.2.2"/>
                                    </actReference>
                                </component>
                                <component>
                                    <actReference moodCode="EVN">
                                        <id extension="5846" root="2.16.840.1.113883.2.4.6.6.90000258.4.2.3"/>
                                    </actReference>
                                </component>
                                <component>
                                    <actReference moodCode="EVN">
                                        <id extension="5846" root="2.16.840.1.113883.2.4.6.6.90000258.4.2.4"/>
                                    </actReference>
                                </component>
                            </episodOfCare>
                        </component2>
                        <reason contextConductionInd="true">
                            <ObservationDx>
                                <id extension="529" root="2.16.840.1.113883.2.4.6.6.90000258.4.6.1"/>
                                <code code="DISDX" codeSystem="2.16.840.1.113883.5.4"/>
                                <text>Keelpijn</text>
                                <value code="R21.01" codeSystem="2.16.840.1.113883.2.4.4.31.1" codeSystemName="ICPC-1-NL" displayName="Keelpijn"/>
                            </ObservationDx>
                        </reason>
                    </episodeOfCondition>
                </component7>
                <component7 contextConductionInd="true">
                    <episodeOfCondition>
                        <id extension="530" root="2.16.840.1.113883.2.4.6.6.90000258.4.6"/>
                        <text>Endocarditis profylaxe ivm mitralis insufficiëntie</text>
                        <statusCode code="active"/>
                        <effectiveTime>
                            <low value="20160825"/>
                        </effectiveTime>
                        <component2 contextConductionInd="true">
                            <episodOfCare>
                                <effectiveTime>
                                    <low value="20160825000000"/>
                                    <high value="20160825235959"/>
                                </effectiveTime>
                            </episodOfCare>
                        </component2>
                        <reason contextConductionInd="true">
                            <ObservationDx>
                                <id extension="530" root="2.16.840.1.113883.2.4.6.6.90000258.4.6.1"/>
                                <code code="DISDX" codeSystem="2.16.840.1.113883.5.4"/>
                                <text>Endocarditis profylaxe ivm mitralis insufficiëntie</text>
                                <value code="K70" codeSystem="2.16.840.1.113883.2.4.4.31.1" codeSystemName="ICPC-1-NL" displayName="Infectieziekte hartvaatstelsel"/>
                            </ObservationDx>
                        </reason>
                    </episodeOfCondition>
                </component7>
                <component7 contextConductionInd="true">
                    <episodeOfCondition>
                        <id extension="531" root="2.16.840.1.113883.2.4.6.6.90000258.4.6"/>
                        <text>Astma</text>
                        <statusCode code="active"/>
                        <effectiveTime>
                            <low value="20161203"/>
                        </effectiveTime>
                        <component2 contextConductionInd="true">
                            <episodOfCare>
                                <effectiveTime>
                                    <low value="20161203000000"/>
                                    <high value="20161203235959"/>
                                </effectiveTime>
                            </episodOfCare>
                        </component2>
                        <reason contextConductionInd="true">
                            <ObservationDx>
                                <id extension="531" root="2.16.840.1.113883.2.4.6.6.90000258.4.6.1"/>
                                <code code="DISDX" codeSystem="2.16.840.1.113883.5.4"/>
                                <text>Astma</text>
                                <value code="R96" codeSystem="2.16.840.1.113883.2.4.4.31.1" codeSystemName="ICPC-1-NL" displayName="Astma"/>
                            </ObservationDx>
                        </reason>
                    </episodeOfCondition>
                </component7>
                <component7 contextConductionInd="true">
                    <episodeOfCondition>
                        <id extension="532" root="2.16.840.1.113883.2.4.6.6.90000258.4.6"/>
                        <text>Rughernia</text>
                        <statusCode code="active"/>
                        <effectiveTime>
                            <low value="20170221"/>
                        </effectiveTime>
                        <component2 contextConductionInd="true">
                            <episodOfCare>
                                <effectiveTime>
                                    <low value="20170221"/>
                                    <high value="20170611"/>
                                </effectiveTime>
                                <component>
                                    <actReference moodCode="EVN">
                                        <id extension="5837" root="2.16.840.1.113883.2.4.6.6.90000258.4.2.1"/>
                                    </actReference>
                                </component>
                                <component>
                                    <actReference moodCode="EVN">
                                        <id extension="5837" root="2.16.840.1.113883.2.4.6.6.90000258.4.2.2"/>
                                    </actReference>
                                </component>
                                <component>
                                    <actReference moodCode="EVN">
                                        <id extension="5837" root="2.16.840.1.113883.2.4.6.6.90000258.4.2.3"/>
                                    </actReference>
                                </component>
                                <component>
                                    <actReference moodCode="EVN">
                                        <id extension="5837" root="2.16.840.1.113883.2.4.6.6.90000258.4.2.4"/>
                                    </actReference>
                                </component>
                                <component>
                                    <actReference moodCode="EVN">
                                        <id extension="5839" root="2.16.840.1.113883.2.4.6.6.90000258.4.2.2"/>
                                    </actReference>
                                </component>
                                <component>
                                    <actReference moodCode="EVN">
                                        <id extension="5839" root="2.16.840.1.113883.2.4.6.6.90000258.4.2.3"/>
                                    </actReference>
                                </component>
                                <component>
                                    <actReference moodCode="EVN">
                                        <id extension="5839" root="2.16.840.1.113883.2.4.6.6.90000258.4.2.4"/>
                                    </actReference>
                                </component>
                                <component>
                                    <actReference moodCode="EVN">
                                        <id extension="5840" root="2.16.840.1.113883.2.4.6.6.90000258.4.2.1"/>
                                    </actReference>
                                </component>
                                <component>
                                    <actReference moodCode="EVN">
                                        <id extension="5840" root="2.16.840.1.113883.2.4.6.6.90000258.4.2.2"/>
                                    </actReference>
                                </component>
                                <component>
                                    <actReference moodCode="EVN">
                                        <id extension="5840" root="2.16.840.1.113883.2.4.6.6.90000258.4.2.3"/>
                                    </actReference>
                                </component>
                                <component>
                                    <actReference moodCode="EVN">
                                        <id extension="5840" root="2.16.840.1.113883.2.4.6.6.90000258.4.2.4"/>
                                    </actReference>
                                </component>
                                <component>
                                    <actReference moodCode="EVN">
                                        <id extension="5841" root="2.16.840.1.113883.2.4.6.6.90000258.4.2.1"/>
                                    </actReference>
                                </component>
                                <component>
                                    <actReference moodCode="EVN">
                                        <id extension="5841" root="2.16.840.1.113883.2.4.6.6.90000258.4.2.3"/>
                                    </actReference>
                                </component>
                                <component>
                                    <actReference moodCode="EVN">
                                        <id extension="5841" root="2.16.840.1.113883.2.4.6.6.90000258.4.2.4"/>
                                    </actReference>
                                </component>
                                <component>
                                    <actReference moodCode="EVN">
                                        <id extension="5845" root="2.16.840.1.113883.2.4.6.6.90000258.4.2.1"/>
                                    </actReference>
                                </component>
                                <component>
                                    <actReference moodCode="EVN">
                                        <id extension="5845" root="2.16.840.1.113883.2.4.6.6.90000258.4.2.3"/>
                                    </actReference>
                                </component>
                                <component>
                                    <actReference moodCode="EVN">
                                        <id extension="5845" root="2.16.840.1.113883.2.4.6.6.90000258.4.2.4"/>
                                    </actReference>
                                </component>
                                <component>
                                    <actReference moodCode="EVN">
                                        <id extension="5847" root="2.16.840.1.113883.2.4.6.6.90000258.4.2.1"/>
                                    </actReference>
                                </component>
                                <component>
                                    <actReference moodCode="EVN">
                                        <id extension="5847" root="2.16.840.1.113883.2.4.6.6.90000258.4.2.3"/>
                                    </actReference>
                                </component>
                            </episodOfCare>
                        </component2>
                        <reason contextConductionInd="true">
                            <ObservationDx>
                                <id extension="532" root="2.16.840.1.113883.2.4.6.6.90000258.4.6.1"/>
                                <code code="DISDX" codeSystem="2.16.840.1.113883.5.4"/>
                                <text>Rughernia</text>
                                <value code="L86.01" codeSystem="2.16.840.1.113883.2.4.4.31.1" codeSystemName="ICPC-1-NL" displayName="HNP (thoracaal/lumbaal)"/>
                            </ObservationDx>
                        </reason>
                    </episodeOfCondition>
                </component7>
                <component1>
                    <encounter>
                        <id extension="5837" root="2.16.840.1.113883.2.4.6.6.90000258.4.1"/>
                        <code code="03" codeSystem="2.16.840.1.113883.2.4.4.30.14" codeSystemName="Soort contact" displayName="consult"/>
                        <effectiveTime>
                            <low value="201706111100"/>
                            <high value="201706111102"/>
                        </effectiveTime>
                        <author contextControlCode="OP">
                            <AssignedPerson>
                                <id extension="00098765" root="2.16.840.1.113883.2.4.6.1"/>
                                <id extension="900014719" root="2.16.528.1.1007.3.1"/>
                                <code code="01.015" codeSystem="2.16.840.1.113883.2.4.15.111" displayName="Huisarts"/>
                                <Organization>
                                    <id extension="90000388" root="2.16.528.1.1007.3.3"/>
                                    <name>Tést Zorginstelling 09</name>
                                    <telecom use="WP" value="tel:+31434073576"/>
                                    <addr use="WP">
                                        <streetName>Valkendael 45</streetName>
                                        <postalCode>6245 HK</postalCode>
                                        <city>Maastricht</city>
                                        <country>Nederland</country>
                                    </addr>
                                </Organization>
                            </AssignedPerson>
                        </author>
                        <component contextConductionInd="true">
                            <sequenceNumber value="2"/>
                            <JournalEntry>
                                <id extension="5837" root="2.16.840.1.113883.2.4.6.6.90000258.4.2.1"/>
                                <code code="S" codeSystem="2.16.840.1.113883.2.4.4.32.2" codeSystemName="Journaalregeltypen" displayName="S"/>
                                <value>Voelt zich beter, maar het is nog erg stijf</value>
                            </JournalEntry>
                        </component>
                        <component contextConductionInd="true">
                            <sequenceNumber value="2"/>
                            <JournalEntry>
                                <id extension="5837" root="2.16.840.1.113883.2.4.6.6.90000258.4.2.2"/>
                                <code code="O" codeSystem="2.16.840.1.113883.2.4.4.32.2" codeSystemName="Journaalregeltypen" displayName="O"/>
                                <value>Cesar heeft positieve uitwerking.</value>
                            </JournalEntry>
                        </component>
                        <component contextConductionInd="true">
                            <sequenceNumber value="2"/>
                            <JournalEntry>
                                <id extension="5837" root="2.16.840.1.113883.2.4.6.6.90000258.4.2.3"/>
                                <code code="E" codeSystem="2.16.840.1.113883.2.4.4.32.2" codeSystemName="Journaalregeltypen" displayName="E"/>
                                <value>HNP</value>
                            </JournalEntry>
                        </component>
                        <component contextConductionInd="true">
                            <sequenceNumber value="2"/>
                            <JournalEntry>
                                <id extension="5837" root="2.16.840.1.113883.2.4.6.6.90000258.4.2.4"/>
                                <code code="P" codeSystem="2.16.840.1.113883.2.4.4.32.2" codeSystemName="Journaalregeltypen" displayName="P"/>
                                <value>Nogmaals verwijzing Cesar</value>
                            </JournalEntry>
                        </component>
                        <component contextConductionInd="true">
                            <sequenceNumber value="2"/>
                            <ObservationDx>
                                <id extension="5837" root="2.16.840.1.113883.2.4.6.6.90000258.4.3"/>
                                <code code="DISDX" codeSystem="2.16.840.1.113883.5.4"/>
                                <value code="L86.01" codeSystem="2.16.840.1.113883.2.4.4.31.1" codeSystemName="ICPC-1-NL" displayName="HNP (thoracaal/lumbaal)"/>
                                <author>
                                    <AssignedPerson>
                                        <id extension="00098765" root="2.16.840.1.113883.2.4.6.1"/>
                                        <id extension="900014719" root="2.16.528.1.1007.3.1"/>
                                    </AssignedPerson>
                                </author>
                            </ObservationDx>
                        </component>
                    </encounter>
                </component1>
                <component1>
                    <encounter>
                        <id extension="5838" root="2.16.840.1.113883.2.4.6.6.90000258.4.1"/>
                        <code code="03" codeSystem="2.16.840.1.113883.2.4.4.30.14" codeSystemName="Soort contact" displayName="consult"/>
                        <effectiveTime>
                            <low value="201705021102"/>
                            <high value="201705021105"/>
                        </effectiveTime>
                        <author contextControlCode="OP">
                            <AssignedPerson>
                                <id extension="00098765" root="2.16.840.1.113883.2.4.6.1"/>
                                <id extension="900014719" root="2.16.528.1.1007.3.1"/>
                                <code code="01.015" codeSystem="2.16.840.1.113883.2.4.15.111" displayName="Huisarts"/>
                                <Organization>
                                    <id extension="90000388" root="2.16.528.1.1007.3.3"/>
                                    <name>Tést Zorginstelling 09</name>
                                    <telecom use="WP" value="tel:+31434073576"/>
                                    <addr use="WP">
                                        <streetName>Valkendael 45</streetName>
                                        <postalCode>6245 HK</postalCode>
                                        <city>Maastricht</city>
                                        <country>Nederland</country>
                                    </addr>
                                </Organization>
                            </AssignedPerson>
                        </author>
                        <component contextConductionInd="true">
                            <sequenceNumber value="1"/>
                            <JournalEntry>
                                <id extension="5838" root="2.16.840.1.113883.2.4.6.6.90000258.4.2.1"/>
                                <code code="S" codeSystem="2.16.840.1.113883.2.4.4.32.2" codeSystemName="Journaalregeltypen" displayName="S"/>
                                <value>Meer dan een maand geleden ook geweest ivm keelpijn, echter vergeten te bellen over de uitslag. Nu toch weer pijn</value>
                            </JournalEntry>
                        </component>
                        <component contextConductionInd="true">
                            <sequenceNumber value="1"/>
                            <JournalEntry>
                                <id extension="5838" root="2.16.840.1.113883.2.4.6.6.90000258.4.2.2"/>
                                <code code="O" codeSystem="2.16.840.1.113883.2.4.4.32.2" codeSystemName="Journaalregeltypen" displayName="O"/>
                                <value>Geen koorts, niet ziek. Keel:gb. Uitslag telling geen afwijking.</value>
                            </JournalEntry>
                        </component>
                        <component contextConductionInd="true">
                            <sequenceNumber value="1"/>
                            <JournalEntry>
                                <id extension="5838" root="2.16.840.1.113883.2.4.6.6.90000258.4.2.3"/>
                                <code code="E" codeSystem="2.16.840.1.113883.2.4.4.32.2" codeSystemName="Journaalregeltypen" displayName="E"/>
                                <value>Keelpijn eci.</value>
                            </JournalEntry>
                        </component>
                        <component contextConductionInd="true">
                            <sequenceNumber value="1"/>
                            <JournalEntry>
                                <id extension="5838" root="2.16.840.1.113883.2.4.6.6.90000258.4.2.4"/>
                                <code code="P" codeSystem="2.16.840.1.113883.2.4.4.32.2" codeSystemName="Journaalregeltypen" displayName="P"/>
                                <value>Bezoek brengen aan de tandarts, wellicht zit er daar iets.</value>
                            </JournalEntry>
                        </component>
                        <component contextConductionInd="true">
                            <sequenceNumber value="1"/>
                            <ObservationDx>
                                <id extension="5838" root="2.16.840.1.113883.2.4.6.6.90000258.4.3"/>
                                <code code="DISDX" codeSystem="2.16.840.1.113883.5.4"/>
                                <value code="R21.01" codeSystem="2.16.840.1.113883.2.4.4.31.1" codeSystemName="ICPC-1-NL" displayName="Keelpijn"/>
                                <author>
                                    <AssignedPerson>
                                        <id extension="00098765" root="2.16.840.1.113883.2.4.6.1"/>
                                        <id extension="900014719" root="2.16.528.1.1007.3.1"/>
                                    </AssignedPerson>
                                </author>
                            </ObservationDx>
                        </component>
                    </encounter>
                </component1>
                <component1>
                    <encounter>
                        <id extension="5839" root="2.16.840.1.113883.2.4.6.6.90000258.4.1"/>
                        <code code="03" codeSystem="2.16.840.1.113883.2.4.4.30.14" codeSystemName="Soort contact" displayName="consult"/>
                        <effectiveTime>
                            <low value="201705021105"/>
                            <high value="201705021116"/>
                        </effectiveTime>
                        <author contextControlCode="OP">
                            <AssignedPerson>
                                <id extension="00098765" root="2.16.840.1.113883.2.4.6.1"/>
                                <id extension="900014719" root="2.16.528.1.1007.3.1"/>
                                <code code="01.015" codeSystem="2.16.840.1.113883.2.4.15.111" displayName="Huisarts"/>
                                <Organization>
                                    <id extension="90000388" root="2.16.528.1.1007.3.3"/>
                                    <name>Tést Zorginstelling 09</name>
                                    <telecom use="WP" value="tel:+31434073576"/>
                                    <addr use="WP">
                                        <streetName>Valkendael 45</streetName>
                                        <postalCode>6245 HK</postalCode>
                                        <city>Maastricht</city>
                                        <country>Nederland</country>
                                    </addr>
                                </Organization>
                            </AssignedPerson>
                        </author>
                        <component contextConductionInd="true">
                            <sequenceNumber value="2"/>
                            <JournalEntry>
                                <id extension="5839" root="2.16.840.1.113883.2.4.6.6.90000258.4.2.2"/>
                                <code code="O" codeSystem="2.16.840.1.113883.2.4.4.32.2" codeSystemName="Journaalregeltypen" displayName="O"/>
                                <value>Op de CT scan duidelijke uitstulping van L02</value>
                            </JournalEntry>
                        </component>
                        <component contextConductionInd="true">
                            <sequenceNumber value="2"/>
                            <JournalEntry>
                                <id extension="5839" root="2.16.840.1.113883.2.4.6.6.90000258.4.2.3"/>
                                <code code="E" codeSystem="2.16.840.1.113883.2.4.4.32.2" codeSystemName="Journaalregeltypen" displayName="E"/>
                                <value>HNP</value>
                            </JournalEntry>
                        </component>
                        <component contextConductionInd="true">
                            <sequenceNumber value="2"/>
                            <JournalEntry>
                                <id extension="5839" root="2.16.840.1.113883.2.4.6.6.90000258.4.2.4"/>
                                <code code="P" codeSystem="2.16.840.1.113883.2.4.4.32.2" codeSystemName="Journaalregeltypen" displayName="P"/>
                                <value>Patiënt geïnformeerd, ziet het nog even aan.</value>
                            </JournalEntry>
                        </component>
                        <component contextConductionInd="true">
                            <sequenceNumber value="2"/>
                            <ObservationDx>
                                <id extension="5839" root="2.16.840.1.113883.2.4.6.6.90000258.4.3"/>
                                <code code="DISDX" codeSystem="2.16.840.1.113883.5.4"/>
                                <value code="L86.01" codeSystem="2.16.840.1.113883.2.4.4.31.1" codeSystemName="ICPC-1-NL" displayName="HNP (thoracaal/lumbaal)"/>
                                <author>
                                    <AssignedPerson>
                                        <id extension="00098765" root="2.16.840.1.113883.2.4.6.1"/>
                                        <id extension="900014719" root="2.16.528.1.1007.3.1"/>
                                    </AssignedPerson>
                                </author>
                            </ObservationDx>
                        </component>
                    </encounter>
                </component1>
                <component1>
                    <encounter>
                        <id extension="5840" root="2.16.840.1.113883.2.4.6.6.90000258.4.1"/>
                        <code code="03" codeSystem="2.16.840.1.113883.2.4.4.30.14" codeSystemName="Soort contact" displayName="consult"/>
                        <effectiveTime>
                            <low value="201704221118"/>
                            <high value="201704221120"/>
                        </effectiveTime>
                        <author contextControlCode="OP">
                            <AssignedPerson>
                                <id extension="00098765" root="2.16.840.1.113883.2.4.6.1"/>
                                <id extension="900014719" root="2.16.528.1.1007.3.1"/>
                                <code code="01.015" codeSystem="2.16.840.1.113883.2.4.15.111" displayName="Huisarts"/>
                                <Organization>
                                    <id extension="90000388" root="2.16.528.1.1007.3.3"/>
                                    <name>Tést Zorginstelling 09</name>
                                    <telecom use="WP" value="tel:+31434073576"/>
                                    <addr use="WP">
                                        <streetName>Valkendael 45</streetName>
                                        <postalCode>6245 HK</postalCode>
                                        <city>Maastricht</city>
                                        <country>Nederland</country>
                                    </addr>
                                </Organization>
                            </AssignedPerson>
                        </author>
                        <component contextConductionInd="true">
                            <sequenceNumber value="1"/>
                            <JournalEntry>
                                <id extension="5840" root="2.16.840.1.113883.2.4.6.6.90000258.4.2.1"/>
                                <code code="S" codeSystem="2.16.840.1.113883.2.4.4.32.2" codeSystemName="Journaalregeltypen" displayName="S"/>
                                <value>Is inmiddels al bijna 3 maanden bezig en het wordt niet beter. Heeft nu ook last van uitstraling.</value>
                            </JournalEntry>
                        </component>
                        <component contextConductionInd="true">
                            <sequenceNumber value="1"/>
                            <JournalEntry>
                                <id extension="5840" root="2.16.840.1.113883.2.4.6.6.90000258.4.2.2"/>
                                <code code="O" codeSystem="2.16.840.1.113883.2.4.4.32.2" codeSystemName="Journaalregeltypen" displayName="O"/>
                                <value>De klachten zijn helder, scherpe pijn, branderig gevoel in li been</value>
                            </JournalEntry>
                        </component>
                        <component contextConductionInd="true">
                            <sequenceNumber value="1"/>
                            <JournalEntry>
                                <id extension="5840" root="2.16.840.1.113883.2.4.6.6.90000258.4.2.3"/>
                                <code code="E" codeSystem="2.16.840.1.113883.2.4.4.32.2" codeSystemName="Journaalregeltypen" displayName="E"/>
                                <value>HNP</value>
                            </JournalEntry>
                        </component>
                        <component contextConductionInd="true">
                            <sequenceNumber value="1"/>
                            <JournalEntry>
                                <id extension="5840" root="2.16.840.1.113883.2.4.6.6.90000258.4.2.4"/>
                                <code code="P" codeSystem="2.16.840.1.113883.2.4.4.32.2" codeSystemName="Journaalregeltypen" displayName="P"/>
                                <value>Scan laten maken, afspraak gepland.</value>
                            </JournalEntry>
                        </component>
                        <component contextConductionInd="true">
                            <sequenceNumber value="1"/>
                            <ObservationDx>
                                <id extension="5840" root="2.16.840.1.113883.2.4.6.6.90000258.4.3"/>
                                <code code="DISDX" codeSystem="2.16.840.1.113883.5.4"/>
                                <value code="L86.01" codeSystem="2.16.840.1.113883.2.4.4.31.1" codeSystemName="ICPC-1-NL" displayName="HNP (thoracaal/lumbaal)"/>
                                <author>
                                    <AssignedPerson>
                                        <id extension="00098765" root="2.16.840.1.113883.2.4.6.1"/>
                                        <id extension="900014719" root="2.16.528.1.1007.3.1"/>
                                    </AssignedPerson>
                                </author>
                            </ObservationDx>
                        </component>
                    </encounter>
                </component1>
                <component1>
                    <encounter>
                        <id extension="5841" root="2.16.840.1.113883.2.4.6.6.90000258.4.1"/>
                        <code code="03" codeSystem="2.16.840.1.113883.2.4.4.30.14" codeSystemName="Soort contact" displayName="consult"/>
                        <effectiveTime>
                            <low value="201704021122"/>
                            <high value="201704021128"/>
                        </effectiveTime>
                        <author contextControlCode="OP">
                            <AssignedPerson>
                                <id extension="00098765" root="2.16.840.1.113883.2.4.6.1"/>
                                <id extension="900014719" root="2.16.528.1.1007.3.1"/>
                                <code code="01.015" codeSystem="2.16.840.1.113883.2.4.15.111" displayName="Huisarts"/>
                                <Organization>
                                    <id extension="90000388" root="2.16.528.1.1007.3.3"/>
                                    <name>Tést Zorginstelling 09</name>
                                    <telecom use="WP" value="tel:+31434073576"/>
                                    <addr use="WP">
                                        <streetName>Valkendael 45</streetName>
                                        <postalCode>6245 HK</postalCode>
                                        <city>Maastricht</city>
                                        <country>Nederland</country>
                                    </addr>
                                </Organization>
                            </AssignedPerson>
                        </author>
                        <component contextConductionInd="true">
                            <sequenceNumber value="1"/>
                            <JournalEntry>
                                <id extension="5841" root="2.16.840.1.113883.2.4.6.6.90000258.4.2.1"/>
                                <code code="S" codeSystem="2.16.840.1.113883.2.4.4.32.2" codeSystemName="Journaalregeltypen" displayName="S"/>
                                <value>Nog steeds last.</value>
                            </JournalEntry>
                        </component>
                        <component contextConductionInd="true">
                            <sequenceNumber value="1"/>
                            <JournalEntry>
                                <id extension="5841" root="2.16.840.1.113883.2.4.6.6.90000258.4.2.3"/>
                                <code code="E" codeSystem="2.16.840.1.113883.2.4.4.32.2" codeSystemName="Journaalregeltypen" displayName="E"/>
                                <value>Lage rugpijn</value>
                            </JournalEntry>
                        </component>
                        <component contextConductionInd="true">
                            <sequenceNumber value="1"/>
                            <JournalEntry>
                                <id extension="5841" root="2.16.840.1.113883.2.4.6.6.90000258.4.2.4"/>
                                <code code="P" codeSystem="2.16.840.1.113883.2.4.4.32.2" codeSystemName="Journaalregeltypen" displayName="P"/>
                                <value>cesar of mensendieck. verwijzing aangemaakt</value>
                            </JournalEntry>
                        </component>
                        <component contextConductionInd="true">
                            <sequenceNumber value="1"/>
                            <ObservationDx>
                                <id extension="5841" root="2.16.840.1.113883.2.4.6.6.90000258.4.3"/>
                                <code code="DISDX" codeSystem="2.16.840.1.113883.5.4"/>
                                <value code="L03" codeSystem="2.16.840.1.113883.2.4.4.31.1" codeSystemName="ICPC-1-NL" displayName="Lage-rugpijn zonder uitstraling [ex. L86]"/>
                                <author>
                                    <AssignedPerson>
                                        <id extension="00098765" root="2.16.840.1.113883.2.4.6.1"/>
                                        <id extension="900014719" root="2.16.528.1.1007.3.1"/>
                                    </AssignedPerson>
                                </author>
                            </ObservationDx>
                        </component>
                    </encounter>
                </component1>
                <component1>
                    <encounter>
                        <id extension="5842" root="2.16.840.1.113883.2.4.6.6.90000258.4.1"/>
                        <code code="03" codeSystem="2.16.840.1.113883.2.4.4.30.14" codeSystemName="Soort contact" displayName="consult"/>
                        <effectiveTime>
                            <low value="201704021311"/>
                            <high value="201704021313"/>
                        </effectiveTime>
                        <author contextControlCode="OP">
                            <AssignedPerson>
                                <id extension="00098765" root="2.16.840.1.113883.2.4.6.1"/>
                                <id extension="900014719" root="2.16.528.1.1007.3.1"/>
                                <code code="01.015" codeSystem="2.16.840.1.113883.2.4.15.111" displayName="Huisarts"/>
                                <Organization>
                                    <id extension="90000388" root="2.16.528.1.1007.3.3"/>
                                    <name>Tést Zorginstelling 09</name>
                                    <telecom use="WP" value="tel:+31434073576"/>
                                    <addr use="WP">
                                        <streetName>Valkendael 45</streetName>
                                        <postalCode>6245 HK</postalCode>
                                        <city>Maastricht</city>
                                        <country>Nederland</country>
                                    </addr>
                                </Organization>
                            </AssignedPerson>
                        </author>
                        <component contextConductionInd="true">
                            <sequenceNumber value="2"/>
                            <JournalEntry>
                                <id extension="5842" root="2.16.840.1.113883.2.4.6.6.90000258.4.2.4"/>
                                <code code="P" codeSystem="2.16.840.1.113883.2.4.4.32.2" codeSystemName="Journaalregeltypen" displayName="P"/>
                                <value>medicatie</value>
                            </JournalEntry>
                        </component>
                    </encounter>
                </component1>
                <component1>
                    <encounter>
                        <id extension="5843" root="2.16.840.1.113883.2.4.6.6.90000258.4.1"/>
                        <code code="03" codeSystem="2.16.840.1.113883.2.4.4.30.14" codeSystemName="Soort contact" displayName="consult"/>
                        <effectiveTime>
                            <low value="201703231128"/>
                            <high value="201703231131"/>
                        </effectiveTime>
                        <author contextControlCode="OP">
                            <AssignedPerson>
                                <id extension="00098765" root="2.16.840.1.113883.2.4.6.1"/>
                                <id extension="900014719" root="2.16.528.1.1007.3.1"/>
                                <code code="01.015" codeSystem="2.16.840.1.113883.2.4.15.111" displayName="Huisarts"/>
                                <Organization>
                                    <id extension="90000388" root="2.16.528.1.1007.3.3"/>
                                    <name>Tést Zorginstelling 09</name>
                                    <telecom use="WP" value="tel:+31434073576"/>
                                    <addr use="WP">
                                        <streetName>Valkendael 45</streetName>
                                        <postalCode>6245 HK</postalCode>
                                        <city>Maastricht</city>
                                        <country>Nederland</country>
                                    </addr>
                                </Organization>
                            </AssignedPerson>
                        </author>
                        <component contextConductionInd="true">
                            <sequenceNumber value="1"/>
                            <JournalEntry>
                                <id extension="5843" root="2.16.840.1.113883.2.4.6.6.90000258.4.2.1"/>
                                <code code="S" codeSystem="2.16.840.1.113883.2.4.4.32.2" codeSystemName="Journaalregeltypen" displayName="S"/>
                                <value>Weer terug de keelpijn, nu wel ziek en lichte verhoging</value>
                            </JournalEntry>
                        </component>
                        <component contextConductionInd="true">
                            <sequenceNumber value="1"/>
                            <JournalEntry>
                                <id extension="5843" root="2.16.840.1.113883.2.4.6.6.90000258.4.2.2"/>
                                <code code="O" codeSystem="2.16.840.1.113883.2.4.4.32.2" codeSystemName="Journaalregeltypen" displayName="O"/>
                                <value>Geen koorts, Keel: lichte aanslag</value>
                            </JournalEntry>
                        </component>
                        <component contextConductionInd="true">
                            <sequenceNumber value="1"/>
                            <JournalEntry>
                                <id extension="5843" root="2.16.840.1.113883.2.4.6.6.90000258.4.2.3"/>
                                <code code="E" codeSystem="2.16.840.1.113883.2.4.4.32.2" codeSystemName="Journaalregeltypen" displayName="E"/>
                                <value>Keelpijn eci.</value>
                            </JournalEntry>
                        </component>
                        <component contextConductionInd="true">
                            <sequenceNumber value="1"/>
                            <JournalEntry>
                                <id extension="5843" root="2.16.840.1.113883.2.4.6.6.90000258.4.2.4"/>
                                <code code="P" codeSystem="2.16.840.1.113883.2.4.4.32.2" codeSystemName="Journaalregeltypen" displayName="P"/>
                                <value>Kweek van aanslag keel</value>
                            </JournalEntry>
                        </component>
                        <component contextConductionInd="true">
                            <sequenceNumber value="1"/>
                            <ObservationDx>
                                <id extension="5843" root="2.16.840.1.113883.2.4.6.6.90000258.4.3"/>
                                <code code="DISDX" codeSystem="2.16.840.1.113883.5.4"/>
                                <value code="R21.01" codeSystem="2.16.840.1.113883.2.4.4.31.1" codeSystemName="ICPC-1-NL" displayName="Keelpijn"/>
                                <author>
                                    <AssignedPerson>
                                        <id extension="00098765" root="2.16.840.1.113883.2.4.6.1"/>
                                        <id extension="900014719" root="2.16.528.1.1007.3.1"/>
                                    </AssignedPerson>
                                </author>
                            </ObservationDx>
                        </component>
                    </encounter>
                </component1>
                <component1>
                    <encounter>
                        <id extension="5844" root="2.16.840.1.113883.2.4.6.6.90000258.4.1"/>
                        <code code="03" codeSystem="2.16.840.1.113883.2.4.4.30.14" codeSystemName="Soort contact" displayName="consult"/>
                        <effectiveTime>
                            <low value="201703231133"/>
                            <high value="201703231136"/>
                        </effectiveTime>
                        <author contextControlCode="OP">
                            <AssignedPerson>
                                <id extension="00098765" root="2.16.840.1.113883.2.4.6.1"/>
                                <id extension="900014719" root="2.16.528.1.1007.3.1"/>
                                <code code="01.015" codeSystem="2.16.840.1.113883.2.4.15.111" displayName="Huisarts"/>
                                <Organization>
                                    <id extension="90000388" root="2.16.528.1.1007.3.3"/>
                                    <name>Tést Zorginstelling 09</name>
                                    <telecom use="WP" value="tel:+31434073576"/>
                                    <addr use="WP">
                                        <streetName>Valkendael 45</streetName>
                                        <postalCode>6245 HK</postalCode>
                                        <city>Maastricht</city>
                                        <country>Nederland</country>
                                    </addr>
                                </Organization>
                            </AssignedPerson>
                        </author>
                        <component contextConductionInd="true">
                            <sequenceNumber value="2"/>
                            <JournalEntry>
                                <id extension="5844" root="2.16.840.1.113883.2.4.6.6.90000258.4.2.1"/>
                                <code code="S" codeSystem="2.16.840.1.113883.2.4.4.32.2" codeSystemName="Journaalregeltypen" displayName="S"/>
                                <value>In eerste instantie na warme eten enige uren pijn in bovenbuik. Niet misselijk, opboeren soms, opgeblazen gevoel.</value>
                            </JournalEntry>
                        </component>
                        <component contextConductionInd="true">
                            <sequenceNumber value="2"/>
                            <JournalEntry>
                                <id extension="5844" root="2.16.840.1.113883.2.4.6.6.90000258.4.2.2"/>
                                <code code="O" codeSystem="2.16.840.1.113883.2.4.4.32.2" codeSystemName="Journaalregeltypen" displayName="O"/>
                                <value>Maagstreek gevoelig, overig gb.</value>
                            </JournalEntry>
                        </component>
                        <component contextConductionInd="true">
                            <sequenceNumber value="2"/>
                            <JournalEntry>
                                <id extension="5844" root="2.16.840.1.113883.2.4.6.6.90000258.4.2.3"/>
                                <code code="E" codeSystem="2.16.840.1.113883.2.4.4.32.2" codeSystemName="Journaalregeltypen" displayName="E"/>
                                <value>Maag/duodenum problemen?</value>
                            </JournalEntry>
                        </component>
                        <component contextConductionInd="true">
                            <sequenceNumber value="2"/>
                            <ObservationDx>
                                <id extension="5844" root="2.16.840.1.113883.2.4.6.6.90000258.4.3"/>
                                <code code="DISDX" codeSystem="2.16.840.1.113883.5.4"/>
                                <value code="D02" codeSystem="2.16.840.1.113883.2.4.4.31.1" codeSystemName="ICPC-1-NL" displayName="Maagpijn"/>
                                <author>
                                    <AssignedPerson>
                                        <id extension="00098765" root="2.16.840.1.113883.2.4.6.1"/>
                                        <id extension="900014719" root="2.16.528.1.1007.3.1"/>
                                    </AssignedPerson>
                                </author>
                            </ObservationDx>
                        </component>
                    </encounter>
                </component1>
                <component1>
                    <encounter>
                        <id extension="5845" root="2.16.840.1.113883.2.4.6.6.90000258.4.1"/>
                        <code code="03" codeSystem="2.16.840.1.113883.2.4.4.30.14" codeSystemName="Soort contact" displayName="consult"/>
                        <effectiveTime>
                            <low value="201703131138"/>
                            <high value="201703131141"/>
                        </effectiveTime>
                        <author contextControlCode="OP">
                            <AssignedPerson>
                                <id extension="00098765" root="2.16.840.1.113883.2.4.6.1"/>
                                <id extension="900014719" root="2.16.528.1.1007.3.1"/>
                                <code code="01.015" codeSystem="2.16.840.1.113883.2.4.15.111" displayName="Huisarts"/>
                                <Organization>
                                    <id extension="90000388" root="2.16.528.1.1007.3.3"/>
                                    <name>Tést Zorginstelling 09</name>
                                    <telecom use="WP" value="tel:+31434073576"/>
                                    <addr use="WP">
                                        <streetName>Valkendael 45</streetName>
                                        <postalCode>6245 HK</postalCode>
                                        <city>Maastricht</city>
                                        <country>Nederland</country>
                                    </addr>
                                </Organization>
                            </AssignedPerson>
                        </author>
                        <component contextConductionInd="true">
                            <sequenceNumber value="1"/>
                            <JournalEntry>
                                <id extension="5845" root="2.16.840.1.113883.2.4.6.6.90000258.4.2.1"/>
                                <code code="S" codeSystem="2.16.840.1.113883.2.4.4.32.2" codeSystemName="Journaalregeltypen" displayName="S"/>
                                <value>Nog steeds last.</value>
                            </JournalEntry>
                        </component>
                        <component contextConductionInd="true">
                            <sequenceNumber value="1"/>
                            <JournalEntry>
                                <id extension="5845" root="2.16.840.1.113883.2.4.6.6.90000258.4.2.3"/>
                                <code code="E" codeSystem="2.16.840.1.113883.2.4.4.32.2" codeSystemName="Journaalregeltypen" displayName="E"/>
                                <value>Lage rugpijn</value>
                            </JournalEntry>
                        </component>
                        <component contextConductionInd="true">
                            <sequenceNumber value="1"/>
                            <JournalEntry>
                                <id extension="5845" root="2.16.840.1.113883.2.4.6.6.90000258.4.2.4"/>
                                <code code="P" codeSystem="2.16.840.1.113883.2.4.4.32.2" codeSystemName="Journaalregeltypen" displayName="P"/>
                                <value>cesar of mensendieck.</value>
                            </JournalEntry>
                        </component>
                        <component contextConductionInd="true">
                            <sequenceNumber value="1"/>
                            <ObservationDx>
                                <id extension="5845" root="2.16.840.1.113883.2.4.6.6.90000258.4.3"/>
                                <code code="DISDX" codeSystem="2.16.840.1.113883.5.4"/>
                                <value code="L03" codeSystem="2.16.840.1.113883.2.4.4.31.1" codeSystemName="ICPC-1-NL" displayName="Lage-rugpijn zonder uitstraling [ex. L86]"/>
                                <author>
                                    <AssignedPerson>
                                        <id extension="00098765" root="2.16.840.1.113883.2.4.6.1"/>
                                        <id extension="900014719" root="2.16.528.1.1007.3.1"/>
                                    </AssignedPerson>
                                </author>
                            </ObservationDx>
                        </component>
                    </encounter>
                </component1>
                <component1>
                    <encounter>
                        <id extension="5846" root="2.16.840.1.113883.2.4.6.6.90000258.4.1"/>
                        <code code="03" codeSystem="2.16.840.1.113883.2.4.4.30.14" codeSystemName="Soort contact" displayName="consult"/>
                        <effectiveTime>
                            <low value="201702261140"/>
                            <high value="201702261145"/>
                        </effectiveTime>
                        <author contextControlCode="OP">
                            <AssignedPerson>
                                <id extension="00098765" root="2.16.840.1.113883.2.4.6.1"/>
                                <id extension="900014719" root="2.16.528.1.1007.3.1"/>
                                <code code="01.015" codeSystem="2.16.840.1.113883.2.4.15.111" displayName="Huisarts"/>
                                <Organization>
                                    <id extension="90000388" root="2.16.528.1.1007.3.3"/>
                                    <name>Tést Zorginstelling 09</name>
                                    <telecom use="WP" value="tel:+31434073576"/>
                                    <addr use="WP">
                                        <streetName>Valkendael 45</streetName>
                                        <postalCode>6245 HK</postalCode>
                                        <city>Maastricht</city>
                                        <country>Nederland</country>
                                    </addr>
                                </Organization>
                            </AssignedPerson>
                        </author>
                        <component contextConductionInd="true">
                            <sequenceNumber value="1"/>
                            <JournalEntry>
                                <id extension="5846" root="2.16.840.1.113883.2.4.6.6.90000258.4.2.1"/>
                                <code code="S" codeSystem="2.16.840.1.113883.2.4.4.32.2" codeSystemName="Journaalregeltypen" displayName="S"/>
                                <value>Ruim een maand geleden ook al, ging toen vanzelf weg. Had de afgelopen dagen wel lichte verhoging, iets boven de 38.</value>
                            </JournalEntry>
                        </component>
                        <component contextConductionInd="true">
                            <sequenceNumber value="1"/>
                            <JournalEntry>
                                <id extension="5846" root="2.16.840.1.113883.2.4.6.6.90000258.4.2.2"/>
                                <code code="O" codeSystem="2.16.840.1.113883.2.4.4.32.2" codeSystemName="Journaalregeltypen" displayName="O"/>
                                <value>geen koorts, niet ziek. Keel: gb.</value>
                            </JournalEntry>
                        </component>
                        <component contextConductionInd="true">
                            <sequenceNumber value="1"/>
                            <JournalEntry>
                                <id extension="5846" root="2.16.840.1.113883.2.4.6.6.90000258.4.2.3"/>
                                <code code="E" codeSystem="2.16.840.1.113883.2.4.4.32.2" codeSystemName="Journaalregeltypen" displayName="E"/>
                                <value>Keelpijn eci.</value>
                            </JournalEntry>
                        </component>
                        <component contextConductionInd="true">
                            <sequenceNumber value="1"/>
                            <JournalEntry>
                                <id extension="5846" root="2.16.840.1.113883.2.4.6.6.90000258.4.2.4"/>
                                <code code="P" codeSystem="2.16.840.1.113883.2.4.4.32.2" codeSystemName="Journaalregeltypen" displayName="P"/>
                                <value>Afwachten, zn. Medicatie is nog beschikbaar.</value>
                            </JournalEntry>
                        </component>
                        <component contextConductionInd="true">
                            <sequenceNumber value="1"/>
                            <ObservationDx>
                                <id extension="5846" root="2.16.840.1.113883.2.4.6.6.90000258.4.3"/>
                                <code code="DISDX" codeSystem="2.16.840.1.113883.5.4"/>
                                <value code="R21.01" codeSystem="2.16.840.1.113883.2.4.4.31.1" codeSystemName="ICPC-1-NL" displayName="Keelpijn"/>
                                <author>
                                    <AssignedPerson>
                                        <id extension="00098765" root="2.16.840.1.113883.2.4.6.1"/>
                                        <id extension="900014719" root="2.16.528.1.1007.3.1"/>
                                    </AssignedPerson>
                                </author>
                            </ObservationDx>
                        </component>
                    </encounter>
                </component1>
                <component1>
                    <encounter>
                        <id extension="5847" root="2.16.840.1.113883.2.4.6.6.90000258.4.1"/>
                        <code code="03" codeSystem="2.16.840.1.113883.2.4.4.30.14" codeSystemName="Soort contact" displayName="consult"/>
                        <effectiveTime>
                            <low value="201702211204"/>
                            <high value="201702211207"/>
                        </effectiveTime>
                        <author contextControlCode="OP">
                            <AssignedPerson>
                                <id extension="00098765" root="2.16.840.1.113883.2.4.6.1"/>
                                <id extension="900014719" root="2.16.528.1.1007.3.1"/>
                                <code code="01.015" codeSystem="2.16.840.1.113883.2.4.15.111" displayName="Huisarts"/>
                                <Organization>
                                    <id extension="90000388" root="2.16.528.1.1007.3.3"/>
                                    <name>Tést Zorginstelling 09</name>
                                    <telecom use="WP" value="tel:+31434073576"/>
                                    <addr use="WP">
                                        <streetName>Valkendael 45</streetName>
                                        <postalCode>6245 HK</postalCode>
                                        <city>Maastricht</city>
                                        <country>Nederland</country>
                                    </addr>
                                </Organization>
                            </AssignedPerson>
                        </author>
                        <component contextConductionInd="true">
                            <sequenceNumber value="1"/>
                            <JournalEntry>
                                <id extension="5847" root="2.16.840.1.113883.2.4.6.6.90000258.4.2.1"/>
                                <code code="S" codeSystem="2.16.840.1.113883.2.4.4.32.2" codeSystemName="Journaalregeltypen" displayName="S"/>
                                <value>pijn onderrug re, geen uitstraling of hoofdpijn.</value>
                            </JournalEntry>
                        </component>
                        <component contextConductionInd="true">
                            <sequenceNumber value="1"/>
                            <JournalEntry>
                                <id extension="5847" root="2.16.840.1.113883.2.4.6.6.90000258.4.2.3"/>
                                <code code="E" codeSystem="2.16.840.1.113883.2.4.4.32.2" codeSystemName="Journaalregeltypen" displayName="E"/>
                                <value>lage rugpijn</value>
                            </JournalEntry>
                        </component>
                        <component contextConductionInd="true">
                            <sequenceNumber value="1"/>
                            <ObservationDx>
                                <id extension="5847" root="2.16.840.1.113883.2.4.6.6.90000258.4.3"/>
                                <code code="DISDX" codeSystem="2.16.840.1.113883.5.4"/>
                                <value code="L03" codeSystem="2.16.840.1.113883.2.4.4.31.1" codeSystemName="ICPC-1-NL" displayName="Lage-rugpijn zonder uitstraling [ex. L86]"/>
                                <author>
                                    <AssignedPerson>
                                        <id extension="00098765" root="2.16.840.1.113883.2.4.6.1"/>
                                        <id extension="900014719" root="2.16.528.1.1007.3.1"/>
                                    </AssignedPerson>
                                </author>
                            </ObservationDx>
                        </component>
                    </encounter>
                </component1>
                <component1>
                    <encounter>
                        <id extension="5888" root="2.16.840.1.113883.2.4.6.6.90000258.4.1"/>
                        <code code="03" codeSystem="2.16.840.1.113883.2.4.4.30.14" codeSystemName="Soort contact" displayName="consult"/>
                        <effectiveTime>
                            <low value="201705101000"/>
                            <high value="201705101015"/>
                        </effectiveTime>
                        <author contextControlCode="OP">
                            <AssignedPerson>
                                <id extension="00098765" root="2.16.840.1.113883.2.4.6.1"/>
                                <id extension="900014719" root="2.16.528.1.1007.3.1"/>
                                <code code="01.015" codeSystem="2.16.840.1.113883.2.4.15.111" displayName="Huisarts"/>
                                <Organization>
                                    <id extension="90000388" root="2.16.528.1.1007.3.3"/>
                                    <name>Tést Zorginstelling 09</name>
                                    <telecom use="WP" value="tel:+31434073576"/>
                                    <addr use="WP">
                                        <streetName>Valkendael 45</streetName>
                                        <postalCode>6245 HK</postalCode>
                                        <city>Maastricht</city>
                                        <country>Nederland</country>
                                    </addr>
                                </Organization>
                            </AssignedPerson>
                        </author>
                        <component contextConductionInd="true">
                            <sequenceNumber value="6"/>
                            <JournalEntry>
                                <id extension="5888" root="2.16.840.1.113883.2.4.6.6.90000258.4.2.1"/>
                                <code code="S" codeSystem="2.16.840.1.113883.2.4.4.32.2" codeSystemName="Journaalregeltypen" displayName="S"/>
                                <value>Hondenbeet. Tetanus 20 jr. geleden.</value>
                            </JournalEntry>
                        </component>
                        <component contextConductionInd="true">
                            <sequenceNumber value="6"/>
                            <JournalEntry>
                                <id extension="5888" root="2.16.840.1.113883.2.4.6.6.90000258.4.2.2"/>
                                <code code="O" codeSystem="2.16.840.1.113883.2.4.4.32.2" codeSystemName="Journaalregeltypen" displayName="O"/>
                                <value>Matig diepe open wond, bloedend. Aanapssing door CT</value>
                            </JournalEntry>
                        </component>
                        <component contextConductionInd="true">
                            <sequenceNumber value="6"/>
                            <JournalEntry>
                                <id extension="5888" root="2.16.840.1.113883.2.4.6.6.90000258.4.2.3"/>
                                <code code="E" codeSystem="2.16.840.1.113883.2.4.4.32.2" codeSystemName="Journaalregeltypen" displayName="E"/>
                                <value>Hondenbeet.</value>
                            </JournalEntry>
                        </component>
                        <component contextConductionInd="true">
                            <sequenceNumber value="6"/>
                            <JournalEntry>
                                <id extension="5888" root="2.16.840.1.113883.2.4.6.6.90000258.4.2.4"/>
                                <code code="P" codeSystem="2.16.840.1.113883.2.4.4.32.2" codeSystemName="Journaalregeltypen" displayName="P"/>
                                <value>Wondtoilet uitgevoerd. Maandag controle eigen huisarts. Instructies gegeven.</value>
                            </JournalEntry>
                        </component>
                        <component contextConductionInd="true">
                            <sequenceNumber value="6"/>
                            <ObservationDx>
                                <id extension="5888" root="2.16.840.1.113883.2.4.6.6.90000258.4.3"/>
                                <code code="DISDX" codeSystem="2.16.840.1.113883.5.4"/>
                                <value code="S13" codeSystem="2.16.840.1.113883.2.4.4.31.1" codeSystemName="ICPC-1-NL" displayName="Beet mens/dier"/>
                                <author>
                                    <AssignedPerson>
                                        <id extension="00098765" root="2.16.840.1.113883.2.4.6.1"/>
                                        <id extension="900014719" root="2.16.528.1.1007.3.1"/>
                                    </AssignedPerson>
                                </author>
                            </ObservationDx>
                        </component>
                    </encounter>
                </component1>
                <component1>
                    <encounter>
                        <id root="2.16.528.1.1007.3.3.2222.3" extension="101"/>
                        <code code="03" codeSystem="2.16.840.1.113883.2.4.4.30.14" codeSystemName="soort contact"
                            displayName="Consult"/>
                        <effectiveTime>
                            <low value="200410081930"/>
                            <high value="200410081938"/>
                        </effectiveTime>
                        <author contextControlCode="OP">
                            <AssignedPerson>
                                <!--Vektis nummer huisarts-->
                                <id root="2.16.840.1.113883.2.4.6.1" extension="01638767"/>
                                <!--UZI -->
                                <id root="2.16.528.1.1007.3.1" extension="000002222"/>
                                <assignedPerson>
                                    <name>
                                        <prefix qualifier="AC">Dr.</prefix>
                                        <given>Koos</given>
                                        <family qualifier="BR">Jansma</family>
                                    </name>
                                </assignedPerson>
                                <Organization>
                                    <!--Vektis nummer praktijk-->
                                    <id root="2.16.840.1.113883.2.4.6.1" extension="01073652"/>
                                    <name>Gezondheidscentrum Amby</name>
                                    <telecom use="WP" value="tel:+31434074765"/>
                                    <addr use="WP">
                                        <streetName>Dorpstraat</streetName>
                                        <houseNumber>35</houseNumber>
                                        <postalCode>6234 GH</postalCode>
                                        <city>Maastricht</city>
                                    </addr>
                                </Organization>
                            </AssignedPerson>
                        </author>
                        <component contextConductionInd="true">
                            <sequenceNumber value="1"/>
                            <JournalEntry>
                                <id root="2.16.528.1.1007.3.3.2222.4" extension="101"/>
                                <code code="S" codeSystem="2.16.840.1.113883.2.4.4.32.2" displayName="Subjectief"/>
                                <value>hondebeet</value>
                            </JournalEntry>
                        </component>
                        <component contextConductionInd="true">
                            <sequenceNumber value="1"/>
                            <JournalEntry>
                                <id root="2.16.528.1.1007.3.3.2222.4" extension="102"/>
                                <code code="O" codeSystem="2.16.840.1.113883.2.4.4.32.2" displayName="Objectief"/>
                                <value>matig diepe open wond,bloedend</value>
                            </JournalEntry>
                        </component>
                        <component contextConductionInd="true">
                            <sequenceNumber value="1"/>
                            <JournalEntry>
                                <id root="2.16.528.1.1007.3.3.2222.4" extension="103"/>
                                <code code="E" codeSystem="2.16.840.1.113883.2.4.4.32.2" displayName="Evaluatie"/>
                                <value>Hondebeet</value>
                            </JournalEntry>
                        </component>
                        <component contextConductionInd="true">
                            <sequenceNumber value="1"/>
                            <ObservationDx>
                                <id root="2.16.528.1.1007.3.3.2222.5" extension="101"/>
                                <code code="DISDX" codeSystem="2.16.840.1.113883.5.4"/>
                                <!--<text mediaType="text/plain">Hondebeet</text>-->
                                <value code="S13" codeSystem="2.16.840.1.113883.2.4.4.31.1"
                                    codeSystemName="ICPC-1-2000NL" displayName="BEET MENS/DIER"/>
                            </ObservationDx>
                        </component>
                        <component contextConductionInd="true">
                            <sequenceNumber value="1"/>
                            <Prescription>
                                <id extension="101" root="2.16.528.1.1007.3.3.2222.6"/>
                                <statusCode code="active"/>
                                <author>
                                    <time value="20041009"/>
                                    <AssignedPerson>
                                        <id root="2.16.528.1.1007.3.1" extension="000002222"/>
                                        <assignee>
                                            <assigneePerson>
                                                <name>Jansma</name>
                                            </assigneePerson>
                                        </assignee>
                                    </AssignedPerson>
                                </author>
                                <directTarget>
                                    <prescribedMedication>
                                        <MedicationKind>
                                            <code code="22179" codeSystem="2.16.840.1.113883.2.4.4.1"
                                                codeSystemName="G-Standaard GPK"
                                                displayName="doxycycline 100mg tablet"/>
                                        </MedicationKind>
                                        <productOf>
                                            <medicationDispenseRequest>
                                                <statusCode nullFlavor="NA"/>
                                                <quantity value="28" unit="1"><translation code="245" codeSystem="2.16.840.1.113883.2.4.4.1.900.2" displayName="Stuk" value="28"/></quantity>
                                            </medicationDispenseRequest>
                                        </productOf>
                                        <therapeuticAgentOf>
                                            <medicationAdministrationRequest>
                                                <id extension="30002011" root="2.16.840.1.113883.2.4.6.2.451.1.9.1"/>
                                                <text mediaType="text/plain">2 maal per dag 1 tablet</text>
                                                <statusCode code="active"/>
                                                <effectiveTime xsi:type="SXPR_TS">
                                                    <comp xsi:type="IVL_TS">
                                                        <low value="20041009"/>
                                                        <high value="20041023"/>
                                                    </comp>
                                                    <comp xsi:type="PIVL_TS" operator="A">
                                                        <period value="0.5" unit="d"/>
                                                    </comp>
                                                </effectiveTime>
                                            </medicationAdministrationRequest>
                                        </therapeuticAgentOf>
                                    </prescribedMedication>
                                </directTarget>
                            </Prescription>
                        </component>
                        <component contextConductionInd="true">
                            <sequenceNumber value="1"/>
                            <Prescription>
                                <id extension="102" root="2.16.528.1.1007.3.3.2222.6"/>
                                <statusCode code="active"/>
                                <author>
                                    <time value="20041008"/>
                                    <AssignedPerson>
                                        <id root="2.16.528.1.1007.3.1" extension="000002222"/>
                                        <assignee>
                                            <assigneePerson>
                                                <name>Jansma</name>
                                            </assigneePerson>
                                        </assignee>
                                    </AssignedPerson>
                                </author>
                                <directTarget>
                                    <prescribedMedication>
                                        <MedicationKind>
                                            <code code="66311" codeSystem="2.16.840.1.113883.2.4.4.1"
                                                codeSystemName="G-Standaard GPK"
                                                displayName="TETANUSIMMUNOGLOBULINE INJVLST 125IE/ML"
                                            />
                                        </MedicationKind>
                                        <therapeuticAgentOf>
                                            <medicationAdministrationRequest>
                                                <id extension="30002011" root="2.16.840.1.113883.2.4.6.2.451.1.9.1"/>
                                                <text mediaType="text/plain">Aan de huisarts afgeven</text>
                                                <statusCode code="active"/>
                                                <effectiveTime xsi:type="IVL_TS">
                                                    <low value="200410080000"/>
                                                    <high value="200410082359"/>
                                                </effectiveTime>
                                            </medicationAdministrationRequest>
                                        </therapeuticAgentOf>
                                    </prescribedMedication>
                                </directTarget>
                            </Prescription>
                        </component>
                    </encounter>
                </component1>
                <component2>
                    <observation classCode="OBS" moodCode="EVN">
                        <code code="74018-3" codeSystem="2.16.840.1.113883.6.1" codeSystemName="LOINC" displayName="Alert"/>
                        <statusCode code="completed"/>
                        <sourceOf contextConductionInd="true" typeCode="REFR">
                            <act classCode="ACT" moodCode="EVN">
                                <id extension="525" root="2.16.840.1.113883.2.4.6.6.90000258.4.6"/>
                                <code code="CONC" codeSystem="2.16.840.1.113883.5.6" codeSystemName="HL7ActClass" displayName="Concern"/>
                            </act>
                        </sourceOf>
                    </observation>
                </component2>
                <component2>
                    <observation classCode="OBS" moodCode="EVN">
                        <code code="74018-3" codeSystem="2.16.840.1.113883.6.1" codeSystemName="LOINC" displayName="Alert"/>
                        <statusCode code="completed"/>
                        <sourceOf contextConductionInd="true" typeCode="REFR">
                            <act classCode="ACT" moodCode="EVN">
                                <id extension="531" root="2.16.840.1.113883.2.4.6.6.90000258.4.6"/>
                                <code code="CONC" codeSystem="2.16.840.1.113883.5.6" codeSystemName="HL7ActClass" displayName="Concern"/>
                            </act>
                        </sourceOf>
                    </observation>
                </component2>
                <component2>
                    <observation classCode="OBS" moodCode="EVN">
                        <id extension="5330" root="2.16.840.1.113883.2.4.6.6.90000258.4.7"/>
                        <code code="1915" codeSystem="2.16.840.1.113883.2.4.4.30.45" codeSystemName="Codes diagnostische bepalingen" codeSystemVersion="v26" displayName="temperatuur patiënt (oraal gemeten)"/>
                        <effectiveTime xmlns:xsi="http://www.w3.org/2001/XMLSchema-instance" value="20170226000000" xsi:type="IVL_TS"/>
                        <value xmlns:xsi="http://www.w3.org/2001/XMLSchema-instance" unit="Cel" value="37.3" xsi:type="PQ"/>
                    </observation>
                </component2>
                <component2>
                    <observation classCode="OBS" moodCode="EVN" nullFlavor="UNK">
                        <id extension="5331" root="2.16.840.1.113883.2.4.6.6.90000258.4.7"/>
                        <code code="1334" codeSystem="2.16.840.1.113883.2.4.4.30.45" codeSystemName="Codes diagnostische bepalingen" codeSystemVersion="v26" displayName="kweek keel"/>
                        <effectiveTime xmlns:xsi="http://www.w3.org/2001/XMLSchema-instance" value="20170323000000" xsi:type="IVL_TS"/>
                    </observation>
                </component2>
                <component2>
                    <observation classCode="OBS" moodCode="EVN">
                        <id extension="5332" root="2.16.840.1.113883.2.4.6.6.90000258.4.7"/>
                        <code code="1915" codeSystem="2.16.840.1.113883.2.4.4.30.45" codeSystemName="Codes diagnostische bepalingen" codeSystemVersion="v26" displayName="temperatuur patiënt (oraal gemeten)"/>
                        <effectiveTime xmlns:xsi="http://www.w3.org/2001/XMLSchema-instance" value="20170323000000" xsi:type="IVL_TS"/>
                        <value xmlns:xsi="http://www.w3.org/2001/XMLSchema-instance" unit="Cel" value="37.7" xsi:type="PQ"/>
                    </observation>
                </component2>
                <component2>
                    <observation classCode="OBS" moodCode="EVN">
                        <id extension="5333" root="2.16.840.1.113883.2.4.6.6.90000258.4.7"/>
                        <code code="3208" codeSystem="2.16.840.1.113883.2.4.4.30.45" codeSystemName="Codes diagnostische bepalingen" codeSystemVersion="v26" displayName="glucose nuchter, art/cap (lab)"/>
                        <effectiveTime xmlns:xsi="http://www.w3.org/2001/XMLSchema-instance" value="20170402000000" xsi:type="IVL_TS"/>
                        <value xmlns:xsi="http://www.w3.org/2001/XMLSchema-instance" unit="mmol/L" value="5.4" xsi:type="PQ"/>
                    </observation>
                </component2>
                <component2>
                    <observation classCode="OBS" moodCode="EVN">
                        <id extension="5334" root="2.16.840.1.113883.2.4.6.6.90000258.4.7"/>
                        <code code="2283" codeSystem="2.16.840.1.113883.2.4.4.30.45" codeSystemName="Codes diagnostische bepalingen" codeSystemVersion="v26" displayName="CT-onderrug/lumbale wervelkolom"/>
                        <effectiveTime xmlns:xsi="http://www.w3.org/2001/XMLSchema-instance" value="20170502000000" xsi:type="IVL_TS"/>
                        <value xmlns:xsi="http://www.w3.org/2001/XMLSchema-instance" xsi:type="ST">Duidelijke uitstulping. L0</value>
                    </observation>
                </component2>
                <component2>
                    <observation classCode="OBS" moodCode="EVN">
                        <id extension="5335" root="2.16.840.1.113883.2.4.6.6.90000258.4.7"/>
                        <code code="1913" codeSystem="2.16.840.1.113883.2.4.4.30.45" codeSystemName="Codes diagnostische bepalingen" codeSystemVersion="v26" displayName="temperatuur patiënt (in oor gemeten)"/>
                        <effectiveTime xmlns:xsi="http://www.w3.org/2001/XMLSchema-instance" value="20170502000000" xsi:type="IVL_TS"/>
                        <value xmlns:xsi="http://www.w3.org/2001/XMLSchema-instance" unit="Cel" value="37.4" xsi:type="PQ"/>
                    </observation>
                </component2>
                <component2>
                    <observation classCode="OBS" moodCode="EVN">
                        <templateId root="2.16.840.1.113883.2.4.3.11.60.66.10.203"/>
                        <id extension="0076895252" root="2.16.528.1.1007.3.3.1234567.1.1"/>
                        <code code="193" displayName="creatine kinase (CK, CPK)" codeSystem="2.16.840.1.113883.2.4.4.30.45" codeSystemName="NHG Labcodes" codeSystemVersion="20"/>
                        <statusCode code="completed"/>
                        <effectiveTime value="20140430"/>
                        <value xsi:type="PQ" value="83" unit="umol/L"/>
                        <interpretationCode code="L" displayName="Low" codeSystem="2.16.840.1.113883.5.83" codeSystemName="HL7 ObservationInterpretation"/>
                        <referenceRange typeCode="REFV">
                            <observationRange classCode="OBS" moodCode="EVN.CRT">
                                <value xsi:type="IVL_PQ">
                                    <low value="60" unit="umol/L"/>
                                    <high value="120" unit="umol/L"/>
                                </value>
                                <interpretationCode code="N" displayName="Normal" codeSystem="2.16.840.1.113883.5.83" codeSystemName="HL7 ObservationInterpretation"/>
                            </observationRange>
                        </referenceRange>
                    </observation>
                </component2>
                <component3 contextConductionInd="true">
                    <ContraIndication>
                        <id extension="43284" root="2.16.840.1.113883.2.4.6.6.90000258.4.8"/>
                        <code code="CI" codeSystem="2.16.840.1.113883.5.4"/>
                        <text>VERKEERSDEELNAME</text>
                        <effectiveTime>
                            <low value="20161130"/>
                        </effectiveTime>
                        <value code="219" codeSystem="2.16.840.1.113883.2.4.4.1.902.40" codeSystemName="G-Standaard Thesaurus 40" displayName="VERKEERSDEELNAME"/>
                    </ContraIndication>
                </component3>
                <component3 contextConductionInd="true">
                    <ContraIndication>
                        <id extension="43293" root="2.16.840.1.113883.2.4.6.6.90000258.4.8"/>
                        <code code="CI" codeSystem="2.16.840.1.113883.5.4"/>
                        <text>ASTMA</text>
                        <effectiveTime>
                            <low value="20161130"/>
                        </effectiveTime>
                        <value code="1347" codeSystem="2.16.840.1.113883.2.4.4.1.902.40" codeSystemName="G-Standaard Thesaurus 40" displayName="ASTMA"/>
                    </ContraIndication>
                </component3>
                <component4 contextConductionInd="true">
                    <ObservationIntolerance negationInd="false">
                        <id extension="72" root="2.16.840.1.113883.2.4.6.6.90000258.4.9"/>
                        <code code="INTLRNC" codeSystem="2.16.840.1.113883.5.4"/>
                        <text>Forse reactie op fenoxymethylpenicilline kal GF dispers 250 MG</text>
                        <statusCode code="completed"/>
                        <effectiveTime>
                            <low value="20161130"/>
                        </effectiveTime>
                        <value code="35" codeSystem="2.16.840.1.113883.2.4.4.1.902.122" codeSystemName="G-standaard Ongewenste medicatiegroepen" displayName="PENICILLINES"/>
                    </ObservationIntolerance>
                </component4>
                <pertinentInformation>
                    <pertinentAnnotationObsEvent>
                        <code code="ATT" codeSystem="2.16.840.1.113883.5.4" displayName="attentie"/>
                        <text>Patient onderschat eigen ziek zijn vaak.</text>
                        <effectiveTime>
                            <low value="20170618"/>
                        </effectiveTime>
                    </pertinentAnnotationObsEvent>
                </pertinentInformation>
            </PrimaryCareProvision>
        </subject>
        <queryAck>
            <queryId extension="e8234e16-cfb8-42fd-abd6-e6aa7d878181" root="2.16.840.1.113883.2.4.6.6.1.1"/>
            <queryResponseCode code="OK"/>
            <resultTotalQuantity value="1"/>
            <resultCurrentQuantity value="1"/>
            <resultRemainingQuantity value="0"/>
        </queryAck>
    </ControlActProcess>
</QUPC_IN990002NL>
