<?xml version="1.0" encoding="UTF-8"?>
<Observation xmlns="http://hl7.org/fhir">
   <id value="2f6247b1-0192-11ec-8555-020000000000"/>
   <meta>
      <profile value="http://fhir.nl/fhir/StructureDefinition/nl-core-observation"/>
      <profile value="http://nictiz.nl/fhir/StructureDefinition/bc-PregnancyObservation"/>
   </meta>
   <extension url="http://nictiz.nl/fhir/StructureDefinition/Observation-focusSTU3">
      <valueReference>
         <reference value="Condition/2f6247a8-0192-11ec-8555-020000000000"/>
         <display value="Zwangerschap 1 Vrouw1"/>
      </valueReference>
   </extension>
   <status value="final"/>
   <code>
      <coding>
         <system value="2.16.840.1.113883.6.96"/>
         <code value="147781000146105"/>
         <display value="definitieve uitgerekende datum van partus (waarneembare entiteit)"/>
      </coding>
   </code>
   <subject>
      <reference value="Patient/HANNAHXXX-KOOIJ"/>
      <display value="Hanna H XXX_Kooij"/>
   </subject>
   <context>
      <identifier>
         <value value="1"/>
      </identifier>
   </context>
   <effectiveDateTime value="${DATE, T, D, -587}"/>
   <valueDateTime value="${DATE, T, D, -587}"/>
   <method>
      <coding>
         <system value="2.16.840.1.113883.6.96"/>
         <code value="225308005"/>
         <display value="observatie (regime/therapie)"/>
      </coding>
   </method>
</Observation>
