<?xml version="1.0" encoding="UTF-8"?>
<Patient xmlns="http://hl7.org/fhir">
   <id value="2f624777-0192-11ec-8555-020000000000"/>
   <meta>
      <profile value="http://fhir.nl/fhir/StructureDefinition/nl-core-patient"/>
   </meta>
   <text>
      <status value="generated"/>
      <div xmlns="http://www.w3.org/1999/xhtml">
         <div>Helen H.I. XXX_Kooij, Vrouw, ${DATE, T, D, -587}</div>
         <div>Knolweg 1002, 9999ZZ STITSWERD ()</div>
      </div>
   </text>
   <name>
      <extension url="http://hl7.org/fhir/StructureDefinition/humanname-assembly-order">
         <valueCode value="NL1"/>
      </extension>
      <family value="XXX_Kooij">
         <extension url="http://hl7.org/fhir/StructureDefinition/humanname-own-name">
            <valueString value="XXX_Kooij"/>
         </extension>
      </family>
      <given value="Helen">
         <extension url="http://hl7.org/fhir/StructureDefinition/iso21090-EN-qualifier">
            <valueCode value="BR"/>
         </extension>
      </given>
      <given value="H.I.">
         <extension url="http://hl7.org/fhir/StructureDefinition/iso21090-EN-qualifier">
            <valueCode value="IN"/>
         </extension>
      </given>
   </name>
   <gender value="female"/>
   <birthDate value="${DATE, T, D, -587}"/>
   <address>
      <line value="Knolweg 1002">
         <extension url="http://hl7.org/fhir/StructureDefinition/iso21090-ADXP-streetName">
            <valueString value="Knolweg"/>
         </extension>
         <extension url="http://hl7.org/fhir/StructureDefinition/iso21090-ADXP-houseNumber">
            <valueString value="1002"/>
         </extension>
      </line>
      <city value="STITSWERD"/>
      <postalCode value="9999ZZ"/>
   </address>
   <multipleBirthBoolean value="false"/>
</Patient>
