<?xml version="1.0" encoding="UTF-8"?>
<Observation xmlns="http://hl7.org/fhir">
   <id value="2f6247c5-0192-11ec-8555-020000000000"/>
   <meta>
      <profile value="http://fhir.nl/fhir/StructureDefinition/nl-core-observation"/>
      <profile value="http://nictiz.nl/fhir/StructureDefinition/bc-DeliveryObservation"/>
   </meta>
   <extension url="http://nictiz.nl/fhir/StructureDefinition/Observation-focusSTU3">
      <valueReference>
         <reference value="Procedure/2f6247b3-0192-11ec-8555-020000000000"/>
         <display value="bevalling zwangerschap 1 Vrouw1"/>
      </valueReference>
   </extension>
   <status value="final"/>
   <code>
      <coding>
         <system value="2.16.840.1.113883.6.96"/>
         <code value="118861000146102"/>
         <display value="aantal geboren kinderen uit zwangerschap (waarneembare entiteit)"/>
      </coding>
   </code>
   <subject>
      <reference value="Patient/HANNAHXXX-KOOIJ"/>
      <display value="Hanna H XXX_Kooij"/>
   </subject>
   <effectiveDateTime value="${DATE, T, D, -587}T12:04:00+02:00"/>
   <valueQuantity>
      <value value="1"/>
   </valueQuantity>
</Observation>
