<?xml version="1.0" encoding="UTF-8"?>
<Observation xmlns="http://hl7.org/fhir">
   <id value="2f624cfd-0192-11ec-8555-020000000000"/>
   <meta>
      <profile value="http://fhir.nl/fhir/StructureDefinition/nl-core-observation"/>
      <profile value="http://nictiz.nl/fhir/StructureDefinition/zib-ApgarScore"/>
   </meta>
   <status value="final"/>
   <code>
      <coding>
         <system value="2.16.840.1.113883.6.1"/>
         <code value="9272-6"/>
         <display value="1 minute Apgar Score"/>
      </coding>
   </code>
   <subject>
      <reference value="Patient/2f624777-0192-11ec-8555-020000000000"/>
      <display value="Helen H.I. XXX_Kooij"/>
   </subject>
   <effectiveDateTime value="${DATE, T, D, -587}T12:09:00+02:00"/>
   <valueQuantity>
      <value value="8"/>
   </valueQuantity>
</Observation>
