<?xml version="1.0" encoding="UTF-8"?>
<Condition xmlns="http://hl7.org/fhir">
   <id value="2f6247a8-0192-11ec-8555-020000000000"/>
   <meta>
      <profile value="http://nictiz.nl/fhir/StructureDefinition/zib-Pregnancy"/>
   </meta>
   <clinicalStatus value="active"/>
   <code>
      <coding>
         <system value="http://snomed.info/sct"/>
         <code value="364320009"/>
         <display value="Pregnancy observable (observable entity)"/>
      </coding>
   </code>
   <subject>
      <reference value="Patient/HANNAHXXX-KOOIJ"/>
      <display value="Hanna H XXX_Kooij"/>
   </subject>
   <context>
      <identifier>
         <value value="1"/>
      </identifier>
   </context>
</Condition>
