<?xml version="1.0" encoding="UTF-8"?>
<Procedure xmlns="http://hl7.org/fhir">
   <id value="2f6247b3-0192-11ec-8555-020000000000"/>
   <meta>
      <profile value="http://nictiz.nl/fhir/StructureDefinition/zib-Procedure"/>
      <profile value="http://nictiz.nl/fhir/StructureDefinition/bc-DeliveryProcedure"/>
   </meta>
   <identifier>
      <value value="1"/>
   </identifier>
   <status value="completed"/>
   <category>
      <coding>
         <system value="http://snomed.info/sct"/>
         <code value="386637004"/>
         <display value="Obstetric procedure (procedure)"/>
      </coding>
   </category>
   <code>
      <coding>
         <system value="2.16.840.1.113883.6.96"/>
         <code value="236973005"/>
         <display value="verlossing (verrichting)"/>
      </coding>
   </code>
   <subject>
      <reference value="Patient/HANNAHXXX-KOOIJ"/>
      <display value="Hanna H XXX_Kooij"/>
   </subject>
   <reasonReference>
      <reference value="Condition/2f6247a8-0192-11ec-8555-020000000000"/>
      <display value="Zwangerschap 1 Vrouw1"/>
   </reasonReference>
</Procedure>
