<?xml version="1.0" encoding="UTF-8"?>
<Observation xmlns="http://hl7.org/fhir">
   <id value="2f6247bd-0192-11ec-8555-020000000000"/>
   <meta>
      <profile value="http://fhir.nl/fhir/StructureDefinition/nl-core-observation"/>
      <profile value="http://nictiz.nl/fhir/StructureDefinition/bc-DeliveryObservation"/>
   </meta>
   <extension url="http://nictiz.nl/fhir/StructureDefinition/Observation-focusSTU3">
      <valueReference>
         <reference value="Procedure/2f6247b3-0192-11ec-8555-020000000000"/>
         <display value="bevalling zwangerschap 1 Vrouw1"/>
      </valueReference>
   </extension>
   <status value="final"/>
   <code>
      <coding>
         <system value=""/>
         <code value=""/>
         <display value=""/>
      </coding>
   </code>
   <subject>
      <reference value="Patient/HANNAHXXX-KOOIJ"/>
      <display value="Hanna H XXX_Kooij"/>
   </subject>
   <effectiveDateTime value="${DATE, T, D, -586}T23:50:00+02:00"/>
   <valueCodeableConcept>
      <coding>
         <system value="http://snomed.info/sct"/>
         <code value="169734005"/>
         <display value="spontaan breken van vliezen (bevinding)"/>
      </coding>
   </valueCodeableConcept>
   <method>
      <coding>
         <system value="2.16.840.1.113883.6.96"/>
         <code value="418799008"/>
         <display value="symptoom gerapporteerd door patiënt of andere bron van voorgeschiedenis (bevinding)"/>
      </coding>
   </method>
</Observation>
