<?xml version="1.0" encoding="UTF-8"?>
<Procedure xmlns="http://hl7.org/fhir">
   <id value="2f624ce0-0192-11ec-8555-020000000000"/>
   <meta>
      <profile value="http://nictiz.nl/fhir/StructureDefinition/zib-Procedure"/>
      <profile value="http://nictiz.nl/fhir/StructureDefinition/bc-ObstetricProcedure"/>
   </meta>
   <partOf>
      <reference value="Procedure/2f6247b3-0192-11ec-8555-020000000000"/>
      <display value="bevalling zwangerschap 1 Vrouw1"/>
   </partOf>
   <partOf>
      <identifier/>
   </partOf>
   <status value="completed"/>
   <category>
      <coding>
         <system value="http://snomed.info/sct"/>
         <code value="386637004"/>
         <display value="Obstetric procedure (procedure)"/>
      </coding>
   </category>
   <code>
      <coding>
         <system value="2.16.840.1.113883.5.1008"/>
         <code value="OTH"/>
         <display value="overig"/>
      </coding>
      <text value="episiotomie"/>
   </code>
   <subject>
      <reference value="Patient/HANNAHXXX-KOOIJ"/>
      <display value="Hanna H XXX_Kooij"/>
   </subject>
   <performedPeriod>
      <start value="${DATE, T, D, -587}T12:04:00+02:00"/>
   </performedPeriod>
   <reasonReference>
      <reference value="Condition/2f624cdc-0192-11ec-8555-020000000000"/>
      <display value="probleem kindspecifieke maternale problemenVrouw1"/>
   </reasonReference>
</Procedure>
